-7.27045504590674,0.281756789452136,0.338248901479669,1.52866913360351,0.0538792137323418,-0.398730515890607,-0.343271910826692,0.155641033547672,-0.615824701966,0.566742824610461,-1.09166293332168
1.56754380267131,-6.18353269181519,0.523498071541495,-0.88508291707004,-0.623835999188627,-1.0098200002928,1.68193097362134,-1.13697249529375,-0.114797472388464,-1.29675339272055,0.866470958996971
2.40871919006802,-3.35771782195219,3.37782600334887,-2.17469432842894,0.0588133767035064,-1.36194310416411,0.428987175503884,0.486742683187896,0.0201282538437735,-0.356553830762445,-2.70516691666558
-4.37937268496982,2.6637722073304,-0.117707390153786,0.0265305535477473,0.603037215497528,-0.344755592340307,-0.0623537888131285,-0.0432760570522074,-0.519739220266831,0.0938005213670227,0.229240547313926
-2.2255518387898,1.32619457962786,2.11831114761746,0.550667929712101,-0.25090698055404,-0.671469028386598,0.459563251279049,0.375276066927499,-0.197776516003287,0.436517890453936,0.812033612296886
-12.3770676776229,-3.31492528008766,0.909295753497849,4.72843709846019,1.5673798749737,-6.4472901742737,1.67551659672231,-1.76916891812403,-0.386850726135893,1.89314528204709,1.1835339266244
-5.54959054708271,-1.39559165629175,-0.14517536123561,1.19883768621383,0.254588669105379,-1.25728768976282,-0.210540396613026,-0.96999140117883,-0.0041636561812285,0.064676665897974,0.939975857207716
-3.78718637248402,-3.51847361920623,-3.63056495276534,1.33911864701329,-0.510991015914929,1.95625735364681,-0.830553154325505,0.315856275276022,1.18209144733473,-0.88741352972426,-1.35047475448525
-2.32631612102939,3.56164314080163,1.22917267802198,0.874698406461222,0.626282735158498,-0.66130587788352,0.151053188446875,1.16185030799107,0.171697368265252,1.29159046213009,0.321452584075154
2.19291371437714,-5.58464070447233,1.67750217181334,-0.660897340238188,-0.116719091992748,-0.527393722316465,0.447510045497564,-0.361346529376476,-0.805408888448013,-1.56277925452587,-0.809732290939745
-2.79147151765311,4.56826331212554,2.95920873859578,1.31302376839037,-0.235092811712081,-1.34593991119983,0.52253713474897,1.11599961955011,0.0467975586654007,1.28988447923459,0.520745225517292
-0.664978712836912,0.930058678836075,3.97559136795224,-0.385286819105976,-0.29058355023632,-1.27333010504617,-0.017326814829657,2.09689098744945,-0.339712919096758,1.26868233854557,0.326194876499975
-2.23276287863883,0.600859733072064,0.426734061537142,0.0795982157585681,0.379204135041065,0.265435642580405,-0.297003768145293,0.287594701556521,0.173055388004534,0.372824870354799,0.575383328445994
-6.323100735522,1.45943930310857,-2.00979823603028,0.856307528140619,0.313590945301894,0.178066195735692,-0.03668338308174,-0.332821373049734,0.499269807511189,0.762640365144781,-1.22393630480846
-5.71455713787168,-1.20857986032355,0.367148652362989,1.50203928743789,-0.140722388268091,-0.444785972315714,-0.720599679841594,0.376254751418874,-0.123898998961768,0.757439938079665,0.215085234455022
0.778240361222363,0.548611042386264,0.468097731424723,0.973183133004335,0.290801346889806,1.46318038053257,-0.610542761480597,1.5668445122475,0.913235641696419,0.402103458204519,-0.569397113663868
-4.82550484694656,-0.00626011259246835,1.74862681187306,1.23258604561421,0.0186027761467768,-0.519778001690091,0.0882299716460093,0.12894686459731,-0.032410834164411,0.686298496022682,0.544037157415233
-5.25111503494763,0.577106210217219,-0.216296962790987,0.803265475401917,0.0172483342759238,0.174307756345406,-0.457371081824566,0.0715343692373107,-0.257192383966879,0.209999417409653,0.287939349060881
3.24032133976952,-1.95624782450816,2.9765131378761,0.739041675164445,-0.00763637707541798,0.340781710966739,0.865157252737248,0.274803578036795,0.456074295117932,-0.107896480272928,0.938244570784786
-2.00481605979396,-0.226459249039566,-1.01827974611541,-0.504306234426741,0.319693178353607,1.35208565904787,-0.782845868814778,-0.453095878243092,0.162915360807223,-0.47124682127315,0.103082781117922
-0.522727454259768,-0.25438617905288,2.72263920918845,-0.531164335296188,0.218412914031689,0.156804655095857,0.270770286584582,-0.210677503340061,-0.195518784644197,-0.368582251078226,-0.103324730038752
-5.06602125205769,2.27143021005155,0.616457342832761,0.874907275373321,0.781919152418643,-0.344793633722246,0.299685460584924,1.12315826016938,-0.255141996084934,1.51971722905465,-0.163459483818904
-1.60501975230648,-1.33524308577168,-0.336526932824376,-0.940982125709027,-0.0651772332883112,2.60236241276747,-0.90200640240751,1.4226137458653,-0.0590529784596382,-0.468973392001868,-0.941670183329486
1.52508454525715,-0.557825664654985,1.58654209310343,-0.267627131899084,-0.556557341926691,0.53797365577366,0.0925709252000817,-1.58258331930192,-0.773251904218568,-1.16450224981337,0.662896549137718
-1.53229038977621,0.219927101191157,0.88988270684192,-1.92141710146784,1.03230012984167,0.979124196658853,-0.810904718577606,-0.673713406133663,-0.678914970889364,-1.2255037283033,-1.23979699105726
-4.46686894839356,-1.60949819721873,1.74847267351772,0.495563173040599,-0.0939795049430797,-0.713147598914954,-1.0508893896083,1.58658200917547,-0.281535639068783,1.0957506342342,0.293590028290517
-4.83100661327548,-1.99041244988789,-1.81506699624051,0.419537931212988,1.1792639514931,-1.18881608283749,-0.549633953989687,-1.03655475954498,0.403286984414669,0.128429941219825,1.06330982402618
2.15872023049605,-12.1107210368294,-2.09687733748758,-0.25205342768563,-1.25888472796504,-2.3617256258249,1.93681942803912,-1.7680880527432,2.06244419695825,-3.27174051137292,2.67695841447733
-5.07323613296131,0.0511065749791157,0.791630977369291,-0.0198241821876244,-0.566348234047825,1.0484919501675,-0.589003298485883,1.30165787563522,-0.15195890191235,0.171419895852297,-1.11110664181711
-3.57617641955829,0.463689525245449,-0.645426176373432,1.0026293681576,-0.660187182966916,0.878277911011279,-0.230810562205819,0.449821523865197,0.181027543876422,0.189779765526596,0.180555732668476
1.61419142641131,-1.58369401965243,0.507443236667012,-0.555569634205579,0.435544491346515,1.02641203796166,0.259166531707579,-0.266042139701059,-0.0803671103320868,-1.02599941848094,-0.90196614988838
-1.44430164425994,2.20589758120952,2.46805611314966,0.558276123695445,-0.521328817415395,0.054587557408097,0.179022001277,1.20432403259771,-0.20937994494968,0.456384739215346,0.224196814389231
-6.68804390529418,0.784142521240594,0.377043015778568,1.68265689915669,0.398760367016551,-1.25917710978317,0.6520635774193,-1.19939386810461,-0.506866078815338,0.369552740015182,0.776831824954815
-5.25369257273671,1.8215975272972,-0.0239643369024437,0.156554784663815,0.283895827936784,-0.242346469716142,-0.136898716640728,-0.289747930319838,-0.391382681392148,-0.1593013428042,-0.0477646607465859
-1.13641363934704,1.31152126856835,2.10270592996836,-1.84123361024307,0.44986362940524,0.369613096308597,0.353429294035932,-0.701100379889728,-0.227605513068483,-0.0030633801729599,-0.193703775184289
-5.41330361436071,2.0456337416725,-0.565724147018353,0.939330772987649,1.65805776041733,-1.19323896025577,-0.662000995634681,-0.715848486558107,-0.414670656235893,-0.0016361577106695,0.700220111738181
-0.11478647919375,-1.12783466643576,1.22291010734269,-0.644497473686693,0.586331505537744,0.255205286666679,-0.0939760854576814,-0.589963243186359,-0.489893569439456,0.0647990971913801,0.987581220379679
0.803640508352901,-3.03934147893447,-2.80276761319117,-0.406845833524368,0.661137200670227,1.7008431339257,0.388440223340985,-0.157597241988089,0.187380821632654,-0.362043005386382,0.210554878691683
-5.40613860644983,1.39543360854623,-0.0565728982653308,1.51102979350498,0.353363851941616,-0.208287285377545,0.188859052921109,0.00398501384159825,0.14552816735651,0.74841616098159,-0.0998125019123817
-6.95591133382997,0.980198881140263,1.59878667638508,1.8493178254976,0.508117424563954,-1.80451138210846,0.539966462770087,-0.327428210379021,-0.364615415544232,1.19986323280433,0.656254178216397
0.716537454833202,-1.82786741331711,3.01027090225218,0.0698847029042587,-1.10241415034678,0.421134811261787,-0.0989619540959299,-0.693349185036127,-0.259951571032781,-1.27008833062959,-0.134091873056063
-5.86707169875108,-1.49829050608838,3.35957519109066,1.43355156278446,-0.313377388710147,-2.92477717067406,-0.86145382195137,2.00567287925999,-0.725853979116505,1.94029477471616,1.57237525906831
-1.74088915014524,-2.35864751326102,-1.20783477306643,-0.188813137963352,-0.204163331408576,2.56379787570351,-0.166356541086658,-0.328806480342448,0.10410455610124,-0.678941842084119,0.0583529901135299
-3.42383317654958,0.170640294679427,-0.826669291511756,0.224796595015165,0.402249191215848,0.918012968758797,-0.424047986769286,0.408662185460771,0.493069194787228,0.651641451714477,0.26316235416635
2.4522335014989,-4.14370770655875,0.658202428346879,0.595185312789814,-1.22228190119148,-0.818515806933134,0.205991599925147,0.519860971381928,-0.389896496860236,-0.84407324623516,-0.0927609230910367
-6.35455109443415,1.54353926225194,-1.42303076193749,0.441644858450051,0.305882268688892,-0.413531645110012,-0.235165750054729,-0.406871159810452,0.401803763559568,0.750660968960417,-0.501203999148858
-7.32734446577939,2.74985499795953,1.13812490115787,1.74669012108975,1.14541473877919,-2.99202070373461,0.810218682888837,-0.514697141589136,-0.859686348858644,1.10341178590274,0.719707973870267
0.0176791110055826,0.650841528824063,-0.0936323014623101,0.103187225289141,0.0105247197901734,0.77677273748188,-0.450616316077558,0.809042553143174,0.569118017884208,1.1775734438698,0.75468550994335
-3.42421032311756,-2.23299586925019,-1.81739434764559,-0.474583068739797,-0.670895214589521,2.67205621313476,-0.868472542209723,-0.461986868231702,0.400088811746413,-0.689903260911231,-0.400563043986033
2.18302425171827,3.44015902918017,1.67845784531948,0.0319841043476061,-0.95483003339195,0.10353446069216,0.464510126245507,0.00315251620794488,0.356644191028554,-0.400790485184627,-0.107077137348156
2.47223967737982,0.975823912776854,2.24131118737971,0.215119851428147,-0.415075168593026,0.694548197350969,0.713153324729001,-0.210863267720408,0.42310219624418,-0.0575595342885926,0.00867960934247627
-5.22801950516717,0.820238312921035,-1.12640239220125,0.430067321753425,0.32625628868561,0.630026990558639,-0.233945578639452,-0.350684905768857,0.170204372862541,0.216328156820093,-0.57746291610527
-5.30869240480372,-6.167603777105,1.4191016943541,2.17239030658472,0.403085439198762,-4.85295538269333,-0.753450202712633,-1.89311056061028,2.20551377683723,-1.41800494331611,3.33683625105147
-4.52844414849814,4.95291907145818,-1.62533676347859,1.9196084511256,0.690298702308635,-1.15954305663281,1.11443279856197,1.33609501731011,0.436020838685662,3.02295257718585,-0.0843128666648244
2.33866700742006,-5.92600273357864,-4.34839845698367,0.373615483451344,-0.562928616344309,-0.542807903613932,-1.58227988325522,0.202670773161419,0.153760385165241,-2.47100874836431,-1.13889759020857
-4.46212011392456,-1.02196503836278,-1.74164519825272,-0.0823315719028428,0.196533817843334,1.94406709583979,-0.733555207751922,-0.113967690701414,-0.0430407014693134,-0.784445621007848,-0.45290412652888
0.249656349465094,-1.63548908613865,-2.48888448473018,1.02214095759806,0.906528781727865,1.92849183201031,-0.209740097656557,0.255469671440528,0.201710020525647,-1.1573987219128,-1.19225460810933
2.09744498382537,-0.637009880639962,-0.920646668845441,-1.10901918927686,0.231572986046525,0.828047168764196,-0.225993680732543,0.419252279039481,0.199618358754303,0.0567840501837103,0.131568506283792
-3.43467631474712,-1.3492185493082,-2.21473313906794,-0.188564034871431,-0.330968248295174,1.79445973645132,-1.07125938621376,0.296556072207824,1.1178777789323,0.166228650394254,-0.91969201321009
-0.738533612671541,-2.42833483615411,0.35830028870795,-2.33228286824947,-0.0968535827166255,1.25653305139642,-0.417525803874976,-0.847044177880008,-0.737319473075907,-1.16965593858169,-0.692160327336559
-5.73676419136173,-5.74523798202275,-3.75814785397652,-1.3903014109684,1.02323489452252,2.30038986771862,-1.34783107610483,-0.158368170068077,1.9640581533084,-0.457025556947072,-2.05162893347909
2.08290031450276,-2.73980995587859,-2.26940988603154,2.05185991106993,-1.96360658581402,1.06555828914585,0.149625382162481,0.254585483561205,0.313169253448176,-1.80427420453244,0.151264506426793
0.751871711886749,0.0266096332608949,-1.45474982712596,0.453636262190543,-0.124787910308849,1.79348457373881,-0.683149581593392,1.01626164389163,0.53779418183769,-0.302850844109323,-0.352591580975367
-6.95592734594421,-0.0364606432303899,-1.02013824613803,1.27906936212386,0.436349559959222,0.433818192934654,-0.241621080650933,0.292918411744873,-0.225792721683286,0.738728664434153,-1.07456470402383
3.62515421297794,-1.15662952584462,0.0998403360430752,-1.06928953769251,0.297752119959834,0.3653579374412,0.550244200754552,-0.699254993856563,-0.46380043572592,-1.21385553428523,-0.860856709604144
-1.95407994856009,1.79422083340842,-1.66133641072512,0.2638701210356,0.73566489034435,1.16295809555081,0.364441385820884,-0.666178176634318,0.640955426734448,-0.0332527199221424,-0.112557151537692
2.16922616584058,-6.04827271274324,-2.09186326487823,0.136938041513093,-0.588316329430727,0.108444208491857,0.660343655367654,-0.0708506642040506,-0.362394790110822,-0.833269598511533,-0.0133203192771035
-4.17532495899973,-0.988926067431107,1.88704886898685,-1.77480492794108,0.604143815988409,-0.567674114573903,-1.18107047250405,-1.14384883746063,-0.896675228471833,-0.898151745731456,0.719887376607702
1.9072216405413,-1.48089929955655,-0.486663515223943,-0.927994303799161,-0.637982516230822,1.09825218336392,0.393547727909342,-0.173500776607473,-0.0534181280296564,-0.71443433407424,0.298487779211055
-3.1058123015071,4.39877574064811,-0.022619179607382,0.325689539881866,0.0044146069477497,-0.663746025855608,0.113249271089797,1.52520490573952,-0.335806764486437,1.02606783972026,-0.198566614372863
0.848916389432866,1.98573336730802,1.52918162926422,-1.49110685372184,0.0133054712325511,0.346638381619295,-0.47991588884672,-1.0928724394694,-0.645870197146325,-0.47926796465477,-0.329397892013833
6.27070993830438,-2.79331427203181,2.03220979692149,-2.02248577363053,-0.176545967524513,-0.83322589858224,1.11258119082356,-1.64158885537404,-0.721206501523998,-1.09525374481959,-2.1874652546469
-3.27649892316677,-2.71487488208112,-1.59567788982548,-0.453844354855994,-0.423974611015173,0.793905639275903,-0.556141764551747,-0.219429381655691,0.0469416585228147,-0.593847906485423,0.378156509417391
0.889475421705214,-1.22908940005834,2.85660634500341,-1.95228542789567,-0.117059512970004,-0.649712406551092,1.04565957880602,-0.699107606744527,-0.283397884377788,-0.964964589654691,-1.24435557167382
-3.37232931161357,2.88103385391583,-0.849019862248477,0.585121794038826,1.42652978752079,-0.174387164117403,0.0229243958200218,0.350581088033126,0.383138298928009,1.20013798700731,-0.00688505166115669
0.364099421978631,-0.285243094063501,1.57740605506534,-1.2489617055977,0.934945145295211,-0.555418289194232,0.13892399289293,-1.14338308360675,-0.413737914325838,-0.0791388199947364,2.13022552775663
-3.1112591369228,2.05148604005596,-0.0183168727815401,-0.0192001358105461,-0.383677035466491,0.175074921019684,-0.599583726732394,-0.618328538475572,-0.34236926812025,-0.611378577342704,0.987847144118983
-2.09893508604024,0.450836789795007,1.74435946491956,-1.05964611719522,0.458824569983062,0.0735606369372596,-0.313245626658976,0.616152903934971,0.0820523661221603,0.936348635679019,0.82923199528254
2.29633983972934,-0.767697243495431,1.8279472379113,0.459964694492178,0.0473019666778303,0.823160312013899,0.0537699665329282,0.110580566989773,0.568301279769199,-0.221286407373304,0.141128987954108
-5.36486960345515,2.83548409552753,-0.784818848018802,1.46977492600037,1.19364585263055,-0.0739729168156878,0.562822689258873,1.22706835069623,0.39927156308638,2.58701645048764,-0.553398784231344
-4.24906452042769,1.50596449885377,-0.182851969494708,2.12750366901317,-1.24322922821798,0.00557740406239951,0.253758684616992,-0.0648892108227002,0.125021915129801,-0.297566332924715,0.31234857919175
2.21026726922832,5.63321415740874,2.13227322742699,-0.471255570951208,-1.00971148580121,-0.0455580661081334,0.568628652404744,0.108822054659004,0.663011088095809,0.169443089471959,-0.0556823895397571
-5.57083443112841,1.99394669376256,-2.81612503564591,0.793136231908722,0.557396594739346,-0.0235142687317851,-0.09938398327213,0.0198329630947843,0.293499014952881,0.664199953426923,-0.753467996655694
0.918994509523657,0.421068434064214,0.201374836392533,-1.34159289264214,2.46296142014286,0.7015117354911,-0.264476450294173,-0.701423882644823,0.342087418350809,-0.465451882543103,-2.26697246163709
-3.30006538741587,3.18172563896928,1.53240556829931,2.29278085358118,1.11838014179088,-1.208611388595,0.971800263112029,0.551019196769642,-0.136591791083115,1.66759041516663,0.87725763740052
-5.49751110854456,-3.63183685532047,1.00728188741803,0.608716631587584,0.665360810908481,-1.94096263490492,-0.887092731911036,-0.289434000678434,-0.726464381578199,-0.53580283297469,0.740703681845974
0.475643322182221,-0.762036883855304,0.549565356919585,-0.530094863630084,1.09634063090515,0.599867285887178,-0.236897583286412,0.362729688451445,-0.14285544732502,-0.16555501386649,-0.361862362954415
-8.07596088591256,3.60952302865075,0.195441024084678,3.66680561770614,0.629748483372894,-3.00489095823702,1.93790250187615,-0.319219524104592,-1.12309923726373,2.44189966496052,-0.0754805894391645
1.7657082395501,-1.64215547612764,1.31764168973815,-1.61915844768196,1.06461654250552,-0.606930171590068,0.561109296266638,-0.254885026491053,-0.140372991099645,0.12150544216982,1.14068159262387
-1.19109139699095,-1.15682553971892,-0.174578478497483,-0.267967532532807,-0.652477506452273,0.251008206617269,-0.12773528432798,-0.372380808594201,0.36972155406009,-0.0987905262654942,1.52347618267064
2.12741421337645,-2.18085111164222,-1.26578741337224,-1.37053558835485,1.05735143387297,1.97810069066383,-1.0477281247397,1.63130337452026,0.592185667248135,0.23307424210061,-1.26207818736064
-1.00427821419049,-0.23015040476704,-1.29905302270565,-0.0855710633937014,-0.32698508790732,2.14893765943962,-0.0782253655345435,0.592096946372117,0.912884721457023,0.366908860666682,-0.830513173237026
-2.17271326605997,0.566114007781741,-1.79900048864608,-1.1728726688881,0.26056771729686,0.264322760099004,-0.410382510567754,0.0332027529989229,-0.175242784501687,-0.391609739104356,-0.0239496419159805
2.11597331083381,-1.01379938958029,-0.270704314614114,0.778244287198086,-1.50007452146992,1.71858194238372,1.53883763265289,1.26414972974303,-0.502230824186924,-0.127174430763109,0.0132500793957785
-7.8076715223117,2.65562823249404,0.605306236223595,2.15491826861905,1.01792563551353,-3.07696789559923,0.687385533457047,-1.8353949427037,-1.28520412823719,0.22551126899735,0.53968745713287
-5.12670766083678,0.966172428003908,1.21715497345384,1.76905370527675,0.863303563682758,-1.12415579939769,-0.0517835825596217,1.48213891115728,-0.0771304796459344,1.76888172492284,0.549149065421982
-0.76310809796141,-2.46030736518027,-2.10477518607005,-0.469302494605955,0.493716366586144,1.93990841953344,0.205902332385598,-0.538452370771904,-0.051879679291021,-0.940816858217405,-0.204137620748733
1.0706694770054,1.65662926749348,0.445556523970116,-0.190688490507279,-0.242962013417511,1.01023017618783,0.617348796094022,0.149957692002131,0.408933983320677,0.116757762250535,-0.548791072439639
2.56239081439227,0.224594939511529,-0.711607808423987,-0.227202586892085,0.479650893839963,0.134106630829524,0.450812062237353,-1.33507019804992,-0.286967949497965,-0.323149150195305,0.706332232818941
-4.24709710843424,0.0684367430843865,-0.886439667164241,0.460015371555754,-0.859929980327115,1.2871717928549,-0.522230698926452,0.384324981439444,0.171187873917224,-0.351063272751602,-0.0890128878844446
-1.64630418971336,-1.89633690226099,-0.218597437427814,-1.32326640766998,-0.596267394473733,1.58055076678703,-0.995162136383924,2.6962454892893,-0.045939695656415,0.222734002317939,-1.32245804805032
-4.79037540635794,0.493660296301559,1.63875155049573,0.083164596506547,1.26533097726203,-1.25658892825968,-0.719884265206433,0.145610551675027,-0.9566208258173,0.114719214520213,-0.0289251554794854
1.78386446637695,-0.639270145104046,2.05390619243473,0.313158481376038,-2.29423355976572,0.370764084208081,0.863268373443871,-1.55716046216644,0.0329604886403148,-1.12749483684488,1.12896457013981
2.21669008180183,-2.02835871849369,1.25209780300189,-0.994856685027496,0.531999297838601,-0.0548516728890378,0.186871408581842,0.156838604365409,-0.0517967723829634,0.149845541670293,0.507790497395847
-1.35792909779846,5.05565437055228,1.2469421211247,-0.22475345318568,0.621180702538245,-0.791885841163417,0.557333965359834,-0.375188458660374,0.267834851524286,1.10605541884342,1.11713632668421
-3.7428941329149,-0.803419066572255,-2.62272854025452,-0.0256114253602875,0.505019218845435,2.08932980670754,-0.620412331875529,-0.302698541432518,0.843114458032598,0.322781610972795,-0.231471779788036
4.25033054620568,-5.63104230211576,-1.08585230588872,-0.0360799931455419,-2.04227004649501,-1.52723248721185,0.625880032829594,-0.34901492824807,-0.3418537879194,-1.00279605394145,0.31490645938691
-2.44798161895748,-2.14572249740801,-4.06862318212328,0.077415795630599,-0.951975521749579,3.99007241342957,-0.726512257331449,1.04564408167324,1.24986530194793,-1.18210254172806,-1.91369481734876
2.66586577496102,-0.754239190588567,-0.324214398612537,-0.511143754392438,1.29356517858564,0.630917160939918,-0.197125228230074,-0.128489888485355,-0.166055081534694,-0.239320312812502,-0.66019273913962
1.08682103540632,-4.17040007746047,1.37162233430793,0.252138521512395,-1.17772839358895,0.769804002844783,1.18230362066534,0.170117505475443,-0.245874849989134,-0.778391845787338,0.979745121033527
-0.624926966650294,-3.45945543266746,0.565778635393951,-2.25965896187902,0.762740059495495,1.08838396808222,-0.28139102180047,-0.849024462705463,-0.268253227866101,-1.27229694382341,-1.56884382305627
-4.73966357636652,1.84467653318527,0.873239448969088,0.382502494140759,0.0284635792860153,-0.287200638601285,-0.271727743088419,0.550324843717416,-0.142463685677023,0.479703024823094,-0.56736170229535
-0.4512527830335,-1.28276845198833,-0.499370645869144,0.31141653587549,-0.130236910579275,-0.275287425718361,-0.419678111226909,0.660673849762314,0.306965057846501,0.917562272717098,0.974134314804481
-5.13099735463118,1.0541718661056,-1.00735243602553,1.22620115736376,0.107592392081391,0.780292044105392,0.285785665518173,1.18881374506621,0.373656546309136,0.944699529499756,-0.597167686456132
-2.36856365381035,0.317362900834867,-2.67652292115949,0.901637339777157,1.37345601886982,1.73087910442042,-0.297818711620558,-0.0647447043689863,0.692227942911133,-0.633997975184834,-0.760733828492496
-3.08261670007221,-0.211468606455377,1.80621997228272,-0.844065648880544,-0.354547278183687,-0.333048222331726,-0.535203950888442,-0.711230863518495,-0.449745668510184,-0.530444976523364,-0.00572582132246576
2.0952691280963,2.58367212471449,3.56778503956542,-0.456478095886258,-1.49376312528294,-0.5890939387005,0.141752904412395,-0.202164450172923,0.361293356048137,-0.928994839720776,-0.357620765442024
-0.486632231845347,-0.646934946410621,0.0300757628499173,-1.52050811055627,-0.851257639204764,0.811290311025536,-0.15273033930312,-0.24474811884572,0.0935002690809391,-0.625767082300295,-1.40804888892304
-2.33930110978253,-4.1180185571974,-0.685878235455264,-0.387635929375999,-0.143517164541253,-0.913128869280306,-1.68954030076041,1.44483180487926,-0.826369686380323,-0.521031477501411,0.901608472675869
3.23485917457393,-0.705960130349943,0.11317524304089,-0.700527134292122,-0.500208658182769,1.19685466669835,0.714682092739999,-0.318559434588646,0.27580824351142,0.216625477377163,-0.682211967193641
-4.56519574427163,0.977445998608249,1.0963600232065,1.82929655458882,0.834922690375634,-0.435771104447775,0.181749164985617,2.70329096684198,-0.210802855514555,3.18117294216403,0.689056370885552
-1.79660217669328,4.801797229438,0.390791882796811,-1.76681982457376,-0.738165235547361,-0.14559472585131,-0.300103624233342,-0.51172591542083,-0.736664759465375,-0.520304176578575,0.774716126122334
-3.24528487369749,2.8448955588232,-0.207614604917286,-1.02515036839233,1.28060466289232,-0.104236094368231,-0.51483231972916,-0.332446286614218,-0.554663152261342,-0.420380521564587,-0.0191829247844617
4.10625164892211,-4.37856630787576,-0.726029669075064,-0.577989304751463,-0.132037942623346,-1.80164789512426,1.21922911017347,-0.622802207199077,-0.496935357953733,-0.646516219432896,0.749049689984607
1.95875794729614,0.830711184781184,2.68571090253121,-0.464109058531367,-0.800206784626913,0.0317055669515013,0.177192593330538,-0.0385531114445151,0.442410682895184,-0.510149397361564,-0.577025508796241
-7.72143175615419,3.04885971160285,-0.212269106570895,2.33084662614164,0.284383237424429,-3.11316256550508,1.06004458593569,0.170134927492108,-1.12515820653539,1.90984224429059,0.251129201002942
-0.810028983753446,-0.0639099454519697,-1.73623786838934,-1.02411959808589,-1.43205804501299,0.645770449732084,-0.757527037672671,0.978276537777756,0.403611705252063,-0.587884293456322,-1.01761101395765
-7.37516894173705,-1.01655994073493,-0.587445371981757,1.65021101222508,0.0863474943620615,0.110454595796087,-0.0447948729579862,0.0860250842714008,-0.0630007165720803,0.585314532375084,-0.680736506877629
2.45729201330025,-3.60407358542692,-0.307241038060478,-0.343815863477234,0.862424107163468,-1.82609953100566,-0.142173238588177,-0.325716705028522,-0.748901278827104,-0.0499467325653281,0.692826753262656
0.305896846850844,1.57336886279627,2.19702683801574,-0.528025096656806,-0.425932892284416,-0.851552529276041,-0.00095978483579429,0.621359388197074,-0.44795921794977,1.09542463760525,0.270209187882077
-2.11794590189118,-1.39844460615913,-0.885043425597844,-0.34731507319147,-0.374598767265401,2.24279322033393,-0.139718169090843,0.604373072352663,-0.171494574183086,0.436411851264056,0.59757377852796
-2.81020813016858,-3.42802065617854,0.423553132446777,0.153276720398415,-0.0860821357633692,-1.43249806765833,-0.688194239142174,-0.334011378511232,-0.452761411829551,-0.90880879600132,0.662747519290082
-1.18050885012761,0.175726830141449,0.483995223716879,-0.325146108152122,-0.550926217231918,-0.0158909597562225,-0.409393133609462,0.426039444277519,-0.406017492184387,-0.920338477814121,-0.965435992449311
0.333514839478772,0.969306994199617,-0.637835972085997,-0.72548106556633,1.8384922472689,0.907940790027163,-0.207620324853249,-0.530385332368027,0.253888159641603,-0.423539432826654,-0.386821785731132
2.41600343247134,-0.663869264543221,-3.41667783094909,0.334945510358609,-0.195587984314169,1.93764293339493,1.14961880189327,-0.69240213235682,0.12220931384211,-1.2373249692457,0.238134902870241
-0.291025185817697,1.77687300424814,2.22220552688783,-0.503260383222382,-1.275645054971,0.217663474037865,-0.469178088679118,1.37181184387836,0.00832876963815117,0.0522039332666778,-0.779068707780497
-9.60035571388765,2.86142503344283,0.674341456708001,3.89305120258709,1.17235822022773,-4.05949492398408,2.01308576314218,-1.27161928790152,-1.68913477251981,1.90742330497868,0.0352715549987505
-2.00074783274488,0.795579650923449,-2.25193982773738,-0.248457874522783,-0.227949813634087,0.868306945989567,-1.00859772051823,0.66935028461355,0.571104673613987,0.0567936715220988,-0.896298987452743
0.409893844335348,1.88482640794317,-0.461280413895134,-1.10998919543776,2.05111659513393,0.302907741768166,0.298037400080202,-1.16689123202254,-0.24179879690229,-0.798189154839224,-0.0369092764212602
2.90843655731823,-4.39054360936911,-3.19666983873738,0.590055106342792,-0.442326238745586,2.30117088445854,-0.0603679583621166,0.608676994481722,0.70061562558956,-0.778782793544532,-0.741196971539456
1.57087942756107,-0.631777443651174,-0.656713189092305,0.0365426951532823,0.426597469960995,0.927096168072591,-0.201275514443986,0.235608495406358,-0.244344986264892,-1.13224927483739,-0.657704759128001
-3.6534887691678,3.22101537198946,0.584315037461164,0.981735622758042,0.939275788051991,-1.29540720894633,0.31548301642161,-0.514760479277832,-0.0631195741930411,0.392388777478366,1.47287622883959
0.169876173914583,2.40507477073387,-1.3124024104958,-0.108531672187934,-0.449786662377653,1.21811735251711,-0.171511469085268,0.185890152546494,0.662656583079914,1.01274320701393,-0.838567199013653
-6.21252449070698,1.1285695139822,0.905177482663819,1.39520125851774,0.205137159643167,-2.14957188436454,0.0433536486493829,-0.0309142380494934,-0.640012421538566,0.487004757259306,0.275150439345754
2.72476767864174,-0.498031021627607,1.38405766066605,-0.308552170706332,-0.0214696464052722,0.423249935381572,0.0184153057639589,-0.466316199211816,0.144220834596281,0.0873690193460965,0.0610566506586522
1.77334652318603,-5.26587439207301,-1.1056073902684,-1.51823727513946,-0.413251815843885,-2.42167050867733,-0.591875668036488,-0.734001665130085,-0.156787066531239,-0.534024000769909,0.886881585067856
3.25884426421129,1.77474871316612,0.408586624741568,0.074218231108354,-1.56946915674176,0.541257265419527,0.578843281824268,-0.228339025288193,0.49547087118508,0.830817245783496,0.388450918315951
-5.55691325963157,-3.67185325848729,-4.42380884380428,0.414087531242449,0.00165698090063937,3.26545530258009,-1.05978790146621,0.15535803284986,2.38780704265336,0.278608102354356,-2.02925850608454
-0.86162658055744,-0.940916017443383,-0.529486191209357,-0.9466902362744,0.230455655121739,-0.2215653188351,0.0788486608125153,-0.662695244399112,-0.898243272635212,-0.222417230686381,0.691618737911556
-0.408820363483406,4.78772670278248,-0.913546061186637,1.18041802766051,-0.852911276897208,0.164323139859962,0.166922035548129,-0.448966055784578,0.77913624082843,-0.480339272822952,0.798583185035024
-0.671178993187768,-5.29810490618803,-2.25804214950753,-2.78345329983666,0.859746988694045,1.68847376396128,0.444034832860172,-0.982335684972856,-0.0148103278614392,-1.0044183625456,-0.939283682030442
2.83561322640139,-3.53443866062599,0.769583665762634,-1.87801565843348,3.16135099866545,-0.348679684400067,0.775416945812526,-1.71334071071637,-0.649021795972162,-0.629607035574038,-0.554376496754857
-0.523596159594768,2.34065780270861,-0.817241535460091,-0.94104337569611,0.259255666102874,0.988735874062824,-0.395391093359143,1.1645804525202,0.487385468233473,0.699373937405136,-0.969038189549101
3.00174429579188,-4.91024704563337,-2.42452032358568,-0.582883065683914,0.171526914897418,0.243609618145311,0.705106981404378,0.549879807300236,0.0720228258507009,-0.67835652549176,1.20125344000915
0.236177683805205,2.90045103607295,1.47999774476927,-0.316276777098409,-0.33914978232543,-0.991848349842513,0.0310424541273404,0.83491110336924,0.121097044544086,1.40401768224756,0.16760460389379
4.28558107340316,-3.31892581321254,3.41400251571604,0.112661524818302,-2.10331869389,-0.842117395883085,1.65260973518809,-0.370911930377878,0.0196725782251926,-1.32915007522303,0.209875960914273
-3.65093644190701,-1.57936576920036,-2.37999342349534,-0.354859472274492,-0.174539681506789,1.58387522628785,-1.20588535337858,0.652334325895485,0.953621833645561,-0.249489146577687,-1.16322697965195
-0.73335698400702,0.606756692980019,0.869243792325336,0.929357608863178,-1.29295400356771,-1.51170201940866,-0.367656126567471,0.103480144371762,-0.260860929075411,0.719159974406252,2.09323011822012
0.303552166862938,-1.48542367083359,-1.92621722719228,-0.0227953358996628,-1.56241296388331,1.700050808956,-0.409959351728446,0.602862228479725,0.632486654572522,-0.631959320108718,-1.44487471681402
3.81691880951046,-1.47813965270894,0.490515750402971,-0.693319751346508,0.19286604362459,0.24492021292518,0.251838791393181,-0.257023656831393,-0.0864711916787061,0.782016936276676,-0.303999690251288
0.28897260758321,2.64030240454947,-0.328078194796394,1.53329147149538,0.0264480471507956,0.0446611144072101,-0.0989912136246841,1.79481508220902,0.925822775862551,1.44472353244492,0.246021266390531
-3.97173324216985,0.94862696818657,1.01081213410665,-0.309226858171658,-0.614130439042117,-0.724465104504119,-0.550190166745932,0.546522252109512,-0.795869552986717,0.176762098913321,0.252083608275557
3.23525336117335,3.7720397885629,2.58339944904607,0.0898003582561769,-1.16469617112654,-0.147935693376943,0.661424265548586,-0.172992745049449,0.576139541962243,-0.133688640200913,-0.100544429707718
-7.584886854383,0.722899420723265,0.370677948206478,1.57692760016321,1.32444290676003,-2.77316841998742,0.156459220620729,-0.97599099915238,-0.562293790681427,0.997525762396448,0.573297682219397
-1.50263521345878,0.733011279526769,-1.00107162317586,-0.701288287150767,0.927913956517776,0.574414452013205,-0.689542822703481,0.52080935759169,-0.438636352306815,-0.966638108336259,-1.51666264028619
1.45010387854281,3.12146698267307,1.47504564226641,-1.87120634573029,-0.633405712526819,-0.113925405283792,0.18395910993995,-0.906842572870425,0.440813857928274,0.162895519984893,-0.0247436939569301
6.23749135087934,-7.1527068577711,-2.75151580979652,-0.769934228756814,-0.800886825684362,-0.101381327284304,0.356676156846449,0.220677010395121,-0.669889702419377,-1.49811197644412,-1.88077122689116
2.36313707992681,3.95992112624323,2.12277430969723,1.49129194238904,-1.96875462295874,-0.734042790840137,0.563396771580379,1.63990082140033,0.839296207450039,1.36481377936623,0.180556917663646
2.95398879668427,4.27429523131175,0.942315769345067,-1.10154704584108,-0.55732853147936,0.377273288831815,0.0538919891552206,-0.866004109252814,0.609146481649365,0.227292389653582,-1.07065677699357
-1.401056587087,-0.995490016092266,-2.79380076051179,-0.761630910406313,-0.0213223160654072,2.18637505981186,-0.880498640920494,0.238246796135883,0.143429831565404,-1.29942261167054,-1.20893864284424
4.64709511137605,1.18109821230603,-0.739851410613156,-0.65161080809882,-1.13673229077186,0.477660658535682,1.48827966836183,-0.86951271490521,-0.0903719824997305,0.799738711424202,0.235228568996112
-0.83581904695507,1.59024866673335,0.518507612452022,0.619480776317015,-1.57561665504159,1.0801130659166,-0.0933394381261057,1.24195690822074,0.177944858734821,0.260651069948029,-0.535304750467355
-1.67577249066827,1.63239496782943,-1.27078494450313,-0.788642985781053,1.41628121045831,0.160201291055933,-0.0531783596247666,-0.595482796059693,0.601431667693783,0.313682643385353,1.12351363116062
-2.73128125085716,4.59280711382766,1.56032096026266,-0.568317979524513,0.791673477448132,-0.668645589085433,0.266706231299255,0.714516414301082,-0.355020198999967,0.0252850909686517,-0.549997626100161
1.32185632242274,0.635785477490895,3.23541912739313,-1.14635798919135,0.326590600300308,-0.446830823600455,-0.246842112056137,-0.384441641439321,-0.213131822145918,-0.709879836823626,-0.420633636260316
-2.27581427752777,-0.881775010549606,-2.42028365412504,0.998473588757262,0.103166867040293,1.46454692861819,-0.183716924996648,-0.557006967015805,0.59667581689421,-0.572436526001967,0.430954809594276
-2.00606767219788,-0.775016092287459,-1.9603704068703,-0.949732626940279,0.512202701717864,1.03001846441211,-0.270357199367894,-0.32842130864146,0.0453730861262373,-0.0357867918834036,0.932423913408906
1.70876624278498,1.92225028858398,-2.3229895344307,-0.886244579011153,0.14700104407571,0.0837284062238968,0.335857930849965,-0.101403939555103,0.0822045449923262,-0.254565223396657,-0.0225589445816467
-1.69092139164656,2.17229684972711,-0.213450263552781,-0.991755829602933,0.718664528714252,0.253742108720557,-0.877170546674434,-0.645820848858632,-0.430396891505917,-0.0568892277058012,0.741887364553794
1.13679177496867,1.49255280715423,-0.475979271437086,-1.07162754618746,0.981511270875393,0.036957950506205,-0.0360024481320303,1.37332568585307,-0.121171857443007,0.362795961567427,-0.872658965104492
0.047587231350186,-4.17355233178658,-1.22765510769573,-0.540941623638785,0.7520867603847,-0.0451118821820494,0.0484615433083706,-0.501869130664836,-0.255841310209588,-0.67567191509545,2.59054023674745
-1.07216557348087,0.180246447174955,-1.84963650889155,-0.759785806063923,-0.748994519341721,1.44057750737773,0.0254514247838271,-0.432786924234649,-0.521454547921342,-1.08307934386969,-1.0589784859277
2.12075463991506,1.3621506218588,1.32666403328421,-2.61234932412774,-0.699295145384474,-0.072336370421642,-0.212599751598873,-1.98347645357016,-0.601366152452395,-0.825125674610848,-0.360058276078227
-0.841600916770417,-0.965511196414238,-0.873275248466639,-1.22724746573753,0.153034593917886,0.892265619543486,-0.60533453656531,-0.13854630159273,-0.186022125581431,-0.571319543433625,-1.16010365353134
-3.92296519792588,1.83067406784271,-0.211930524685549,0.316526783427164,-0.340664187390377,0.634762992033256,0.0767725753677137,0.505585063894432,0.21950111875848,0.0597142516395003,-0.522575570108699
-2.53482327048358,2.9017491485911,1.64916455378262,-0.433059836398384,-0.0319951994047975,-0.79322672682905,-0.076915514676595,0.0992662825141823,-0.342280789548658,0.104000998533973,0.672582660078125
-4.81511258763773,-0.175382832357057,-2.46601219166714,0.516271512940627,0.824877305026725,0.402801350717079,-0.354798892002482,0.276743413721319,0.347846844662471,0.827986897896558,-0.479717891766979
-1.16214278538074,1.24900041618773,0.583757410728585,-0.58995378379874,-0.438185184135194,0.198848519225682,-0.308586285586744,-0.538707771019011,-0.531756422919906,-0.921128732710607,-0.348485764485006
-4.69851175341259,-1.19265803621293,1.61706052329904,0.927042446286977,-0.21561085718859,-2.14569318144689,-0.821554582830953,0.152089132387674,-0.179772434802488,0.656463477111676,2.30793926916566
-4.34146770209609,0.0803299763489011,0.583659344157738,1.64319118691855,-0.165829369144043,-2.4992225304977,-0.314963641457927,0.445306232705233,-0.527489309143902,0.367685366146468,0.851019215403008
-4.08519311544351,-0.213696100887656,-0.679278062206755,1.38553385028509,-0.481679293363215,1.31137288830672,-0.0108304565904955,0.530205836646958,0.126444338208037,1.12321849899571,-0.31364140610591
3.59325449834281,0.644988968862368,2.4136481989217,0.173310568400083,-0.767456531011122,-0.513320531216398,0.944576554288093,-0.0209272926625999,0.0580472202255895,0.186133733319603,0.836462277481368
-7.52165363752786,2.83454675902309,-0.412811163527433,2.06248515710426,2.1513852967839,-3.24580298089423,0.780321980160409,-0.376916339008088,-0.839639269069416,1.64881598900246,1.17877942294674
0.00894250988093112,-0.539622390058791,0.774878601052622,-0.605368603035905,-0.930220407621515,1.30994573969647,-0.0970920632448169,0.309822568607904,0.241379918935215,-0.729557004646168,0.422906570717257
4.720907955321,2.61895785334681,0.575109103830587,-0.0967505023243297,0.92329927103728,0.301102887179545,0.419108721134673,-0.774489606631246,0.147894253767145,-0.0335385006752118,0.227163721257158
0.849368386087352,1.55422970953828,-2.30429897376581,-0.489685157367338,0.523288882539066,1.15628980357146,-0.500822281137745,0.343679215303019,0.703722151709548,-0.518836727570654,-1.32550399916021
2.63356119215834,0.468565558860516,0.265447923754471,-0.654131788207206,-1.91510444686352,0.790731338802912,0.24986737953028,-0.0964618636594237,0.126872992194886,-1.21598152573641,-1.28896181923328
1.09976488443534,1.15410195708842,-3.41244193531159,0.76580180529831,1.00709955898868,1.58618196246297,-0.698172194010981,0.322994644378303,0.798181730192754,-0.396652272973192,-0.495661144349779
3.54381721762563,-3.67662340933359,-0.755124759891517,0.277047573784554,0.15265590784106,1.04969795640669,-0.149406470689124,1.03973734621011,-0.198696021338087,0.121065751567975,-0.0700548592469638
1.46559863342502,0.684230531878424,2.73566074401626,-0.896528471861636,-0.310655065802303,-0.106799849340589,0.577971385392224,0.946792867104179,0.0486838667361864,0.145414044271906,-0.784277213700341
3.8010290940251,-0.610013163020081,1.49459895270777,-2.066583797779,-0.579409076507208,-0.243769441541267,0.979332257561548,0.8102407030436,-0.144756799337891,-0.205543521753247,-3.21197025544666
4.39681005979829,1.10163342630296,2.89173584080198,-0.241512137970494,-1.17101299668286,-0.108301589547734,0.763160793538252,-0.408015677784854,-0.251514178025612,0.293792247794847,0.914804120154194
0.994003873103915,2.16899683070541,2.98113409813455,-0.793068280931036,-0.878899090786837,-0.411946175259618,0.397634514604815,0.0323918012184857,0.0471635424904571,0.283852126456765,0.854955780185788
-1.78618492219194,3.99846501767409,-1.23124636607188,0.745952132584039,0.370669088906542,-0.200505461647968,0.0836582671880565,1.29007834275317,0.449625508983952,0.841085072708712,-1.00612873374367
0.629122897778729,-2.33018510339232,0.241028586960896,0.345337970197931,-0.605606768966977,-1.50922887013019,-0.693209610191386,0.00859944391601056,-0.531072343760498,0.570460973170694,1.63563723106596
-0.956651598035756,0.573077071657504,-1.09837677786,0.0279043947817177,-2.67153961234037,1.39961690701847,-0.331207224735685,1.29859234558202,0.0809737306777252,-0.532989815969262,-0.385818470428613
0.268165086642544,3.1631262937107,1.42187205080286,-1.41069740177726,-0.746682335952197,0.635316728601681,-0.563320139042343,0.0508646098488159,-0.179210659063018,-0.0978135550734749,-0.454071605638139
-4.58286667303035,-7.75556331683057,-0.817293876143909,1.43977448558978,-0.799491267400542,-0.139241786372868,0.497966672136147,-2.27057139827008,1.23090903462587,-0.547174568058595,4.02041624945512
5.5462667695163,-2.04919841400057,-0.156498239796594,0.138466410556677,-1.24714324624064,-0.57656580146457,0.434676422386241,1.05707921182594,0.122748018627326,0.0972220592044905,-1.03380792680843
2.88434961894174,1.24216218017513,1.38855687189358,0.260507134218401,-1.14270743947972,0.221234727874881,1.21890817895557,-0.54584845104081,0.31075254667878,-0.386371828909919,0.150966159913591
-0.00613221249204715,-5.63677531447112,-1.34551140983417,0.247891352662787,0.487280896034177,-1.73367951233039,-0.666559430144973,-1.2693345702081,-1.17686537398491,-1.54122137073881,0.273277669672732
-5.23665038725687,0.66666138278551,0.333264163363652,0.133992012666371,0.689622529010625,-1.63249514801033,-0.52584153700123,0.278452784220267,-0.227414756779648,0.723289902970365,0.828564600318512
2.99044312380062,1.14058132872729,0.749012941396535,-0.339631165381297,0.289823342632148,0.784935223996839,0.166248369267256,-0.0670101179832931,0.662955913946628,0.291083045322839,-0.270875898200109
3.81021652102247,2.18786282486999,2.39353113997513,-0.311298634648636,0.130072114655935,-0.215402728714681,0.72343333521069,1.47916214156448,0.894377733645339,1.3032507763569,-0.465736964613214
5.61636786677292,1.45571804109251,1.1214780346905,1.03602753891378,-0.791327466947493,-0.207966190666965,0.463785306177553,0.843076542595845,0.397793225352054,1.59371354004289,-0.193458493890214
-2.42095127659176,3.5200353798213,0.664985458558582,0.627289230643364,-0.576568898903921,-1.20844680356462,0.452051223074344,0.0118236599859947,0.0639930059141947,0.881726915901004,1.54440156766686
-4.50385066117867,0.815432530418533,-0.557697414266741,0.611893332425892,0.0827186241586681,0.165590302754445,-0.0973742127706468,-0.368730845315745,-0.0802091574232045,0.0701755633587858,0.241988929745497
0.481860014372658,0.810708235319329,-2.09155957009734,-0.522993934831402,0.182107737090371,1.67931767178257,-0.106228099616901,0.542910330243334,0.610342726578362,-0.283260653489937,-0.500940896134128
1.96788417858636,1.16363941221031,2.34274712309971,-0.406330321105926,-0.912666566258518,-1.53581919648411,0.0260839065083487,-0.518393837971,-0.139173949338988,1.19856855486756,1.18720250188982
-0.0816589266844706,1.12529878752735,1.26627502510957,-1.82464471500249,-0.104097595258457,-0.127158475393253,-0.591663854059918,-0.851167915587588,-0.89446629793891,-0.87934553076548,-0.21966702005135
2.8515268118324,-1.20089084695682,0.281135174650633,0.433851230625464,-1.8829997896891,-0.126681475801761,0.0644373635431859,0.411053215122869,-0.00572242478618256,-0.478626768788041,-0.607551568339845
-0.33350698951384,0.578940584005346,0.0369810806326941,-1.17139289581063,-0.597239945242481,0.899459395510838,-0.518388639614578,0.530541743965799,0.154208172663974,-0.0538193945050578,-0.953815487956245
2.18499685773203,-0.904453805375131,-0.383332619767227,-0.951515820496427,-0.2102544161021,0.433428307973812,0.208926793773994,-1.29319324794657,-0.34159882976282,-0.102946384163558,0.365800545945813
4.22241035237315,2.02826919429172,0.372867192756224,0.954712294634556,1.43228414443044,-0.261113577187523,0.0404786106397828,0.0203635745690233,0.10786356956801,0.655934452341059,0.0268455913181642
-3.29888501647637,2.07270716055206,-0.0897199890028446,1.36473802706936,0.889538655411932,-0.578535961540035,-0.256712940976362,0.142427651912322,0.0246378272168699,0.362152471984364,0.681176460370443
2.61450129027279,1.57631365633793,1.26743865033488,-1.08701120015647,-0.322802075323469,0.569889799335886,0.0829023626359407,-0.452638883485072,-0.0791243212057028,-0.634630777967288,-0.796288439058162
1.27837991718131,1.54420572335194,-0.53565172251771,-1.48465330030955,-0.620923204527015,0.395841032439685,0.0293748988672184,0.0790577866691983,0.180015648634977,-0.217290113984239,-0.371311186670274
-6.3015741474444,2.22655360242651,-0.235930421597727,1.87366754965054,0.738943442105277,-2.52335911147748,0.459346938346895,-0.316635432925621,-0.733394869922858,1.23447867539112,0.945358407476843
-4.86597559175841,1.244210026922,-0.983797779025408,0.113942254598006,0.924311826164156,-1.04062139491754,-0.396371123961552,-0.154572099096531,-0.556461276978426,-0.0937983338834048,0.115706372883022
-1.23333442072107,2.59216521738686,-1.2267551504617,-1.19119594863402,-1.14261133112763,0.933517414657792,-0.0315596883730758,1.93074389601432,-0.192535615470148,-0.202485062040408,-1.5505909600727
-0.4701493899073,-2.32961823427975,-3.240472145559,-1.45897341026004,-0.529426200494087,1.73641546839713,-0.854695018534585,0.98885082099265,0.680614389073505,-0.998779600466726,-1.95526996738328
-2.27077135869236,-0.0309486299448274,1.56493865782747,-0.757456430141023,0.104518261544756,0.246543187137568,-0.395270691937808,-0.370662349673027,-0.550877092677899,0.220142495865941,0.413996841629368
-0.824699341223876,4.12749489859312,-1.19151099342618,-0.121106157173863,0.227867611962437,-0.420083155590573,-0.171026316464816,1.71201151104913,0.35745954387276,1.76557144563034,0.487512057704595
-5.48627895127153,-0.600884396652551,2.10789733542297,-0.0841119948893589,0.164812123310649,-0.253334543022613,-0.498625067978725,-0.265571240465654,-0.068170390991963,0.260701228519503,0.0844997618158969
0.0918841852283597,-2.29893659700862,-2.45930153089901,-0.625862497336734,-1.24975815561172,0.508625502682584,-0.914702557900637,-0.305155699002188,0.346595244365745,-0.681159393380553,-0.676479906775551
-0.902952560924775,0.888095111873844,-2.2845513780678,1.18274132755519,0.711028938916039,1.03408114138346,-0.0436225679738901,0.486674353754751,0.565300202994034,0.889385639950416,0.16218942888984
-5.21230424312473,0.470449825370113,-1.91590483691628,1.28863997397245,-0.377282486367562,0.25728304727837,-0.441213462562933,0.794827267090027,1.14974664702633,1.54339722664958,-0.923902035354555
1.3547787877467,1.60699312746615,0.134584987180321,-2.08921418078775,-0.404828358982794,0.672445396694602,-0.378102110294363,0.568222760695692,-0.0150433801436454,0.79013492473334,-0.303027544136189
0.753670987525412,-1.76671093701426,-0.00935357870648035,-1.74504989912407,-0.0893127876730353,-0.0228949464413608,-0.280638500314354,-0.199006579553459,-0.555560735815363,0.345705700830498,0.75656591807366
-2.6063267769394,-1.40494486035605,-0.523369988288546,-1.18747574213277,-0.433476074849316,-1.03019224708446,-0.969822785149513,0.526674633353101,-0.417346578670241,0.27161032549167,0.804702925607974
-4.39686274413985,-2.58836901178594,-0.0184014339649355,-0.645385180730384,0.343142767857214,-0.266329888296382,-0.782728511624837,-0.609013400093241,-0.633387547705451,-1.07654100016398,-0.429608672721541
2.25270440726742,0.602899391829277,0.788495480571347,-0.498400945335079,0.298493029631765,0.4543521095547,0.0626661102082649,-0.141530717873631,0.132944610796926,-0.594353355970985,-0.384121149659687
-2.22031915122887,2.31123374083586,0.315720315268879,-0.38686175994663,-0.844197938211078,-0.582210036166572,-0.305132497390772,-0.127956775794605,-0.393208646841109,-0.250816725671803,1.05987852105897
1.57702723829516,0.66253472148487,-1.96303729730019,-0.82286579895903,0.599043465511191,0.958207520357394,0.877247414331935,-0.274837813484781,-0.346140095664177,-0.916024522022921,0.466465874402947
2.19427313187346,-2.18189044175299,-0.690568292163648,2.08860726194324,-2.72488527508688,-0.702837536081066,-0.449247517202532,0.87392310679823,-0.49693072566592,-0.702648400503433,-0.304094859680834
0.0978763906872863,-0.581057617174692,-1.1176763115067,-2.13974337386902,1.16630731010195,1.27640883643548,-1.20224614269493,-0.786401962346598,-0.823472196812043,-1.36639343578242,-0.0786154891295886
-2.07848432690611,3.00958981238299,-1.84938495035969,-0.382123827872259,0.667237948152718,0.45700568997306,-0.33786532891849,0.3419315679845,0.460231931912512,0.35802124075042,-0.49049836425107
-2.95130225300886,0.187956862148796,0.824454550526743,-0.453723638067507,0.163525026384392,-0.461404919552235,-0.847906939673424,-0.908319484641501,-0.00808293049764222,-0.0734730321559965,1.89300706077673
-2.04721897535133,-1.26496005293564,-0.519074951926643,-0.360521631976744,-0.0221786711318377,0.910602328035308,0.507810782910566,-1.68641718339859,-0.370611948123432,-0.228890596538274,1.48848971241588
-0.721597922994716,4.53360477721031,2.2275546122663,-0.100451051443123,-0.47600152861173,-0.344159208042223,0.503707638052547,0.268224018681112,0.144890537755344,-0.174716555523052,-0.247854690188689
8.49082901675183,-2.79352541878786,0.0873176660773258,-1.0814132364468,-0.833555124935325,-0.677952635181245,1.72390673803346,-1.01028134994717,-0.282688391257305,1.59633558944338,-0.877083865495652
1.45333320900646,-4.75907492300122,-2.29540734026838,-0.0267665498921276,-0.776660202080967,-1.01720583922292,0.334540218339706,-0.0480732301537588,-0.460512306163002,-1.41627744614513,1.32456308848394
2.89684511956755,2.67828982504216,-0.365285829683928,0.273037559601794,0.742359092016678,0.691009040848015,0.129528247854406,-0.399649452991249,0.345426165936666,-0.254849197081815,-0.445296967641417
0.499895700699533,2.56796962649645,-0.0583290526312238,-1.26086947481665,-0.101947853261306,1.03395963367869,-0.337764043145995,-0.289405029370338,0.310363850545591,-0.794616122053722,-1.30113246980787
-0.173821488081515,-6.31687127714393,-1.68958537819126,0.298116673871475,-0.525877649784443,-0.77996820872304,-0.874492808684086,-0.501380418080892,0.534921937419378,-1.24923272904737,0.971787453013816
0.91764724292146,0.607695379589756,2.81807565714424,-0.951592287058298,0.151061886742294,-0.797858846233062,0.0123489127878692,0.673467110123226,-0.0181973068139074,0.697924302330449,-0.124131865420642
0.914943860994678,0.362962388385042,-0.545852340852343,-0.551565636685334,-1.48081138610574,0.865402422015379,-0.861721582944724,0.121970965283279,-0.00799776346587831,0.0211421792070996,-0.665777935054232
3.28387969634188,3.33372710924042,0.474276537403886,-0.340980407598295,-1.02669951498739,0.375287515471104,-0.251181925506953,0.126366685573393,0.808074907934218,0.860073150591871,-0.422230744466989
3.5125704944155,0.383630975724729,1.4591463725978,0.512767852439807,-0.0715527558820853,0.838842996126308,-0.319746168408522,0.189551047058722,0.315751469276093,0.32321752314807,-0.0801581769325623
6.45948079341583,-3.04784672264771,1.23230640174027,0.833987500208851,0.553601724501348,-0.681360037844704,1.90324568355006,1.03631338115347,0.31311876381127,0.761491415072699,-1.10229987093786
1.90752885662908,3.22603576922795,1.02968418871334,-0.514131035131795,0.179260685681586,0.402047401335523,-0.0394790447856892,0.270337150835114,0.542400870761713,0.0633050704999712,-0.54834019369472
-2.47811233832407,-2.78247096880035,-1.83848402875514,-0.984704568078417,0.591629024570937,0.46160968786089,-0.548688702211749,-1.36898523924614,-1.08850523532244,-1.51341261062689,1.36387355078164
1.12514183539281,2.78548242565379,-1.51499466146371,0.720047005805959,0.500736353571302,0.855591213373246,-0.000215108300279217,0.516545484130551,0.415971555072072,-0.00552119513740297,0.305266416575257
1.06371881234214,2.56996445880186,2.51150569017498,-1.19407098047074,-0.0131880561167084,-0.509488393873987,-0.0130887049739618,-0.989922852430412,-0.419523971670684,-1.19966507099511,-1.04770997518518
-3.67095199075275,-4.36312025132316,-0.33656244125192,0.310650982276202,-0.207537942355622,-0.881626980208172,-0.631254797716797,-0.578282638618405,-0.363517546234725,-0.884055442533636,0.658015854335691
-0.525218352198067,-1.84737849827596,-0.468502603403563,-1.66572728522189,0.733615581370221,1.03534463286609,-0.0936283865998427,-0.858301634390264,0.486330386892659,0.0861404022647617,0.671042666516097
-1.28722637609597,4.00008026559365,0.519869552586702,-1.55981857092327,-0.719878688429668,0.216085565006185,-0.0637508940367982,0.0153823683850119,0.0724340720135909,-0.0375448000106117,-0.850538096108777
1.65228632961809,-2.42601166217351,1.79869997021146,-1.5689412392127,-0.0277186023376281,0.0785984525049544,0.515968960871448,-0.0788965480633892,-0.177234112753014,0.317170039846751,-0.015980339699809
4.07152017768,-2.52838343199177,-0.800471128110564,-0.0143358750339075,-0.509428837285134,0.617924800769093,-0.685806011966782,0.900428379050575,0.149106471415352,0.0966220334319841,-0.399302325550933
1.39012520882311,-0.0444442331690161,-0.0384173756716503,-1.49629207761211,-1.06699421804199,0.249241731855153,0.624004358397248,-0.387887899828734,-0.455766242281785,0.20449774629259,-0.295004314559068
2.49538188004499,-3.58725850064653,-0.929368910918528,1.12256072898594,-1.6649886879541,-0.306212342120394,-0.652251784257533,0.590572586922795,-0.0740810188395135,-1.22660199875478,0.657322071542209
4.46948229176681,-2.20353143960876,1.5534853822637,-0.890291481120662,0.905050926497434,-0.292732458752194,0.692029067624299,1.0817772465003,-0.126267400720216,-1.08549249841123,-3.80773911083888
-1.00544037832954,-3.48364037682212,-1.02326812679664,0.440301059555673,0.844095206741784,-1.2326278719643,-0.216364541277002,-0.831603179878289,-1.04276732182994,-1.1557078950867,0.835967030754521
-2.66556751660054,3.4089068681908,1.22712221865828,1.1218472939082,0.735762407357093,-0.857752792693267,0.474045620726546,0.221518771045465,0.28649460202814,0.993687317654802,0.0416836512604858
1.28357668436792,-1.49782124319276,-1.84280385062784,-0.442016517274801,-0.0227653819910755,1.4215388600878,-0.0113687429331946,0.198301438794211,-0.0625069840649103,-0.498799708720242,-0.521981343034487
6.57089915249614,-2.33854930067321,-0.220914778442341,0.845742522207604,0.526155277977657,0.144497263890843,2.0757934233106,-0.831712874204725,-0.353957537325295,0.186740681283258,0.984624135520397
1.4079824172731,0.704447801432277,1.61562226857788,-0.760764134957814,-0.372102777041109,0.534082494335559,-0.0505280638200491,-0.146162388303512,-0.309706829984687,-0.691107379527921,-0.404980637154374
8.92348647997423,-10.5196698363314,-0.554251607550227,-0.377631270469014,0.856206103231404,-3.57503668188164,3.39209972817314,0.170953739891026,0.14869888268057,0.700275596685802,-0.0507994538721072
2.62972569771749,-0.589688392542202,1.92688760827518,-0.571940819088923,-0.82675962771193,0.887286663856232,-0.108092993194041,0.0399397983283361,-0.0481619962765697,-0.201445406916274,-0.101892241753088
-1.36114639916444,-0.137737431226966,-0.369606751617679,0.693403389756202,-0.780599711891385,-0.327531511798907,-0.664391323161286,-0.883854764714997,0.321410052680874,-0.400291322086228,2.07604164584815
-5.52601235200452,1.93907363952945,0.58794580453768,0.0205062880972297,0.800785187409148,-1.96272684581213,-0.0861880429999606,-0.498759430363556,-0.806690189497487,0.741441056780916,0.914518016354258
5.82292528847897,-4.20080694863074,0.300292829147331,-0.655257655620313,-1.35140381836899,-0.0445316972412426,0.704774792602916,0.0327063331987412,-0.0581155635692847,-0.160388614059697,-2.27401303914557
1.56879803347379,-1.04085590228236,-1.67906006443026,0.202109251035526,0.65869320159457,1.12390350698648,-0.103536371278222,0.0475359011294907,0.0836620842528218,-0.982289389348117,-0.558667570048509
4.02165650617333,-2.57198595554053,-2.1833244852452,-1.22583467754684,-1.22751555608743,1.80866041494689,-0.591694082521284,-0.546451104626326,-0.201752799945879,-0.683172184120955,-1.88216389463429
0.716177893467783,-0.523607896013232,1.67453713932226,-2.16339693093577,-0.575478842171457,0.0930115185291329,-0.48644431161102,-0.605672277680759,-0.621255198614003,-1.56395419057425,-1.49664240544452
-3.49416482716627,-2.19655648627269,-1.23481074163803,-1.13116367230477,-0.0120405739394558,-0.0526947541400772,-1.11536563630751,-0.801330334258276,-0.232645021407458,-0.882157771701076,-0.21148522275247
-1.28305655592093,-0.202139453120496,1.34713562449024,0.204310313487947,0.318236345764238,0.704278381947907,-0.28446710770462,0.232645389514539,0.332358977513383,0.351604485542688,0.295311460252228
3.29042284150286,1.70271996695412,2.40223698326276,-0.59478535633337,0.978803966686825,0.308569711264926,0.0894121015021224,-0.0737451794454134,0.283736106364787,0.413488861524313,-1.21846128387378
3.17972687391004,0.429788298356286,0.613284663701677,0.290969165840196,0.38303116475512,0.181316107384323,-0.0892334147911966,-0.851150089982992,-0.145755162884894,-0.1742597814958,-0.042218409858783
6.34583374419257,-5.41235496005789,-1.25240522739558,-0.89005374453108,2.07849950281166,-0.460352013035156,0.715109901192832,0.156212387139865,-0.332288513757861,1.02514024542994,-0.731492220768874
6.81015267560046,-9.04923007822234,0.507475588279564,-0.457858586605388,0.469732883462222,-2.28043887794607,1.65670197814628,0.27420022689898,0.567374511349349,-0.905015385672375,-2.40598912292592
-0.573230246301746,1.75968019101827,-0.886066144517107,-1.04390339528155,0.18336004021149,0.51674917811988,-0.051177866799151,-0.958185644486198,-0.497538092701562,-1.25082801710962,-0.336195798646477
4.27775055275502,-2.39477397175876,-0.648207741993645,2.21817416876623,0.198406359167263,1.01216243991399,1.49651773221813,-0.64197846798665,0.071730614714956,-0.398941599678708,1.11113521299733
-2.74077870201322,-1.77865746214309,-1.54262271315501,3.40354255440314,-1.48089677818179,-0.407567726782475,-0.579026540290884,1.06826074349639,0.75469256927361,-0.760310453213742,-0.891508926994976
-1.98103284839904,2.77528399867501,-0.877216841063912,0.0311128213485344,0.400603697475551,-0.268452691447153,-0.371443491243235,1.14857810868444,0.356861895646887,1.18207042807516,1.21100551110605
-5.99690661998635,-1.62488025990981,-0.181775168342736,0.310674214284275,0.754081855188384,-1.43540229538101,-0.707414809470747,-0.803256451207596,-0.806675721263306,-0.163572035430072,2.08222255849996
2.9350366041317,-0.232217122515674,2.11212869887956,-1.40111057571991,-0.546886117536366,-0.493329496766101,0.0863500378134235,-0.712746582811527,-0.76055304135793,0.602054343711616,0.0315502877519657
9.00344828053922,-6.24155979075275,-2.49255318436119,2.08046484877489,3.38137692631013,0.0191484803481843,2.93515907459867,-0.20094714732888,0.120571068309028,-0.615142126838562,1.84201364180669
4.14808551549169,-0.997841347440911,0.387339302170065,-1.58861372675182,-2.35276057013489,0.0605810269118854,-0.779779746930019,-0.0778364199062525,-0.0980323009523368,0.740815444871164,-2.75762055732202
1.16795619475801,3.44765300747308,-0.350155649399436,-0.529863953091638,0.361557649368411,0.115656455414686,-0.282566482437537,0.400071298870926,0.129125844049682,0.192582147406395,0.0751537201220917
3.15629981085638,-0.43977880199995,0.532100166008163,1.43404293818912,0.809073525857446,0.228898779416757,0.221122400483014,0.798398294827454,0.163913777847396,0.11057539580698,0.00416211441226762
5.10380014009729,-0.0552531841458206,4.10070657407805,-0.84493920488027,-1.68066692389123,-0.541792143526277,1.02964115600275,-1.3340631623802,-0.122640245326404,-0.401062762350057,-0.364181571236405
3.84255117828612,-5.23902992412954,-0.467663517199399,-0.980939700196929,-0.823697679367603,-0.230692558423309,2.0736205147656,-1.6618600514328,-1.17618403426441,0.311666797954169,1.14318582118886
-4.27920489332626,3.5029975935327,0.264962267461172,0.0658932514192656,0.347595144675868,-1.39919375091455,-0.156636135400524,-0.826671288363524,-0.199941138407394,-0.117332397603767,0.974283677079771
3.32409868660338,-1.45662743568138,-1.44428732988743,-0.670891531230784,0.610749057169535,1.49697841272578,0.0300476547235086,-0.01472293207617,0.489276324555542,0.57074501851349,-0.706281384285886
1.15566375284886,5.52503816879328,1.44284952943908,0.361933285230423,-0.112836318474295,-1.42154365481396,0.317879435221805,0.833393029822814,0.526115029391344,1.24805413002671,0.739664958937331
0.186901339681361,2.25254657357087,2.38020557874358,-1.35221771898429,0.156526897266568,-0.406367060739275,-0.444943892783062,0.18012523188996,-0.11684020208898,0.892992743914714,0.570787206836497
1.11781085022271,-0.980014525719486,0.202602617866602,-0.0362672715151091,1.47072540722594,-0.750045615841638,0.0207690051155465,-0.548235933844248,-0.45558157684098,-0.0402309379674272,2.17767450590627
0.525100432237148,3.25900512573164,0.386530318692755,-0.686029629154328,0.841130227889207,-0.0704091582919526,0.0717399048805622,-0.191985701559732,0.00745103050942341,-0.0080691759021696,-0.286169443326396
-3.17272618561293,1.41974432232768,1.99446076798292,-0.801448749454063,0.296562418846239,-1.46245396167142,-0.698548089117843,0.464897446232786,-0.429330439707015,0.552297031297089,1.63077819054712
-3.07932506974382,-0.900157588716339,0.694720193377741,0.100814782716276,-0.216903908092769,-0.497378017705449,-0.796803905026597,0.548182867792692,-0.255881118604603,0.137931939134769,0.933404702748849
-0.0572560154927648,3.12746044712637,0.847342504362674,0.615825953254187,-0.350623946135474,-0.192050818047699,0.413885997895978,0.823297715503912,0.271378550031639,0.503848284560071,0.388559469559732
3.43762577086079,5.10969979889298,0.500882455856071,-1.34641700279716,-1.11514563165219,0.363114569133219,-0.13798940842468,-0.889900070933712,0.776517854154922,0.580733757678366,-0.611521996571415
5.30237317277452,-0.349577730547127,-0.220268280831818,-0.224922401221766,0.198925279630261,-0.470020437430926,0.730319775054136,-1.14903087190419,-0.441327407201145,0.235380093061713,-0.0222411445593964
3.84682514168953,-0.687441182739877,-0.472544899811546,1.78881277684108,0.179001415166504,0.786090055707797,1.73444430217833,-0.0793048684948903,0.324580611214563,-0.166493566632066,1.29832796916281
2.68771813834006,-7.5766616273429,-4.68011053435451,0.159895833219495,1.80116344686238,0.658548210400238,0.295737640690615,-0.859285753423501,0.441433352640779,-2.98509102408467,-0.585940047237476
-1.02562153152963,-1.75972042383278,-0.162131129430718,-0.978776423897885,0.0966168909795531,-0.85116383496322,-0.0300350957933846,-0.924999652642746,-1.02646998115618,-1.09411633003942,1.02133243291538
-1.53297222988556,4.82528818126635,-0.407283728856567,-0.236497890462642,-0.642840412063533,-0.301698615813914,0.0750959109890944,-0.0571392069107051,0.402006520459478,-0.0113188387077444,0.266043856993444
3.06478166646813,3.69458646914244,2.58091141495261,0.0574604540323321,-1.1675418605642,-0.0528038204960849,0.399921885905067,1.40929267521709,0.922684170971723,1.84520762900578,0.0353332585914334
5.13026796842167,1.10693743567227,-0.90419189558257,-1.93873170428389,-0.456323726353873,0.425892067803628,0.0983273166767068,-2.20966954428132,-0.531623238650183,0.186082168554813,-0.0309464592685231
2.47688044659676,-6.77040580922452,-1.72335061064692,0.94596753522485,0.537398307862632,-1.9293419859359,-0.349074622190638,-0.0872124296811366,-0.397383583575402,-1.75919493616522,-0.450653183607313
-0.0400327709101231,3.74578279204019,-0.289740054600691,0.323735457455716,-1.2047511017248,0.524112881613327,0.219008978304914,0.348804258523963,0.33304627666353,0.939885125444213,-0.63993769141958
1.70403098132244,2.74369988449927,0.0872805318859304,-0.315351150521956,-0.941130091691523,0.468200773931549,-0.151014453190253,-1.05802356804023,0.122547381368474,-0.649098916165768,0.80158581473611
3.88777585271693,0.499139239513512,-1.15478795292824,-1.06516618658279,1.62425362571833,0.757950609896238,0.0402342293027425,-0.561168414840373,0.204307368926141,-0.430315831066407,-0.601771292705736
1.77366916130502,-0.234200131576871,-3.54145811030449,-0.204383816909241,-0.602980460830796,1.98290019771901,0.525462930635462,-0.757080368131173,1.08434978525652,-1.08513811557062,-0.515098030294295
0.38269980764312,-2.25821177151107,-1.64077753717717,-0.514736855448975,-0.00334336656992355,-0.754012119324326,0.0582095585671641,-0.0687019712572349,-0.906543639380872,-1.27063627868575,0.151159194728346
1.08681324004197,-1.20574922385931,-0.959700762979586,-1.59283820745078,0.874517354191801,0.442237942947136,-0.899436446446231,-0.840226344054562,-0.746100954158806,-1.26197217308579,-0.819105094410118
1.91865736337434,-3.65383463686323,1.10967334773496,-0.969540037192728,0.515421302472206,-0.176681935965662,-0.751913531640728,-0.253792748659307,-0.539104395702125,-0.330112431929946,-1.35885269377566
-4.55360344110677,1.97190843162727,0.262801503391391,0.416417644592132,0.59270248471588,-1.23011306776666,-0.160298263384516,-0.83514602835279,-0.696038931275547,-0.0802379219534243,0.899507685508232
-2.79213533262081,4.26210265406892,1.66807445159612,-0.529153626102222,1.95643964793492,-1.69082706985029,0.343880885451039,0.907001755863925,-0.0162379711757739,1.79299158318724,1.61509791979107
3.40601181126035,1.85899972325192,-2.61703962561707,-0.580533774342211,-0.405443249483055,0.887626896709736,0.46387264646592,-0.459643971766001,0.383829286850638,0.209063062512926,-0.89545047213664
-4.33205672961163,2.47596631566204,-0.636149907669741,1.77388840987886,0.550054690988258,-0.763038808230606,0.180460032330023,0.221329407543148,0.136169717192718,0.805247000070056,0.30675283477711
1.00311454365472,-5.42250801657979,0.301403633080671,0.0409219251418303,-0.210591250825603,-0.677934260098341,0.825089571484072,-0.565489043475067,-0.634740997631617,-0.123635838622602,2.9036462217164
4.32450176893206,0.67673397980436,-1.20901394900173,-0.738102138343569,0.00505223295611882,-0.631319895927709,0.116067391986145,-0.0417509938722745,0.125170900381682,0.400715157343017,-0.371527722263243
1.47639958638683,2.01347407902299,1.60621801886578,-0.913499333966891,-0.990950369444455,-0.767279970063024,0.663070757282072,-0.283542357313137,0.371263852394781,1.41619506128173,2.1782817705651
-5.62531058935418,1.51781246354138,-0.0473120579518691,0.872272293222931,0.329141840319649,-2.19613523939495,-0.257550491615581,-0.571921587529542,-0.829084644244018,-0.331500502795295,0.91472721142932
-5.11059756273521,2.70675875922898,0.406833962775006,0.170309824185273,0.362902446148775,-1.73631274731616,-0.321521628338992,0.366104888011575,-0.100027181051994,0.913482284489428,0.788654192400406
1.47079726822171,-4.30189730053502,-3.92344737330405,-1.3393152246953,0.119761420939482,0.638788510014495,-0.95482824282075,0.510224805994356,0.443715037838138,-0.34225523033111,-0.498185173596105
-0.67394906503751,1.12332057666642,2.20557390994087,1.01317464310926,0.343701166063288,-0.263022063963958,-0.267436480475677,0.636223819121336,0.298812105822499,0.861105999593369,0.379576391857697
1.42400645515902,2.50365296674868,1.62575869510023,-0.049833683715348,-0.306197917965483,0.459165923836361,-0.215751653676972,0.424579976445055,0.367933720397519,0.592221816567967,0.584089130987953
0.803058579449196,4.00424872648658,-0.00962050057910244,-0.656121100490582,0.892216336763806,-0.176418989607879,-0.00618763420348642,0.533923945325992,0.21748249361715,0.1416135510517,0.376421220571923
2.89095644960882,1.03492995265033,-1.25947719615848,-0.341319611971447,-1.4158023925042,1.19494976680492,0.290691376395013,-0.436470973540647,1.00035482819075,0.41862392100579,-1.16361296154934
-0.812911298147527,0.870311825850393,0.953874006084402,0.823747065021495,-0.236460084291836,-1.45740938509223,-0.817784498336994,0.0345310755378269,0.0839505364234301,0.579631990578954,2.98645780304428
-4.01837223523212,0.818087975337327,-1.73365178143252,0.0449802911357386,0.253880270679712,0.703367729720156,-0.738910289229715,-0.429285288560569,0.148662532897019,-0.856663422932937,-0.365808965475346
4.65441245921295,-0.487785812538241,0.875102177021328,0.895494473761507,-0.354366445469972,-0.612752363260827,-0.0289668514384194,-0.315341523152413,-0.597496232930578,-0.561181341324602,0.98747187991407
1.31319357004945,1.27214268467212,0.508919700610797,0.754411327613833,0.18033969515881,0.333795147955301,-0.264497578885303,1.04007341540325,-0.129914478647344,-0.328585465298373,-0.425798070778775
0.0801541383144142,-0.586119179354625,-0.34070073726681,-0.281682765797696,-0.715288107520263,1.31560769622666,-0.182047538999385,-0.454424203480003,0.165483753260515,-0.901982640684727,-0.177416146386909
-7.07899501957062,2.72548532428837,2.04825353724093,2.32498086070869,0.799655648610493,-3.26948344993409,0.832771285320192,-0.385866836046871,-0.967017369389554,1.55945150455164,1.18999462418284
-2.73044207123296,-0.654314913617601,0.632971196442225,-0.34182797075791,1.09033188131252,-0.160788442359002,-1.01825457583158,-0.215722232521503,-0.740482046467218,-1.07062796679187,-0.418178505351559
3.91441905702499,2.10815048142911,0.312358897295951,1.36947157888025,0.148007268594111,0.79978081809252,0.692436758465918,0.269681571992088,0.838599311467554,0.290844274067387,0.274540161740106
2.64068130711855,-1.45062847716523,-2.01617506101017,1.16694336501924,-0.0462528363264465,0.79224844499174,-0.403866031069681,0.883247482796322,1.27613602716681,0.166536258345311,-0.959463937818988
2.267242819797,3.14532902939621,1.90515529600196,0.894908605790782,0.614765158965366,-0.52382665255558,0.172750045441334,2.08629394457831,0.703317107766259,1.10017304348221,-0.211966781573772
-3.02004195583884,-3.2398173960296,-4.5486504723589,-1.77859315138292,0.619917114018501,2.60860711095499,-1.14793076356876,0.199791218346105,0.953767780889763,-0.805276502026956,-0.734489808555021
-1.59688021719091,0.453873172044268,1.42486979927201,-0.745794760928328,-0.237585480717279,-0.226720869979288,-0.69139883859466,0.989574346771965,-0.263203732278832,0.961652377702232,1.21759447697384
0.556705665714845,3.66855600717193,-0.26134856911187,0.025256893159419,0.925565639165946,-0.34610192957204,0.20417899264554,-0.392806235883348,0.017387788332955,-0.511947270572351,0.234374107352626
4.86975528964347,2.96879399569761,1.07512187376937,0.927577218452098,-0.423124991771163,0.458405509806502,1.09412764732913,0.120431681106965,0.874660403680215,1.64570856187932,0.319403399282805
1.72057054026965,-1.22852592590287,0.2113407657618,0.719817633540562,-1.33276568096678,-1.12012519203845,-0.654617233446128,0.363165714900043,-0.489275757331162,1.71241775668023,0.591532006198009
0.331747643601581,1.92071957134663,-1.93047304670395,0.662948970125096,0.682069049156156,0.22723702228889,0.154272762024736,-0.355447650960007,0.318079529691047,-0.259820038935031,0.495345129556341
-0.043616980312242,3.40247327051035,1.53126668875161,-0.65369125733319,0.0172347644645114,-0.813485859660496,-0.156268644229985,0.654408838674413,0.143529092860814,0.82900877603164,0.770556948902952
-0.0761352024182296,-1.49280331277531,0.959489828618967,0.356197157447692,-0.11368124357414,-0.965798924875499,-0.329001433869674,-0.145661462487872,-0.4981246573148,0.506447538543724,1.34010615860279
3.92927119477655,0.0501764464522241,0.72799840461811,-1.85601639171336,1.23115140413616,-0.408567500404681,0.0566848756217771,-0.271796767277342,-0.509112661988872,0.909958015760418,-0.0194733759595061
-0.0382249697759154,2.55148131751369,2.83541146931049,0.512348468157903,1.05346389274942,-0.586463009201415,-0.147142900320242,0.0247598346609864,0.118946391373987,-0.308674539184142,-0.0480867106504314
1.73591293268174,1.05692697650488,-1.43638303910237,-1.13445170933935,1.5160301220342,0.0577584724008108,-0.407795558167528,0.572237626657611,0.0874271434672198,0.273802553497868,1.16715397004708
6.43823283495333,-6.37342081387013,-1.54894260354258,0.243264509097966,0.407973115453142,-1.56609380559476,1.08996046802188,-0.0122209928766287,-0.850654179179172,-1.03850117632925,0.180519399217435
-1.06958084512416,-2.59786055339751,-1.59968059003779,0.211464658816503,0.073502770760626,1.358832135385,-0.804449144010515,0.288038429231321,0.657813520351916,-0.444787937520277,0.229317867158033
4.67568692464471,0.678581352163565,2.32775188144958,1.35033917888501,-1.53333771771899,0.441814323189869,1.19122624986514,-0.53958140005461,0.416303753414349,1.30898733373424,0.977651141596623
5.65944044186135,-2.03819795399082,-0.0554932989159931,0.157696599429551,0.741450252781509,0.316122471250967,0.888965381882064,-0.486008963275922,-0.433215863696553,-1.0927649990098,-1.95121777582264
-0.657498510796279,3.46060697574656,0.542327251581835,-1.84123622012036,-0.0583395279891321,0.111103861102319,-0.341439439839033,0.0268213621960124,0.158436852369945,0.144227447318249,-0.562869831233166
4.62663649490677,-3.65549490683489,-2.74282336462461,0.470861819352697,1.53811562917627,1.45763475469818,-0.146188896222942,0.514048034089288,0.445254389262038,-0.479923501109162,-1.34822362226664
2.02329131067697,-2.13866702927315,1.83191011296225,0.477628272857973,0.982687086768459,-0.554935705327912,-0.109805235455795,-0.493060735529535,-0.206386413587822,0.129763290255839,-0.574150104406756
3.05639417832239,-1.88098933739255,-1.935052481477,1.27476942113056,-0.7683778907032,0.439965689075374,0.254321922497899,1.55534949009389,0.459150896919038,0.114044152810338,0.163597613044794
-6.97497548406661,2.23845463051661,0.922598088609127,0.995935731953146,0.438386663234553,-2.45925641846335,0.202010830085088,-0.864860162848375,-1.0625427984063,-0.0217605301582709,0.597922918352428
5.4293503066689,-0.0894401808948112,-0.0128655248563532,-0.593112091940767,-1.56481104372024,0.0342552250255709,0.11899812062076,-1.13685251047642,-0.303000914635063,1.37734062854966,-0.633533644939169
5.26740015307616,2.1625630972254,3.54091326125835,-0.456660279100965,-0.740598423817505,-0.718439789144311,0.495341793955992,0.357517756736552,0.314171916169844,0.845410993399765,-0.227020556984159
1.71032246630674,-0.567682547874098,-0.750218942211005,-1.22132959601068,0.11320487461244,0.944145117825875,0.065143962210087,-0.399940450265323,-0.065552724510102,-0.0881310576987829,-0.0540474762403546
-1.31598423553594,-0.576363248596249,-1.64150693633096,-0.0705323520922735,-0.2227100061642,0.906946322212108,0.167138685916787,-1.60812821108653,-0.624250007553066,-1.43846153552014,2.0056165982267
-1.6930191598394,2.52709606683036,0.555326379639511,-0.825819378798276,0.0322417140905241,-0.125606989083752,-0.43083204954769,-0.247954221566427,-0.221801879098569,-0.307793517114758,0.330173554774859
2.80351308639682,-2.42810068854796,-0.280331044696779,-1.28581439173394,-0.0968619727215314,0.182461312569943,-0.0683592987224012,1.17357699631163,-0.290474115487158,0.219763629433707,-0.13386004582989
3.14790195685893,0.67075023250334,2.80230197861484,1.3176137985161,-0.856462392865476,0.289487865538843,0.31312117927976,1.49185195137475,0.522700073355986,0.338088569998477,-0.0702054604924203
0.507992564687703,2.87425420191379,-1.11100600373032,1.25340922674365,-1.74494836246999,0.411636430336031,-0.039770076503743,-0.0322057524160231,0.8271975873396,-0.915375415616738,0.239917121820086
-6.02599747035978,3.94489157513259,0.772420721839943,2.24461689003936,-0.261747829594623,-2.84791095394767,0.752142486109624,-0.305816330050581,-0.655114203746467,1.59205310988394,0.850138878261288
-5.45872212717239,2.80371071264234,0.318224528781952,1.20107554719884,1.59861537528783,-2.53625269217532,0.351552759727399,-0.566701061466464,-0.478437104561248,1.06749120021015,1.57618575527836
0.744263579589304,0.603527468747351,0.120846859403751,-1.25218230865547,0.850391519653279,0.53548729196331,-0.768267516847213,-0.528945865971263,-0.878784007430174,-1.62503093581946,-1.31466057963926
3.75308623662778,1.37723508663914,0.443977679786075,0.450225230313435,-1.85223631871821,0.717034094571988,0.211701408571201,-0.154117439373029,0.140088003122466,0.687222920171654,-0.666651763242527
1.93968607359196,0.232504743021503,0.196277135363613,0.290059072703878,0.4413650498451,0.530776250090627,-0.819561350555674,-0.56687155542657,-0.502586919946993,-0.436236844602766,-0.0394908334773441
2.759285407017,2.7487656631138,-0.148126137537013,-0.0204171269813756,1.04670260938489,-0.709980450852282,0.213166880729684,-0.816561821364593,0.29171845760878,0.0577477513036491,1.3815725855724
0.154010701148041,-1.99389589280299,1.67834902875136,-0.488968780627147,-0.855651513429837,1.01552384711707,0.0437948965708844,-0.165289903154558,-0.197988319902189,0.547841760789169,0.525899421668649
-3.99666318532013,3.52739216447742,2.61510280537541,2.8276764794469,-0.230194951884534,-2.50956921511257,1.1389454301247,1.5081355987675,0.248129609825954,2.94921941563632,0.66822343648556
3.44172008163955,-0.931977185170249,3.11679536411252,-0.252586808626995,-0.299061554062989,-0.646665996381437,-0.0643683787430492,1.04673051109028,-0.0461117469405572,0.225011532226858,-2.44710508592425
4.05755404138786,-0.373653777484198,-1.19285863989193,1.06459166598008,-1.8047463070224,0.0176556893150937,-0.598726501710277,1.70781788651526,0.280411757430533,0.795212394710601,-0.115118352850364
-3.98945870148721,2.03627263778501,1.03242497055684,-0.525242854714668,0.343247869896014,-1.31346610877075,-0.266515079062002,0.950864201943426,-0.436844968505435,0.978393098838237,0.849845947900024
1.33749653336957,-2.00863280462182,-0.250410699122285,-0.650244603712565,-0.631820856737844,0.51994837156504,-0.868466375629208,0.437149273859507,-0.298160887842291,-0.0727975573609786,-1.65665804554953
5.27111195768411,-4.52779267801429,-3.05752479102381,-0.239598725296697,-0.0127558461120666,0.954191587123148,-0.0390161662741937,0.157336393337573,0.509653990125342,-0.113826070598035,-0.00385522435468979
1.07013869044301,0.130019323157018,-0.883571742179057,-0.484857273147641,1.56875242523332,0.796817820796566,-0.710169156960854,0.0676523553617725,-0.054571075953848,0.198991751928299,0.0108023642609744
2.12995337691944,0.500059242170603,-2.78888808836446,0.617502417383043,-0.780791969681982,1.52280920859435,0.603887594093285,-0.177357327222264,0.200802841492632,-1.04975988455735,-0.0625965214250951
1.26014233273887,-0.717036103352542,0.75424074429326,0.10075607733369,-2.7636147597716,0.413754728610824,-0.556718204598171,2.31963101183925,0.264626152737836,-0.390834420013728,-1.81025530597417
1.58606546596312,0.427243749286313,0.419581435164553,-0.604039848460979,-0.665715619298629,0.609239539501581,-0.326219878387399,0.168351389451915,-0.18436263728724,-0.382386614129859,-0.300622356879121
-4.59681941393932,-0.506988812884197,1.50367565739656,-0.560058597588282,0.187306507862842,-0.435378498846064,-0.396665934815731,-0.713692915879797,-0.21020224119864,-0.0541822515641059,0.872109836781909
-0.402867332969024,1.09220251586425,-0.592015148489503,-0.809534236418638,-0.219766964155247,-0.0577404253982453,-0.401419090600157,0.746395365814846,-0.0629663643331625,0.174221912985011,-0.10536407789466
4.68339686327326,4.54112801709341,-1.9494824748466,0.723572555321002,-0.831717235433103,0.193773578885129,-0.60326773188235,-0.782531222387748,0.959678763245305,1.29728591411063,-1.34227182893473
3.68219655882137,-4.36239102858761,-1.18538091653257,1.67422048547566,-0.455005641676102,-0.22791923528404,1.43641919438411,-0.768588207263314,0.433425117576135,-1.98683033173095,0.883014488350617
4.5236959542326,3.71929426232626,0.892842613896324,0.251714279845971,1.28851894062196,-0.359593343461368,0.498771841169602,1.3138010325577,0.846524029309664,1.91137959522047,-0.363600643854906
0.309937813531399,2.0048196522525,1.59233992241723,-0.50786011402209,-0.217322471740914,-0.432927776427035,-0.378391718653087,0.564038400046053,0.357820199757138,0.73568867991884,-0.600661386074082
0.242722130357133,-0.435073585806633,-1.02726562201937,0.77366246708911,1.48288421139347,1.07447622067948,-0.588382619588724,1.0055733792839,0.689793269000707,0.0474333630177597,-1.92595576904528
1.89974959135072,1.45434705889443,-0.0510171716934117,-0.585118524235011,-1.07616926901706,0.333611195148545,-0.642902968836746,-0.308723864217724,0.168357734901821,0.0344413022503747,-0.611645323361039
-2.28907161674407,-2.00476592723958,-0.322184345240663,0.583834744408014,1.04036315717308,0.172633151744135,-1.26492773362436,-0.974774302576269,-0.686624170529287,-0.986215333647855,1.15265034150167
0.770758025672446,0.902352993654281,-0.2415537120524,0.150566800554571,-0.538111970885004,0.128119377621941,-0.53499701246285,1.19407674564168,0.0551689940241268,-0.567481103843192,-1.04895041217744
1.56594801010425,-1.70291029424754,-1.37863434889324,-1.21860774782487,-0.794657995662588,1.09534990117117,-0.792700759410044,0.0993817815192985,0.254512563079509,-1.46868528192861,-2.38886164110933
5.23897361783404,-5.16928559643571,-0.659737210023385,-0.151636044955861,1.02522647461039,0.484671012522688,-0.00955463430738885,-0.290704076236216,-0.492943355021087,0.218960464417662,0.125361244513292
2.10233902607338,2.73138579129818,-1.46099441873718,0.82133172292871,0.791771152679164,0.880545114141379,0.250350022953709,-0.0804680217963162,0.514246000084778,0.169261686288834,-0.0316980968788662
-2.11099045120821,3.62599608134714,1.87415420519797,-1.00438479967674,0.941617975753406,-0.984477359811322,-0.0237041165851528,-0.184859555901654,-0.282942431439403,0.39459195838621,0.581972765651637
-1.14118031723107,2.53214572174626,0.478632849290256,-1.0257797251618,0.201395997356827,-0.240402375141848,-0.226875276071811,-0.444735165950267,-0.0603149021903226,-0.459293917924684,-0.198450734720113
2.17214739655504,-2.54367569506019,-1.51157939044661,1.13432021609888,0.646438469274277,-2.49934899623827,-0.35154137413913,-0.61324365641678,-1.04458121862171,-1.16760808288345,-1.06354115065794
2.80666724706144,1.12903115434263,2.99210161523332,0.537880627698835,-1.38666918950508,0.0597307709578645,0.849170664904249,0.071227781309758,0.2480382013754,0.201856221771179,0.701600687571041
1.68569699110316,0.910848883149134,1.3102927909182,0.88299985965347,0.982897805375166,-0.863023061900701,-0.353847422855528,0.276445918238405,0.200340899834583,0.135321129881212,-1.0029501648609
-1.26903887590105,-0.929083606858264,-1.26379658345143,1.30144950258103,0.0103919217795528,0.204870152806975,-0.636787916770508,-1.90255865193405,-0.271909013285289,-1.78798227115855,1.93667508024293
4.29142480944138,2.35237332849211,1.53611823366706,2.15102586176029,0.320559723560013,0.886081068493585,0.626511332485837,0.381544996382889,0.464236075959024,0.748332314379135,-0.238381801443883
-0.629080986815139,4.29095855440438,-0.441393619992311,1.34473318400439,0.301365082341472,0.186980715221169,0.163017811780995,-0.0608325547353014,0.730999469824024,0.247004403054632,0.618776356981058
-0.192999433751691,0.782693926283631,-0.741395296090758,2.60970939980272,-1.4878508746634,1.14310249308427,0.794090341991083,0.515330278588,0.594240408610583,0.568748718087927,1.51984463409279
-2.92340079948053,1.28093039029219,0.732149718019732,-0.011761131662103,-0.00303831459186387,0.933754721782758,-0.421212691187197,0.119769853655588,0.856528103898421,1.90213448897912,0.442767737271434
4.31044747869899,-1.61986352730538,1.00849926685645,-0.0769621426122767,0.0555373408997749,0.341868751864225,0.796757270315551,-0.0415347548838043,-0.337758838948571,-0.126515215026294,-0.312705408316086
5.03348987066684,-7.25661326909608,-0.271842879058149,-1.89516823641436,1.09338506967545,-2.27083992991778,1.4082969705421,-0.10220118812996,-0.673133742940972,-0.705948239518396,-1.93396620619063
4.6764759546154,-1.36264998330782,0.430973060550329,0.956299543916616,-0.67257016014909,0.222919100815861,0.0309412304177606,0.0469547504966345,0.0227419282381501,-0.273031326190934,-0.313114444509742
2.3296874727983,0.486097822338256,-1.14917575835184,0.902520981202021,0.083675820103379,0.426039365252647,0.196862014224801,0.144616228304438,0.265766277166613,0.237836512722553,1.07612202084399
0.313031742940479,-0.118686133936448,-0.0137472274301179,-0.372349267702384,-0.574186582211314,0.291168261780822,-0.493638544279938,0.447208639187368,0.23804345956296,0.031456222595818,-0.365854697755979
4.3513440632913,-0.256351396873762,0.469107641875417,0.685178986068945,1.47049143334076,0.0700349846454789,-0.726518493668127,0.932849251843077,-0.00677845809501754,0.518431234515325,0.305743852190268
-2.25653306142322,1.76692217841732,1.09716886442218,-0.161914306048277,0.91556813556425,-0.288158848774782,-0.532532290666833,-0.366015194252499,-0.183857837402809,0.388039369827622,0.892512640746827
5.36301099189851,1.06137638627693,-1.39368091453828,1.84019467382136,-0.871273475384973,0.0259834291272377,0.855564098351304,-0.282272092642188,0.163236396949555,-0.25958651823303,-0.334609086109506
-2.81203425273405,-2.09335038178332,3.52785812463287,2.01229287399533,-0.136321428026575,-1.30490993491897,-0.112565068235916,-0.25168633302456,0.0592450822847811,-0.47771614873461,0.747582627035885
-0.433073572540458,-0.896393760550973,-2.17489918936907,1.47571253430003,0.324924583112943,0.980930652672447,0.103599067712382,-0.872836201994363,0.230394279265297,-0.665800945140473,0.946499222903328
3.66162174343115,1.50080429267306,0.128859895471275,0.436281887752434,-0.83622049898776,-0.0984130349741925,-0.178798974424114,-0.178055896054553,0.693018702141409,-0.182124160676257,-0.860203103230919
1.75503991993486,0.515554477004579,1.03522881048529,-0.298384183147877,0.538115026766774,-0.143400736858608,0.45408107509569,0.441512821816439,0.152726192838949,0.441702574519661,0.492587538417984
3.52332523382906,-1.86056551858246,-0.774156389440588,0.358862968549137,0.280352086857988,-0.256995654835245,-0.115495013436069,-0.548801269299338,-0.809560643673687,-0.69616193575295,1.11774055721495
2.72715416821282,-4.13000356794149,-0.0785479332259967,-1.32554624917079,0.666493443603525,1.37914413120319,0.125126402066245,-0.386128215960736,0.169796668652902,-0.418853126003552,-2.03276575846041
2.6714124450499,2.38270211147487,-0.321059266001553,-0.0540988674841841,-0.170218327828871,0.459901477724127,0.336830071618731,0.313237399355288,0.657210874642012,0.198264784649449,-0.263902339030175
0.631918682810871,3.23417984400406,-0.274792815244497,0.439448848091271,1.52165751974705,0.253157832832941,-0.123374567381759,1.29059931906975,0.724489867098676,1.19609108204259,-0.882346228796115
1.40298073926726,-0.485415983236646,-1.83916005204633,1.32208448024893,-1.08330578846126,1.87468028578065,0.216387435773399,0.0633213615035651,0.701168358270266,-0.0501479006842713,-0.384141417294937
2.12375860788891,0.142758569008776,1.60891897326905,-0.248972158253029,1.21805837178882,0.518403203731136,0.309297344446541,-0.604678520868117,-0.0582030346177993,0.0549145152022019,-0.837286743423748
-3.04550871069583,3.51353033679787,-0.499081462583077,1.59549733449787,0.647853274045681,-0.666367086100087,-0.025815653347404,-0.18461063675812,-0.0978152669411668,0.47981490020713,1.21211868431723
2.52154845466499,-0.328988537800441,1.99385232219779,0.676878640912332,1.13560826051036,-0.431920216077539,0.125304535077989,0.244845396872882,0.159151879968596,-0.264811452611694,-0.187828993497074
4.64438742602339,-0.365856497329158,-0.374026004871883,2.16800900727786,-1.79018642878056,0.950635704030033,1.27624881370937,0.246297988890497,0.725621404299506,-0.438018443868755,0.125220558635279
3.93815985451559,0.464239994830948,-0.857695929663394,-0.156576142030236,0.0283096564307588,-0.0800830911657377,-0.0714794159060677,-0.60363464611826,-0.288384488138491,-0.795177637301191,-0.451804655944191
0.789637915933401,0.0178444206149059,-1.24454347734049,3.76878018009902,-1.05910758892565,0.14757561184455,-0.775454744536247,0.542618041632626,-0.173225271025433,-0.449291002185326,0.576210917738702
2.72559391900291,0.131165779924002,0.454641236835159,-0.0443996295461322,0.83390296205846,0.600209435801377,0.427396271639691,-1.11149554783156,-0.46765089110356,-0.768145276796192,0.101734870599193
5.50926826222503,-0.359446980847005,-0.303303573358041,-0.0326605285541087,1.49801625914593,0.278835205467492,0.174493733153553,-0.183228591944996,0.0860391893691906,0.490624812079884,-1.10292636870057
1.27880090051984,0.0673851520684116,-0.683573646561369,-1.10186091245349,0.661216080349777,-0.0538409926381283,0.0301257183583362,-0.387453628815184,-0.534665790445066,-0.468358316073697,-0.146747459517665
1.84891192138544,-2.16799310521511,-0.83466229224702,0.0811707889454242,0.267432122388481,-1.02342299126677,-0.601368115426345,-0.138310410694645,-0.498182429461538,-0.905879946712569,-1.04561603115101
2.98024256606944,-0.473507141560347,-2.37655844436153,-1.50001793091219,0.497100013470532,0.160659997538697,-0.125776584160065,-1.34411958764915,-0.946561164815267,-1.69823710065049,0.378797023839905
-0.123636935862929,1.64352641457972,-0.372291161180066,0.621377966522829,-1.01879859154188,0.202809000819157,0.0996633628579604,0.73561138457749,-0.0150852225648831,0.923749554596049,0.460926004988426
-3.28950521577788,2.89962086982386,0.0055661920854709,1.06886986688908,-0.270374393497964,-1.50431977668571,-0.0175150477976404,1.1978555685666,0.158063345202272,1.69563297257426,0.390093830168446
3.69924159605,-0.0732237844431617,0.261347139738787,-1.15382093204485,0.602512756893808,0.35425810000174,0.0366874721462083,-0.423246606048388,-0.426056559390957,-0.486555310660701,-0.623416226155609
2.95636957734045,-1.51456005949125,1.41624250675767,-0.279182462587017,-0.72826019983086,0.207939626154059,-0.355571559345963,0.537215698225432,-0.150274953463653,-0.219161952575325,-0.588281680692756
0.11549456504372,1.82680068971734,-1.19965309691066,-0.70403524139197,0.88719615194864,0.502084069673811,-0.394451779890622,-0.870225919145394,-0.599325977104317,-0.317681236159655,0.506884175881925
1.329598921535,1.83259656579188,1.15247940793253,-0.291188298500986,-1.1758213556814,0.439744105399215,-0.0103817888735493,1.10504671072535,0.323168191549839,0.572643803550567,-0.254762053286363
0.677336196758736,3.16910817344586,0.930158752808055,-1.59299047690396,-0.82579143931198,-0.281460957529213,-0.64460340679707,-0.066758609461458,-0.115767340173599,0.466127907792072,-0.305289683586567
1.55043584539987,3.48761653965991,2.55272741966325,0.100975717026504,-1.1260713085631,-0.372398769295544,-0.248864786812413,0.232907524399105,0.221805012688288,0.491269088079201,-0.0570552588201604
0.233376573849934,1.53828755533732,-0.70730580197561,0.409627945051877,-0.552230260117296,1.307229747794,-0.450100860818755,0.849693009427426,0.403671214659874,0.647295737349684,0.662679652658084
-2.24597507030338,2.48135547515144,-0.311316845070471,0.0315191739464543,-0.401935735545005,-0.765454152135079,-0.629414165870333,-0.628265991567604,-0.615170398136986,-0.695388997849097,1.57626689372194
1.44799394528205,-0.767378440860581,-1.50175707988695,-0.379842674017514,0.799285424728736,-0.440186625696181,-0.315825176273275,0.128545742187807,-0.604871614995607,-0.667134419783809,0.0971378071762898
-3.24986653746338,0.78522909398505,0.548242319563669,-1.00737905414787,0.0682861811456104,-1.22052047030804,-0.969718302220716,-0.317892667294819,-0.383255287754437,-0.168950815407335,-0.215001235275767
4.49079929296924,-0.810936900282508,0.713540475822522,-1.60174618232184,0.321226942811525,0.319599169777562,-0.303949111154176,-1.77767830893411,-0.720441575519495,-0.883354371951483,-0.800141706908038
-1.16081373608066,3.86715710122458,-0.0158375737502639,0.0736201807601418,-0.546875135475205,-0.365245049796856,0.31484696389901,0.0820460551244258,0.267795986629677,1.05900025351656,0.937143206838378
1.94948180349812,-0.813917463511231,-0.843584019523403,0.527128902020462,0.280663368316675,1.4923746362062,-0.604809218255644,0.139139838326652,0.535553485660398,0.367291149020498,-0.113190138943648
3.47927233359007,0.873546087341667,-1.40956258032469,0.170642884480596,-1.209711285276,1.34956978953133,-0.11446101396665,0.348654845596483,0.162503913319317,-0.288826896481101,-0.873396963492624
0.41185618258869,-1.23838950034531,-0.830145098153455,0.772490605716456,-0.597392398999373,1.15792241685676,-0.00292658937309082,-1.62468655581658,-0.142577331113562,-1.14950257969323,2.43367719384072
3.7872158494791,-1.53997620606322,-2.07899219696181,1.00426411180595,2.35631062976178,0.815065553895077,-0.0440122623492805,0.292828645724554,-0.181931659811471,-0.434507826284678,-0.661620543983054
1.61494146185958,-2.09562074785148,1.69193922215862,0.00740835452101304,-0.988178122406495,-0.062878188751477,0.0601978807527014,1.93622076125513,-0.150396650061491,0.620959821211166,-0.46129814206633
