-2.49723461561922,-0.250651186458646,0.75144932890528,0.494204721446616,0.832725930709999,1.29630528078981,0.0232055547523143,0.418590116114266,0.207068448506442,0.0675697717269822,-0.590302297265561
-1.66639147496559,-2.12872473366207,1.73846248682273,1.67623830976688,-0.556198779661196,0.969744084693675,0.0155542978286822,-1.60370639303461,-0.0958265952401674,0.861555510310021,-0.704193796084972
-2.97683841207537,0.432887504901889,0.149524305981933,0.0655305466654772,1.9575060361558,-1.22536692509838,-1.07884815577739,-0.384503205658574,1.11292932600322,-0.397833496874363,0.270205334577676
-1.96397481573523,-0.766664900140391,-1.14709017119839,0.819013969115189,1.73809339664604,-0.0539455546275378,0.268641998004709,-0.146337582282754,-0.321782482328386,0.141175494060251,-0.232481505750668
-1.9159144886411,-2.33583013927393,1.31776990259885,0.622009554822445,1.26808944046358,0.800803685752318,0.00421824597290012,0.839351340953221,0.32913539327131,-0.523911874096402,0.00473020791119209
-3.54428307136463,0.0383316091380063,-0.943185957976284,1.09664344310129,0.103006314487994,-0.113873951987155,0.0256974484489491,-0.361920902633557,-1.15065866197069,0.395684344093676,0.650740494540174
-2.44183451365261,-0.677954192956062,0.646984226076377,1.09888735431184,0.320558333914272,0.027091702517619,0.240050389335746,0.249697824107844,-0.0663859809689275,-0.713981557923966,-0.282499059434996
-1.6747338021247,-0.946329116316594,0.582410699218583,0.5063876972812,1.0846339144843,-0.889038117458553,-0.740396277285069,-0.271830075237974,0.175691784925809,-1.92789792205695,-0.0167131088618209
-2.56865580695611,-0.73899927964274,-0.40707565268133,0.531266510548405,1.03926926466602,-0.0164127174798161,0.952765004138515,1.44754146033998,-1.42834022513981,-1.18575008617584,0.979742721167617
-0.690990712554496,-2.873229351034,4.50118519205053,0.448109914878963,0.745174342414009,0.0442703704253126,0.616856820774227,1.4392837507083,0.912197072295917,-1.40971868324543,-0.112780404673685
-3.1637653498902,-0.444676244311192,-0.313373715520364,0.0896357519310426,-0.316568790898325,1.43472504640253,0.27815942882247,0.381266037849858,0.64149042574183,0.797695571480581,0.77610094475526
-1.90583593973796,-0.380642750721113,1.35098457664161,0.603010676989253,-0.0867500079236134,0.354651925855739,0.593804416250893,-0.216414534328452,0.147767719191059,0.426228281938401,-0.115684655256582
-1.01136452485017,-4.46494024989852,3.66064453243995,0.237803258626879,1.04208000077493,0.730354688208778,-1.01880895184559,1.44073325356198,0.920742758575493,-0.0904217150242022,0.142976058594938
-1.93390304856517,-0.665917908732143,1.27088410502129,-0.0821972884774838,0.808734029322295,1.26922415000463,0.744337775644791,-0.514260127329979,-1.01036367105711,0.64588141460605,0.990124851162765
-3.47612910741954,1.34051177779649,-0.330252933093802,0.795112307041637,0.0178616669478996,0.139721963813827,0.476243899268964,-0.578289979724326,-1.10449194718444,0.909100470830339,0.357650866091555
-0.526955462323876,-1.3313068394448,2.12846917820172,-0.282735570340369,1.64907400009727,0.174605654684039,1.07028399565536,0.785129767861764,-0.67982401206643,0.92407738123816,0.424249176000634
-1.0913991220136,-0.804535433007605,3.9854047526574,0.262709433577235,-1.81226238036743,1.17680825972922,0.186779363642769,0.564865854984849,-1.21351531656501,-0.992040309688977,-0.14390532752543
-3.14557161558663,-0.00116122443386051,0.329879993208597,0.389147996936268,0.344172197493671,0.197904356864699,-0.841803736986111,-0.492617824508185,0.29565942971604,-0.847817807804139,0.361574038577384
-0.31964498806145,-1.80419149920878,1.31632201245295,-0.208955705242889,0.784899973454813,1.78225989622731,-0.558122836937006,-0.300486308833437,-0.393916575532116,-1.02337833509644,-0.471093518098219
-3.04255915939819,-0.119382380375962,0.875739968578448,0.764764852625861,0.795708322449188,1.09051895308055,0.35758596682345,-1.4237948413043,-1.00870147009196,-0.214809417713461,0.643320954889814
-0.918724953380226,-0.977048079362878,0.912557745739324,0.367757615688545,0.985175128787081,0.493905142039222,-0.010701492122042,0.465093051793428,-0.150802130186254,-0.299932272370083,-0.863340511340155
-0.931617763182797,-0.835177224058921,1.12857014395713,0.871880984268854,-0.221685622571027,1.8373664125813,2.22686931139536,-1.08989080744898,-0.864189262822787,0.268807128699141,-0.115247867093534
-2.0067491743919,-1.48251617954374,2.30214059796986,0.0162757254283788,1.40267337888799,0.554311691174954,-1.01262928720427,0.589285664829849,-0.0378181396294986,-1.36585231482831,0.141910725481961
-2.79174737407433,-0.846008380450388,1.95612253687559,0.404296633054547,1.5616692461494,0.632736824956745,-0.981744658649926,-0.218715945033413,-1.84083780744234,-2.07427602798349,0.669840670100277
-4.36959436269527,0.309309472550189,0.744006378112319,0.815069189174368,1.60888674399886,0.649081783973821,-0.812114486515406,1.6764813922008,-0.103462622707939,-0.795346746815639,-0.421780949685517
-1.37321823653463,-1.76724246852065,4.44946490938638,0.663373925428638,0.981075508375345,0.769880444734819,0.439625163332721,0.417462769031951,-0.145666604600373,-0.436209113968824,-0.389937359186243
-4.27980820890626,1.09109307339801,-0.550271433802116,0.789815430744218,0.876621684116447,-1.11709411748062,0.202884719775031,0.995417272411329,-0.176019609364608,0.661941501012921,0.627715190337788
-2.6763005396075,-0.32069731943002,0.136506716212209,1.12840593730841,1.09045851529949,-1.12536115494499,1.55705585826378,-0.570687510015745,1.04865971516907,-1.02623560861426,0.663757151471905
-2.93896719364101,-1.50082013621996,3.582781455733,-0.374915090941894,-0.000386118994748676,0.956388431415874,-1.03382250241867,0.470074412202508,-0.838307210776293,-0.54899458870944,1.68633842204384
-1.42258667376802,-1.18644201754756,1.0297467552482,0.131064721502191,0.782541548564255,0.961819595639052,-1.07975095116969,-0.174363755764867,0.0335264985343486,0.358382465892797,-0.618103211403723
-1.21452986351209,-0.218569857407455,1.51262904626013,-0.302195349049274,0.0807772510010366,2.41775650708959,0.111499237611101,-0.141802669901101,-0.985641156776123,-0.400902542565767,-0.300573631694104
-2.93501828596634,0.371984764021444,1.91558453923978,-0.161853696817674,0.567938380361135,1.15175481863824,1.12167402212083,-0.252325692696099,-1.52884428863207,0.590143745084422,1.61402730849737
-1.75885672936033,-1.01201862647211,0.811700978888203,1.04141222307007,-0.0139811655505915,0.144700478018391,0.719349714470043,0.540174767831461,-0.549481367270678,-0.342981777480537,-0.278270197535896
-2.5150604947565,0.482269582480567,0.538729699496191,-0.209735961073217,0.454901109381017,1.51465180072467,-0.571968989255256,-0.896244178096074,-0.883799370028034,-0.269038101972326,0.384224761100061
-2.47161821601358,0.811729054706193,0.240454201456587,0.784348262075672,0.723212865268479,0.229075303575385,0.795191879833071,-0.0908382090645188,-1.14465700493063,0.195729276422895,-0.228526643832472
-1.89904771688515,-0.669643509371012,0.7260267530528,0.811442279596709,1.39850532148749,0.776049590800444,0.946051213825744,-1.15432102138722,-0.453251527189397,-0.565172528950862,0.100152788842917
-1.90264476195134,1.55373071913817,1.28909771939916,1.31649738085578,0.104259346678239,1.54096712566679,2.29300032095103,-0.260020454409152,-0.616240288288367,1.15694320143576,-1.71642779920983
-2.91268920063145,-0.494443215174939,-0.283702222361825,0.780244631303781,0.572956867107524,-0.666577515214906,-0.0395662783672938,0.0666308424552876,-0.178725453198099,-0.356432167660977,0.613983616796057
-1.52434245986366,-0.959113560797326,1.68232680460685,0.409668574979724,0.0379975595098388,1.04745991885282,0.603826171520203,-0.84481239357717,-0.0822476306152655,-0.58880203620827,0.231189879148382
-1.7321582316722,-0.569499517560798,1.39435668942837,0.425730640013351,0.930094817771115,0.789224210686422,1.54061266395257,-0.286779771838626,-0.440109550771008,0.0378318830437922,0.466393741879922
-1.72945276218055,-0.49231007339294,0.431373175526082,0.601915846163397,1.37288168413913,0.300638046670966,-0.952371076497698,-0.19904656043432,-0.470898077929954,-0.566322564524193,-0.961353814420019
-1.66786734100459,-1.01462056220434,0.678780392702477,0.0314203530313908,1.81455388467324,-0.406694680865814,0.540964514946177,0.799309402149619,-0.16077850331391,-0.677201865935903,0.671544174926656
-2.75000270498238,-1.4274300514271,0.925353174957424,0.756003512299113,-0.163007066429054,0.0425856829575933,0.876566980494526,-0.339758968591433,-0.130384905213499,-0.898653257262311,1.52853687234092
0.473263381768417,-2.4540293759937,0.0318671276968286,-0.163873370529731,0.45551021759138,0.988924845597686,0.697025979963888,1.14294200929977,0.560396986698521,-0.139892499485111,-0.505948202036833
-1.40186627091376,-0.695600372772419,-0.383647514852339,0.00729393539872663,-0.64191869010315,0.0740614728985518,0.518741296953073,0.335244998750951,0.0364370380592121,-0.852027110858056,0.66579619054722
-0.266954845538933,-2.06749364053158,0.41489968256773,-0.278968970056153,-0.254138836750678,0.880961263241107,-0.620311405961954,-0.183103021329441,1.12982430947374,0.677757606526616,-0.315440133345223
-0.668653460256837,-1.45563890176632,2.09991829187263,-0.0359216649890774,0.033698833027055,0.0921857770550352,0.622303862656613,1.53928121234145,1.05753771685584,-1.45501065967593,-0.213005386848085
-2.44852596499996,0.081389329093647,0.969631103358643,-0.139640650452603,-1.38364274122702,0.166899836658885,-0.909091304742631,0.420608368136946,0.1836766172916,-0.85771499711547,0.463141095332529
-1.45529362558965,-0.0243678887780225,0.889298987261439,-0.200661945298642,-0.187167370064771,1.54859546443659,-0.194459418038556,0.218231977622558,-0.215245246354952,0.382364973004314,-0.501455581867363
-1.5449030723924,-1.84253487724022,-0.449825118013529,0.312512585521086,-0.0384338769826051,1.14291958935136,-0.631368761476496,0.535587119472214,0.727852067528806,-0.705931520009074,-0.35899947396127
-3.68049431936989,1.30942632614053,-0.709946466583979,-0.113075134633754,-1.1678216902329,-0.497211743804032,-0.756889267812752,-0.429534155150784,-0.249712457769521,-0.473895481189247,1.42503983165793
-2.74356868860356,-0.634743206885208,-0.0211623861384922,0.47201016101199,-0.0437734045505909,0.477865817569684,-0.633590927304699,-0.230718517108717,0.976143796320267,0.647616534613083,-0.00949662553514106
-0.542715098442768,-3.00129109625853,-0.287160334598004,-0.0414240125645325,-0.0736871465268041,-0.851019753136068,-0.945833088472315,0.268175585585861,1.91492937809362,-0.269723196797176,0.376923735096831
-2.84815085349054,0.863470102449592,-0.686970976410577,0.418576798947478,0.5158301316567,-2.53873374328167,-0.228942482221765,0.166888335742028,0.443478012124296,0.787177588072518,0.612876914197895
-2.03013369370352,0.185537601144598,-0.861186197800066,0.141859424761755,-0.572216982497309,-1.35052370944022,0.483750493550538,0.702298966293211,-0.649450100984882,-0.395670722948025,1.06456316755529
-1.85083693355729,-1.27546749600668,-0.106398548875835,0.70106170058581,0.972921921983807,-1.47068382021394,0.488986865934907,-0.471618527196504,0.306075727753934,0.313292413547622,0.852024776758796
-1.21889635556461,0.140281343204696,-0.712920118549943,0.44405992034937,1.00610311408166,0.2700678495668,0.692829747701695,-0.835492926752387,-0.146533851797857,0.361425142169852,-0.515909187648484
-1.69387686689867,-1.51910260717812,0.963293135315158,-0.366551720142851,0.317185221483028,2.39255873663479,-0.151169430063273,-1.5819725163167,0.839728899573486,0.56195053077237,0.691888746109587
-3.3364392267134,0.449382937153356,-0.506542808322209,0.0701077230294923,0.563575552569695,-1.16168370142493,-0.684316834114855,-0.845052667171661,-0.263598577998787,0.923029230335091,1.45176993429121
0.850713136436942,-0.768357636850306,2.79181430469808,0.298046980221322,-2.24027476913036,2.7647605413526,0.00933399128180206,-0.278384109891398,0.487870348204777,1.11009110197343,-2.79333623106181
-1.19553659232002,-0.965277629510992,-0.0670901593646416,-0.0566722887160902,0.558918837581307,0.957444556657425,0.610665200212706,-0.340402861150053,2.30824172110212,0.567635719189514,-0.330795358396797
-1.53162803123798,-0.0503909905166444,-0.261863557131293,0.247412304800104,-1.04931161207666,-0.488245036952991,0.0599403541699606,0.891290798813801,-0.41405971975096,-0.2728232912093,0.0071919491092568
-1.29651238037057,-0.776454432354992,-0.215929695052494,0.0267062999804175,0.112841462205544,-0.00256533730387929,1.73184994120635,1.6019073252457,0.799978377212516,-0.192270369374897,0.448997974235345
-1.67812916579825,-0.193915161490571,-0.742047844588642,-0.725397634192478,1.29845249972081,0.295728000825086,-0.670088040281526,0.420464040858209,-0.861283020779771,0.655975180388561,0.658169596643296
-1.98506035694945,0.932843147052245,0.805394143253002,-0.263584013711957,0.489507863797609,-1.49692942875826,0.977944261016077,0.60867578747141,0.0856962288532157,0.421272786127182,0.954519350619109
-1.89064616941668,-0.263029730436372,-0.0848284620416121,-0.039873996732639,1.04588821272379,1.18537433198882,-0.125807409237083,-1.1105472116377,-0.0258130114082694,-0.502746308552235,0.22552073873851
-2.23307271712705,-0.659166464747742,-0.17442629408127,0.522021311668924,-0.102779486837487,-0.667142145884662,0.223004571422445,0.186917956372339,0.0972669813371814,0.500468305434115,0.586770426730122
-2.84432381126492,0.312668567160436,-0.97566925295326,0.338268951161492,-0.39629871493615,-1.13933854124706,-0.390481339547732,0.0282498042489951,0.608126671398367,-1.33764580776324,0.730112643863976
-1.54750643238296,-0.452989264481825,0.514197124329136,-0.640215585757837,1.52514413713167,1.29270259433783,0.302238390766309,-0.322789844526055,-0.0867550490141591,0.340120399267827,0.658197759737219
-1.32356996011509,-0.337496659831569,0.400412619437396,0.940126932914194,0.0730690931510325,-0.171912593137319,0.118924843387827,-0.759451176446721,-0.892557587168539,2.4589565059588,-0.780089791828864
-0.852743031178468,-1.22956802246753,1.7119172962035,-0.2505196933027,-0.410393884837162,0.472988611713826,0.293619994427642,1.52123771019864,1.06724499039199,-0.113319310125211,-0.241431576338369
-2.41011171773867,0.720287391428911,-1.41627496264781,0.383372123168321,0.226893319215207,-1.09437573222099,0.893722583621216,0.172303104298112,0.612895765331122,0.532801222511009,0.442206447539331
-3.2362213505738,0.912035785138288,-1.50671795257289,0.539946578311525,0.673137151415913,-0.831391084505192,0.455179345333572,0.10348333836879,-0.124116167528318,-0.11754235462944,0.653250371077205
-3.32909877302625,0.840130179013619,-2.02607960490789,-0.221535050409105,0.854416009987092,-1.03907830473882,0.31740501842049,0.326126807770228,0.682224167778654,0.133457564144693,1.48811417695372
-0.812639476074491,-0.771051665742169,-0.374885666513628,-0.315338244773065,0.3354129598135,-0.0640536924572643,-1.24841424049081,-1.0447355143021,-1.28513200511769,-0.129082130584291,0.40645700372261
-0.743429009067788,-0.929741672354861,0.345999262927689,-0.721259032321699,0.914307443533116,1.31361316657814,-0.0696511260810306,-2.08873825571739,-0.362138061842486,-1.06939223765309,1.08056325160976
-0.397119991631928,-0.465683845804506,0.101754038754469,0.112426842545812,0.980102884331468,0.91392369083925,1.60186740265844,0.711878958440786,0.488945958337629,-0.688799352748486,-0.778375430658489
-0.867966464283401,0.000398216231454477,-0.297574035488558,-0.0521152095879141,0.409056534686832,0.419104723259461,0.352951045353576,0.90560195426873,0.783818402636195,-0.225793457243337,-0.982248996787342
-1.05224184886087,-0.974208031638474,0.589011650382483,0.219060398011642,0.537663510677,-0.204342816979065,-0.821636827696604,-1.20229682158429,2.29104214500048,-0.289949693499572,-0.771127822444536
-1.66606722960867,0.224339056132252,-0.880874965291647,-0.0386359429083077,-0.513668568291032,0.864619822438729,-0.181685871069898,0.370922440221827,0.224576580364612,-0.155078387588479,-0.435856235508522
-1.45088249109934,0.471918488523425,-0.815472398563922,1.02449589142522,-1.69202892108112,-0.150740356327968,1.52594868029353,-0.286375205040942,-1.45591223084484,0.492376795733093,-0.0410040115881727
-0.780074088588992,0.252741597487909,1.21996758376589,-1.0067459387779,0.392332571960482,-0.277693740981894,-0.0749379381720547,-0.627233425248128,-0.378354229116876,0.392991924379261,0.900617651531626
-2.73541444126436,0.731754553968351,-0.102076368690318,-0.729482240420319,-1.28945625242869,0.669714116555726,0.213650384163359,-0.617663539463152,0.00745606623309987,-0.18934915364266,1.8574592218858
-2.40580645135586,-0.536103054373497,-0.144345204007873,0.513832156158574,0.165911804148584,-0.236146659388789,-0.721603638323554,0.501426902029203,0.25450210936772,-0.463603816932687,-0.136894485746505
-2.38140409963911,0.860622468970034,-0.752364126840668,0.374438923754639,-0.0893805486810818,-0.76638158414984,-0.192703831233698,0.689677238052123,0.854329438227998,0.465440369251588,-0.564885958012523
-0.439353762317848,-1.08123787453281,1.50405409031004,0.217231892082353,-0.425817488524751,0.418925603799451,-0.0105970764536621,-0.116252786854085,-0.057481356669592,0.996923965892474,-0.65752869899474
-1.42807495257604,-0.221701240912323,0.775417735861409,0.13887836364098,-0.855260660026164,-0.640676916971381,0.117175424790523,0.393980119746551,0.26777829566788,-0.03590285721971,0.144401332558965
-0.994509950516622,-1.40908387868194,0.10945100781636,-0.00597766354772162,1.09440919892043,1.37272003409316,-0.675131245406183,-0.566749204196156,-0.1750732323778,-0.771220650295509,-0.34446726632538
-0.565571401868168,0.535726891127011,-0.679623182729601,-0.25278837878177,0.847506449882922,2.01140402981719,1.09516495088906,1.26000670180285,0.877898734939421,0.352581856671386,-1.78880724939028
-2.59910231622307,0.116706377213752,-0.248717016986957,0.12108658312708,-0.0758223301534949,1.42514788134756,2.19291780889265,-0.728946023824128,1.0633789657656,0.252845787375,1.1820329947458
-2.06463348989362,0.659195203195449,-0.757107077380884,-0.475251892003678,0.33417062606344,-0.174644047221921,-1.45350623828984,-0.38454001205031,-0.387101561454454,-0.98263852784373,0.304617078796448
-1.24479474690258,0.168848223075002,-0.405420267750661,0.766530459548974,-0.824631129759053,0.526269264729614,0.403835747918409,0.241583198494922,0.173214133527726,-1.44672971958019,-1.2084354439997
-1.31412565029702,0.861029979544101,1.38822215972832,-0.268184947127686,-1.30778289976867,0.187958632922668,1.19076736988046,1.04964340067751,-0.103157481451077,0.268542629973438,0.104473713438288
-1.93057247122817,-0.749135667153531,0.972184579159329,-0.514832692737954,0.390819819337615,0.648515602114402,-0.481729827153894,0.546859284030235,0.454715977233795,0.997519533591169,0.520693350990421
-1.53581460116429,0.581277792762211,0.568789895822218,0.73529575546281,-2.38698000059832,0.52223831961252,0.45505767394886,-0.875306117501661,-1.12541264954092,-0.933035978537479,-0.205401405013023
-0.441400367099925,-0.745997464697521,0.840464778729482,0.216790244570779,0.0932247291134277,-1.07952675965297,0.591148064263957,-0.994293226604472,-0.124757537003337,-0.10251235187572,0.389109994803744
-0.324814338897833,-1.37801916084762,1.15505288551036,-0.314852855885585,-1.19516135639625,1.9823563025552,0.51934417281233,0.538046571350526,0.00409534473133038,0.267516458388594,-0.225777839198215
-1.00195561562564,-2.22297569518687,0.360631904549646,0.346694742265614,-0.433298629321197,-0.157339363845482,-0.0760735256300691,0.370097777231452,1.3592148624624,0.367539221675952,0.0399947833650097
-2.25699561452601,-0.402366928882698,0.294765557045973,0.136393243432613,0.0142212045029893,-0.461089737891636,0.210315833513695,0.476996230621639,1.45401560305025,1.143040307998,0.311200630158642
-1.69100896206941,-0.770327764559846,1.08326069085905,-0.143911209890365,-1.05503045050717,0.270379192436761,-1.06638033157192,1.12972134776581,0.0346741366827279,-0.676589271649835,-0.0154355927242307
-2.09437736867698,0.289893698257201,-1.21341883013424,-0.0324661054403932,-0.750697976162129,1.16793674000114,-0.00424745676213065,0.204200131447859,-0.82294070926718,-0.247480016309331,0.254353048226596
-1.70369058076314,0.452356285010935,0.874805404592391,-0.239898836239256,0.421723265535845,0.748584320025578,-0.189186133002596,-0.176680352180034,0.431064800304868,-0.641207936722711,-0.298361418477782
-0.846554172831322,-0.368951557997417,1.29758268017212,0.439993104325616,-0.403872327214737,0.00327896248202852,0.75274009691372,-0.598681320323558,-0.500460876118537,-0.362768125586783,-0.102983650837478
-1.72254689215119,-0.0451237665242743,0.563825922807386,-0.698065792038009,1.87402194547912,-0.755319415230673,0.463340197805173,-0.279364137726313,-0.217421316415731,0.296191228421829,1.51320295630196
-2.21043755091567,1.57715730036062,-0.937204264838348,0.398263723028827,0.146416513032371,0.392834286824987,0.81733502726123,-0.521594273298575,0.559698368170745,-0.449635047641543,-0.598476346988997
-1.48243235612552,-1.3311900844049,-0.349222219886962,-0.230398975329474,0.353788080580149,1.66753341917616,0.0365535361352268,-0.24373340362049,1.37920787880341,-0.738288931355816,0.155029557031089
-1.23298646065483,0.467015469285158,-0.0363415613566463,0.398581826232624,-0.343344446947748,-0.456782204572198,-0.088952679014263,-1.21463614035458,-0.279756188158065,-0.0245699940751286,-0.352336703451269
-2.26487686425296,-1.07783011359435,-1.9001795472034,-0.662437963738432,0.821908295664602,0.532279752656194,-0.869173963502769,0.642298563464718,0.705778572187067,-0.266873608607246,1.05515680922092
-1.41355077400881,-0.587000121332489,-0.352320443483376,-0.692782980680963,0.90014640742184,-0.5153549598279,-0.622416138275098,0.615819625337774,-0.0222456436664248,-1.00382130994923,0.867555312969516
-2.4949560217191,-0.213782244345394,0.0155858777964515,0.638639687842513,-0.499127511253159,-0.9763722488723,0.964287788737691,-0.290700859485389,0.333085411058899,-1.59233633052991,1.19279222831578
0.496305028739572,-1.62451703363636,-0.907751838196434,0.760609137041273,0.451987147500754,0.271104250178229,1.84308076960198,-0.571869274768151,-0.942948860417068,-0.770762508912475,-0.321093870078903
-1.02890725157145,0.436244873801861,-1.38429631891205,0.225186820484608,-0.242238939616744,0.207202271726571,0.323476700883456,0.6278188478059,-1.69751496426265,-0.658774666118815,-0.427882794419432
-1.0246079735578,-0.903736476627535,-0.593332402811276,0.49064373498288,-1.5447416842458,-0.297586406373971,1.19296477927131,0.394273750925565,0.0756844576530106,-1.24109058274677,0.497545407461698
-0.972070002642158,-0.89964741650308,-0.523536395648742,0.255134986797531,0.462217124188691,0.294041743491298,1.64251264374744,-0.165614031355146,0.893472634101006,-0.388459144330891,0.294964427704154
-0.878616744123346,-1.18375338030819,-1.7320073120862,-0.257025505695252,0.464328612639199,0.86515666131223,-0.497380819735771,0.148813935147722,-0.232959698901586,-0.286926757297592,-0.0086781151178996
-1.83225316124863,0.252309054639989,-0.393074155615073,0.866090995242702,0.140120193700993,-0.276652397863008,-0.0394812533076314,-1.51425227167284,-0.509853358127538,-0.367959585190757,-0.303302024854987
-0.767083218682317,-0.163615284995609,2.43204026022902,0.0248717281113465,-1.41370337247226,0.604134034936093,-0.232786563991522,0.0317019559134674,0.618637877379071,-2.75262151630425,-0.704924961662841
-1.65019986393239,0.618697919850665,0.863679758337736,-0.200072454847053,-0.969151178234418,0.0712254058706758,0.951132080321943,0.566209370913004,1.31458832799651,1.20115758221559,-0.0114787921131272
-0.487937731572246,-0.76216173182893,1.30899174041054,-0.84875684519601,-1.42856877210157,0.562154571417188,-0.212402011489363,0.528033953946668,-1.14451583644688,0.739467546767101,0.791439935987987
-1.71731233357336,1.73575792278423,0.249066483855403,-0.0708027503566115,-0.673103475722109,-0.365417695618696,-0.0277765845816151,-0.50110182985258,-2.13597602807495,0.5431889921836,0.214912274986277
0.00905890535421786,-0.644602519557033,-0.978641178034438,0.0110971825867007,-0.112976269623445,-0.198315924971002,0.806497862354549,1.38488683048857,0.676533410219293,0.953803294634448,-0.993287083215961
-0.184933314938349,-0.501071107956576,0.773557167075273,-0.64331143001796,-0.220339661935539,0.935400537130767,0.502450910028381,0.72243244790185,1.93111000588053,-0.0852760758632022,-0.763020601922275
-1.27554403786751,0.809869033947046,-0.136888863154128,-0.174908106036002,-0.996868284910531,-0.697949126799392,-0.403264519762091,-1.12089040437629,-0.547560584209718,0.229181435395943,0.337875064111656
-1.36137493967005,1.25139242236693,-0.817929109516567,-0.382755560762868,0.373732189266334,-1.52113299866193,1.05034210735779,0.994829104753343,0.737533057817366,-0.083750604583861,0.263293181514697
0.914624339318191,-1.02203224063918,1.58900035118763,-1.15250515904584,-1.04312331145029,1.67842803679149,0.418722362676018,1.69179687621579,-0.175065796189567,0.521023996593333,-0.620792162912199
-0.733170200301008,0.152130610185153,-0.151528730100683,-0.868155460829507,0.548064644693256,-0.427694185859659,-1.23736045660075,-0.234281479611424,0.709300156568014,-0.511399447312855,-0.175213666669916
-0.730475421166747,-0.887821146004983,-0.304996946386444,-0.392825911215179,-1.46223287266802,-0.228140527347493,0.502624006189676,2.32498387717496,1.8476941997926,1.35586213159168,-0.301441876816234
-1.55284690505563,0.485483737431233,-0.584075275349353,0.314761567196113,-0.63910948529979,-0.687105389362274,-0.146304367567543,-0.536591273686715,0.351860182807917,0.62340272000335,-0.307596589126917
-0.201474204331936,-0.317150919367314,0.420598372457511,-0.661429072805042,-0.553183007823398,-0.628068382895393,0.081852632780682,-0.417209068778925,0.0120862960733413,0.713502968059894,0.5210372650844
0.566853789991662,-0.762544846715872,1.09137619029914,-1.47286733684573,0.733446140271097,-0.525182688874413,0.719872640068484,0.678971275755909,0.00803277499666909,1.08099894820183,0.938765019369594
-0.84025546798437,0.61389143337009,-0.982507249459854,-0.334817363776024,-1.02285418223489,-0.0222403224703066,0.59655661375191,1.09739518465464,-0.937369017809561,1.67091526680576,-0.110544351659127
0.614209370004129,0.117269656044812,-0.177707540624681,-1.40672210977652,1.16416071316848,1.76224091240318,-0.259874721789557,0.818586204971054,-0.508976173314261,0.877512968076923,-1.09039420409409
0.485658644219264,-1.17815627547131,-0.777404820741218,-1.0278524158616,-0.308991795865811,0.403935912547411,-0.2246235163081,0.378057281305516,-0.733083638576214,0.219084963885023,0.401984178112836
-0.930444629380394,0.276668949484296,1.1029960492023,-0.814346907071831,-0.62691279250539,0.763669944752817,2.16434152407259,1.53042528223286,1.24666151036054,0.656473234324174,0.488706084855818
-1.32778059058222,1.44260676287126,-0.787182052756288,-0.2008961966012,-0.103827912932157,0.541142078136296,1.62206001733061,-0.789360525617872,0.0342042246323287,-0.458485216150896,0.232016478124363
-0.15014202870837,-0.10215391886335,-0.460105897486973,-0.556173664357317,0.775630952634216,-0.408498428741346,-0.19622761284247,0.0742419852371118,-0.56235397058238,-0.590192432105601,-0.133310563030384
-1.02240139170146,-0.148310704635964,-1.34183468747416,0.356802110071658,0.0302446289726216,-0.507599267271008,0.517588355478138,-0.100601866568082,0.393498818021224,0.812492473435789,-0.391482071599717
0.211587219269965,-0.112680775854148,0.646684003718969,-0.653199584424657,-0.107008195143148,-0.0108555186978002,0.648683549676378,-0.263430882959796,0.584602008418597,-0.656214879641342,-0.105094952802752
0.411241474617522,0.273290087678871,0.87854891546342,-0.918874111142731,0.618309442486377,0.723500575888822,0.410064725223057,-1.07636139444522,0.4536061162309,0.41736534480402,-0.47798548801591
-2.93870063175098,1.40623073265443,-2.54299307328531,-0.259154879201956,-0.412027522510175,-0.811205012046237,-0.996475458698192,-0.0310181382567156,0.84776529279384,-0.436214247515324,0.442378764003549
-1.1989549686159,1.51234468819368,-0.960368045823686,-0.032942646021227,-0.345414754313627,0.489040269358538,1.5941177587755,0.0134311359624444,0.700084636259688,0.930984233739041,-0.651041575564384
-0.185643072832418,0.628134408004733,-0.166050022753862,-0.964726366301315,0.361777432579181,0.148909601757265,-0.145974437835052,-0.00884140133371054,0.0618962438637591,0.191629832558364,-0.342780663654083
-1.30411810316521,0.0592231342040783,-0.642085337050365,-0.96116779863546,-0.764648020908411,-0.246893725984742,-0.199183892555126,-0.0965063105265278,-0.380188551768181,1.18981033835305,1.34310269215595
-1.53899581249019,1.81051219708925,-1.07647061016913,-0.724055582319787,1.26389893867825,-0.431863209997357,1.0004055524846,-0.371025645399116,-1.69071408606203,-0.577960418835462,1.10532037851613
0.381977603785142,0.335580192259089,0.36308790770187,-0.485413908228531,-0.120711483898374,-0.142666559297485,0.146214447159668,-0.810433464278739,-0.25308211636084,0.565130976330979,-0.615975957133441
0.637644141278207,-0.0163267845792918,-0.38659137281215,-0.515018610516454,0.557428538725172,0.561524674446668,0.179807702066026,-1.54701177972437,-0.420048335979001,-0.948485063957087,-0.52724403396025
-1.79657158342228,0.217746346065174,-1.74664273338482,-0.120250954554689,-0.994841348633859,0.722914576329316,0.991210614303138,-0.0534571230119204,-1.02678540252498,-0.650440898284727,1.12003618682505
1.02662186050458,-0.42445654815763,0.856684324817841,0.395335108688056,-0.297002451844471,-0.663436715276257,1.23547123709853,-0.605141988883438,1.21188496512967,0.798059696899088,-1.59129674297749
-1.31655562954528,0.845494057884651,-1.70136301419421,-0.196576900693129,-1.07445519317156,-0.184978512459385,-1.19240703344285,0.114067389534986,-0.488348883939844,0.41327120130096,-0.613011881789148
-0.553659573877317,0.322940642347393,-0.853710385739178,-1.23048610235959,0.139912841938672,0.812304279217131,-0.176025238493167,0.844379842494883,-0.0940739312197092,0.0435863608998199,0.0623182433673166
-0.79567189591841,-0.875176498728168,-0.730882057168404,-0.133612981997105,0.0284590331222402,-0.981664755084966,-0.146263546824793,-1.34992476641568,0.0237580165650501,-1.28459024477609,1.03628691971463
-0.194237954925249,0.320461692194496,0.736273635300298,-0.893136248599073,0.823693891952369,-1.30985529203308,-1.06823458469769,1.09875237428084,-0.0350315585158001,1.28823148216329,-0.668884976934815
-0.681273883903427,-0.815081755202381,-0.580854457631247,-0.669736650247813,0.621985426304477,-2.3675929774007,-0.0850793737549003,0.0625357625332086,0.0429060569162519,-1.34963513079956,1.66429460800672
0.689200007444261,-1.94373957643488,0.744387730629758,-0.450816387521724,-0.877120674326257,2.84466255001926,1.54035185063808,0.414271335850576,1.48798733818828,1.15508042684655,-0.829225885907038
-0.909691521158586,1.1002744392146,0.271548566231441,-0.97788910508364,-0.340834147929914,0.154135189727786,0.219539166041677,-0.0400039672598938,0.580737512986889,-0.273517268500808,0.168921854175514
0.0578530021602082,0.0737665007831793,-0.309110640867369,-0.731413874963725,-0.0397282390388557,-0.933878024226974,0.768658088794594,0.496897123335835,-1.17592800804484,0.673544573933383,0.638331336730598
-1.68993789899304,-0.489505077268774,-1.13578516246284,-0.281125097059577,-1.33788401693711,-0.101059256871538,-1.68017368026584,-0.268000067362641,-0.3107381331803,-0.221346001217206,0.480102599630568
-1.13569872017526,1.01675041518996,1.38128082013732,-1.3353663879803,-1.35153063966339,-0.0676544659840029,0.191921238880318,0.437908478707912,0.391997158059836,1.51344901026543,0.873724808046182
-0.701020493624277,1.26395172761433,0.544493884200271,-1.18407457136804,1.55280288109316,0.984829740972907,-1.02707553564864,0.114030255859557,2.57420745448062,-0.501841786362058,-1.77452039641958
-0.523526117842187,-0.996418608425401,-0.395023099726015,-1.04658444204697,0.245755658907611,0.189556963418734,-0.173443357128916,-0.717991290168883,0.0995236616647571,0.897242618816029,1.2057120818228
-0.57159686933812,-0.83915579568679,-0.882420944229793,-0.838989216541056,0.520501036971312,0.710410981666474,-1.09542130950394,0.704150654576513,0.608188441054605,-0.517845178134551,-0.374660633631759
-1.24604382535347,0.652762122516615,-1.61860665842005,0.0726732404685412,-1.25220648724925,0.106725115966898,0.197491088548223,0.168191500794442,-0.436439856142387,-0.423193015633036,-0.247393912888556
-0.303813942738603,1.08926369331487,-0.576769653067804,0.210674463413541,-1.08332259616925,0.755777313850581,0.513282386208542,-0.659009508529278,0.0203826020410259,-0.989682844017622,-1.45465702700109
-1.36959102207466,0.682671198021438,-1.9554380073185,-0.191402168453698,-0.983055531565471,0.477060592220646,-1.34970203101236,-0.653458751089048,-1.06918124587313,-0.882182090550439,-0.31977435645413
-1.00698334597678,1.09754886515718,-0.0527250784145357,0.47292279330907,-0.912881950294361,0.269404075620088,0.665691438081105,-1.12447849360873,-0.117963466867163,-1.02718259526786,-0.821634291461924
-1.54859612282444,0.669416324559642,-1.08852053778531,-1.12928674371776,1.19538816920058,0.37651546358836,0.241290572890943,0.822731457272067,-0.0553196797176808,0.761976718304473,0.682233427883225
0.935750638496677,0.35611841775447,2.33036359750442,-0.967182391270334,-1.22316049235766,0.259607574407712,-0.112311055544025,1.00622753721696,0.0435812472689418,-0.991729442953882,-1.15898241884453
-1.24023070638785,1.42486061577248,-0.64041351533042,-0.702748676619445,-0.463564604222701,-0.203702985986938,-0.337752301169186,-0.535867269579263,-1.38071984763514,0.864947443849386,0.415569865048998
-2.22829761824951,1.19209685595626,-1.24480763682277,-0.233373682574981,0.917877469242056,-0.690327955331198,0.0153646838023153,-1.6044486426885,-0.0850245467415969,-0.526947943763884,0.957583888995133
0.0433524861508366,-0.902297155505938,0.62168377945967,-1.45176379077682,-0.400317555155,0.186188950140778,-1.28278589934774,1.07604341007939,0.821549420045807,0.114231051576951,-0.00358627004862737
0.213720398991318,-0.48080156031149,0.399540659249222,-0.760790782048619,-0.246838812390485,-0.416701537565294,-0.279238473128954,1.28852271664089,0.221529317647297,-0.445388426689566,-0.443674073554802
-0.232441880460688,-1.96758171762006,0.293973074046483,-0.350963282552758,-1.28880837741973,0.237889419117155,0.684425586728121,0.212433973368629,0.698747829441639,0.262526570640497,0.859961406958624
-0.314109832099444,-1.28210444222407,-0.348734019926089,-0.219106032669521,-0.347584559801805,-0.640499024614376,-0.303603742830353,0.967927655845581,0.6538363116515,0.212461326632012,-0.212877600328981
-1.07133392326249,0.246997870362331,0.126190704047333,-0.160092564665756,-1.41894500974958,1.29916578206327,-0.227684134091984,-1.1752652271447,0.905886270370111,0.0956375963652486,-0.554574487998248
-1.6732851968581,2.18398020167909,-0.0902041293716132,-0.994486388897128,0.342395199535747,-0.997524533772938,-0.745555113456874,-0.560724764974872,-0.53317740502756,0.418644824353594,0.443065817756778
-1.74584671035352,0.788282418861628,-1.80620051124095,0.3127844513089,-1.24452143823574,-0.0042144678917144,-0.297638895177636,-1.10780091409621,0.576515104859636,-1.46646984605852,-0.262683976235738
-0.451419037030878,1.10819512344505,-1.21198253239925,-0.684466680752117,1.4356451562052,-0.0120771684271238,-0.167325796680711,-0.579796199182176,0.0629848088314181,-0.427963675224661,-0.670319737333219
-0.222077002259803,-1.00993143680121,-0.9468049276928,-0.27066337869017,-0.452469716910471,-1.76373701685828,0.561827529206465,0.85898123262485,-0.353311812409276,0.584973753366443,0.871944784269993
-1.32672993673392,0.752581657816217,-1.2911037803957,-0.678668579009371,0.39454121863738,-0.306280299614451,0.363132327101111,0.401455324056444,0.444616335092577,1.22648187043601,0.282719259398321
-0.925621401915777,0.626715720144247,-0.641117916708389,-1.13584398514747,0.189335851103911,-0.244828175633904,-0.77301068253543,0.118204219755196,-0.0778051401426984,-0.38536070912062,0.413394320506695
0.0700359927188637,1.0793846324909,0.367462180773858,-0.175572577176593,-1.05276672542445,0.368530416536189,-0.374419038789257,0.931592189208279,-0.899009360163013,-0.137685717106543,-1.89093876925015
-1.10504207177427,0.851214568364713,-0.069112377101333,-0.0570781026440269,0.440341986139303,-0.491695807262557,0.130602024405574,-1.50308160854385,0.171760163659336,0.297576082883035,-0.135903515733036
2.56814125812312,-2.46176497247331,1.78562902607956,-0.792859071236277,-0.0526041979909798,1.19123910507797,1.02120753850168,0.622599533987701,0.0229488672475137,0.0428835458480878,-0.913875698713917
0.546192060654927,-0.778141551743758,1.21316988706953,-0.156889561226651,-1.23777180096448,-0.0187304079819394,-0.633284460384426,-1.24036541624709,0.314692824591153,0.843261932774918,-0.857379907976243
-1.32605257945513,0.0780874861258856,-0.510656630860481,-0.0240693504201514,-1.21921467123673,1.44232048998007,0.972809804385533,-0.55567266467927,0.787579364706866,0.424624409223075,-0.0601658121472789
-1.13503114815991,1.5018525281881,-0.430802628222987,-0.752287323016982,-0.0371054730401926,-0.699015438400838,-0.372588178669905,-0.475668814856526,-0.238793949735805,-1.07777541847437,0.244509141840485
-1.05902039370977,0.300111307614131,-0.302374710040075,-0.709339033976607,0.264875694363411,0.684340439343618,-0.100905857093427,-0.185584536192321,0.322696407574292,-0.0959332942612089,0.0498887720008414
-1.43953346465963,0.0940617121855914,-0.673792515362166,-0.829894440237166,0.883455656627406,-1.64483867427725,-0.013790961431225,0.374340306971082,1.46754930645299,1.02045683502208,0.949472619372698
-0.981530548180686,-0.5987722499382,-0.59389371515932,-0.918314493686764,-0.670019301198561,0.741486441883507,-1.89715402906805,-1.0844776700748,0.915002848398605,0.0943381539295948,0.135358125422427
-1.25191149431264,1.21067465999428,-0.0351464959035192,-0.362379899237263,-1.70998421640772,-0.587536202258391,0.462959733920436,0.51289450143585,-0.801398937392602,-0.361133194524174,0.448295814294477
-1.18840791072793,1.139174733133,-1.30017601840058,-0.152327010112837,0.196222100492738,0.820737622725272,0.479372013833339,-0.918993160311653,0.54569110351864,0.924244988016087,-0.72455368666301
-0.341646388446892,-0.569164429181419,-0.262883889716684,-0.151591825034811,0.654123300750339,-1.81099523771293,0.501076466273959,0.0524343852449516,0.707321220562579,-0.280271482484774,0.323062208127943
-2.04544181285255,0.591197792202379,-0.636247665747991,-0.0850765261473476,-0.9539935878014,0.204892182819321,-0.568430959108928,0.913711723007448,1.04878063290004,-0.324425791443638,-0.559574282418009
-0.916675361003996,-0.320697223361522,-0.141717251273238,-0.197281279777724,-0.714678852786405,0.772288611738636,0.136591607209277,-0.555580839467352,0.614243214496157,0.104903498922107,-0.108464361381441
-0.834911087814225,1.84992080633365,0.421902020413368,-1.0444733573001,0.159581375325735,0.637608967187574,0.757001475366169,-0.247875051057642,-0.302895177367041,0.28492303728844,0.0164636152969475
-0.645530068524463,2.18125736823854,1.493609734063,-0.665712645350865,-1.85762746055458,0.533985006695598,-0.572070558338308,0.426001833502957,-0.375151868037563,-2.0260990565771,-1.22708826324367
-1.02206583678173,1.43097193571844,-1.12133176783021,0.156584206324786,0.28341964628431,0.0826923434957478,0.724662117793465,-1.19391418939284,-0.241555271770467,1.51806661757427,-0.778678365988563
-0.861793766201659,0.342568816754016,-0.245300375163445,-0.0210667462489147,0.688562149917136,-2.51270136054173,0.270035914855422,-0.942006235766094,0.1374714073162,-0.69142949974731,0.688286369159579
-0.743494936792892,-0.282488336764963,-1.03062327815856,-0.834775909858355,-0.658496659208343,0.295235760388418,-0.269070960739522,0.825374069580664,-0.48059808544065,0.0848249446276101,0.470360481085303
0.385394420574155,0.144754886143984,1.72428415836739,-0.623548561960383,-1.21042542477821,-0.297599478194072,2.17873021561006,0.569886555031819,-0.164052577426817,0.514677175682473,0.494822667568386
-0.52188197503429,0.826565491368982,-0.742940669697635,-0.563705607916772,0.440809052490233,-0.58379897749157,-0.305126006958393,-0.124586612098398,0.26901740530291,-0.24040927556427,-0.509337279879009
-0.846428501860489,0.999610394242926,0.023528061791827,-0.666724825611509,-2.15998929477196,0.234644702733481,-0.666966336911557,0.714594265713474,-1.0116179241292,-0.204666166480436,-0.206241661808359
-1.21390219189598,0.63805581920295,-2.27965896404094,-0.56088303028935,0.148714202790391,-1.18913791173981,-0.563975820750077,0.48503897177352,-0.874923970022172,0.558791053132808,0.455021510228076
0.408736270065286,1.43167662381004,0.0209424012385177,-0.725240677855158,0.337576132721186,-0.704914950142246,0.127392219793467,0.809242394495673,-0.683876092433437,-2.19206182463005,-1.02024135327777
1.01194888851973,-0.617648125840763,-1.1076956272963,-1.01756292692749,1.08656439097262,-0.741233440676823,-0.0782956373120157,0.578464587762067,-1.20796781051978,-1.29673971431592,0.146782344173993
-1.60819374008502,0.943151733395081,-2.90126312174056,0.00173005614246727,-0.732174535670933,1.1971409911593,-0.757897414526093,-0.402080131941447,0.618557122690946,0.356154569937749,-1.17185605922849
-1.0415089484839,0.370386156796072,-2.07755849851727,-0.0982720387825262,0.166359910395462,-1.13713613484048,0.0771222496579385,-0.384778406147875,0.160027175568144,0.0202587948120428,0.211969612709775
-0.258799273307964,-0.102614366280162,-0.283879148721999,-0.782391193649821,-0.0435828862183946,-1.51795637353606,-0.777443674361414,1.77450945345278,0.942604404308172,0.614814233923725,-0.535987625397704
-0.327923802488996,-0.749505675428622,-0.835227925595355,-1.11648820708218,0.0647345584750994,-0.767447352522281,-2.00832149155246,-0.056370030643827,0.584538309974703,0.0100834382357851,0.203727925190219
0.58997170414354,0.132545744771863,-0.449627226683074,-0.543364255112633,-0.927095991361105,0.914375576957963,1.07217473458689,-0.141390511239321,-1.44425353895601,0.818943842551776,-0.233587507328162
1.50578190561799,-1.85470282839078,1.12376979626758,-1.27443544265426,0.543565297200607,0.138774746187909,-0.192784940927439,0.799956907317922,2.00879009416095,1.23987172762339,-0.701293001017943
-1.75776167191644,0.934956104997106,-1.87967312898857,-0.738977004112983,1.02642566439772,-2.17497086107759,-1.3054263261643,0.718827381958153,0.963070432121451,0.538815068286054,0.189789423178086
-1.05797629722781,0.729793049053065,-1.67587401775325,-0.299598798788291,0.0743745145288143,-1.28264840831345,-0.993554452019447,-0.280174194824222,-0.302620084486947,0.320282054628188,-0.18131713124312
-1.20955440487831,1.75596967877468,-0.227271412469175,-0.532270704481205,-0.368534446081697,-1.49683599258098,0.810285978408267,0.218430166801462,-0.193030581348767,-0.263668610845992,0.58376549888741
-0.584062612719416,-0.0592192212652754,-0.651638274290515,-0.239270051958166,-0.262545648432607,0.175003755417404,0.0830133663941161,-0.560441563353306,2.09669676672475,0.617691925085481,-0.787883632599874
-0.335009295629616,-0.166836074225055,-0.182690868751173,-0.496991124322509,0.526156392702964,-1.11327869091853,-0.187238669163599,-0.305939138184551,2.14492341017755,-0.597687413710044,-0.360991812523227
-1.36874294720262,1.10811537304359,-1.45376091781654,-1.16683798893139,1.27343667292037,-0.990104689361352,0.0734964802633892,0.384580580001087,0.285909857114911,0.853772200635296,0.823353000005336
-0.378201626977866,1.18817412898809,-0.246880430090811,-0.905165372016116,0.556195426993139,-0.382881343476344,0.587725600522153,0.0816108190064968,0.0849859780554757,0.622764358610343,-0.106693348250714
0.702173472285567,-0.823575693685598,0.3823535991714,0.148829501067904,-0.724656213302778,-0.857906685926128,1.62871374265796,-0.413098425094074,1.13853774277051,-1.54290891710714,-0.195776429480606
0.64679784998159,-0.223959658018465,-1.24632144048138,-0.899049442251412,0.174574644112063,0.938981022010493,-0.102927509359938,0.480088264682331,-0.997886374334511,1.02812609444932,-0.693980933645967
-0.246059565952742,-0.803441494726831,-2.0266377186617,0.334172601687951,0.121336512371308,-1.98050631129096,0.648797274669479,-1.33759938340644,-0.370883222290672,-0.707051664243833,0.828588588323835
-0.174618017441342,-0.428652156016568,0.16500397191807,0.493908710762761,-1.81808719309277,-1.2130719164876,0.821222815317473,0.939624954287345,1.82240416912414,-0.255498397260183,-1.05222134184942
0.177753162250489,0.0961970067098989,-0.96019958708419,-0.332004564841409,-0.541841165631391,-0.576882485336816,-0.479793231020857,1.19559402229037,-0.893028989299142,1.29410749610785,-1.07093432675116
0.187632278033738,0.741540625951575,0.500567501039973,-0.263801684887857,-0.262808967266177,-1.08800569940539,0.343701210225134,1.58985965958277,1.18715898464408,0.244689148801588,-1.53839498613522
0.0626522597590632,0.538769644810269,-0.723004517696068,-0.36287990345305,0.363441748926555,-0.942964081190631,-0.297734639507065,1.40324207859948,0.836660883203233,-1.12433736641727,-1.43925327531001
0.337991582038199,0.734122923712366,-0.259449893454392,0.347911834789447,1.04015612020451,-1.20826502983675,1.1375347915501,-0.715908898648344,1.54854579702538,0.503569160944895,-1.6617734555856
-0.868270741271966,0.579533314213315,-2.04844022720184,-0.287549350478639,0.481556899699349,1.16283059192865,0.255726683999567,-0.104122759699584,1.54527601113126,0.0867514451707323,-1.23345105516218
-0.761533580044947,0.241420576068475,-1.85420432894563,-0.847575853148402,0.263229475926215,-0.860052739194611,-0.354341477257717,0.549180465279457,-0.76575329656252,0.173886730837083,0.640146969072756
-0.816439012949336,-0.649580691322667,0.236529872656127,-0.796407005647422,-1.70965993407812,-0.307385910600608,0.956639441948178,1.11677959668591,0.925750831718746,-0.735504335817136,1.29299239981101
-0.666786075379578,0.445653513508976,-1.47930545824191,-0.547985960019321,0.684357053721908,-0.756920133325746,1.63953382345605,-0.110793635865546,-0.199785093853481,0.385374018475726,1.06726961236944
-0.201841247508607,0.439156074062482,-1.46598715164738,0.436391744813099,-1.19102484147034,-1.06656354165299,-0.463112857404835,0.104078377024807,-0.845942373433753,0.00584652821223728,-1.23455276361079
0.508679273927148,-1.37673475541646,1.48928548448063,-0.700581262659041,-0.545744923819601,-1.09173778406522,-0.0927092157080682,-0.851757063222014,2.1649138284676,-0.576484610932186,0.315850536108883
-1.38090604498547,0.229605071604893,-0.926990334526668,-0.807365250268279,-0.97722474966061,-2.03482856473172,-1.25111676494736,0.291007743282847,-0.700793016787429,1.15242607248601,1.28018263568837
0.195107816560803,-0.188761378637796,0.106012506783541,-0.469920909764485,-0.784615161222462,-0.823016810131225,1.20324439829309,-0.150180366719108,-0.669401807266141,1.29656142373819,0.648708040325201
-1.26391763066068,0.543751189540976,-1.92214995485785,-0.278291753043951,-0.977016072368782,0.910185811574691,0.866658793690636,-0.645193365378309,-0.394461516913126,0.391569168442146,0.496282678016766
-0.0947784035404534,-0.64052262053006,-1.11338090339072,-0.400678077830244,0.398142791048833,-0.274137514823127,1.56585489731866,0.621324536796779,1.22357574651121,0.586720553666631,0.153561643930871
-0.612800444167061,0.682812263270303,-1.41110328162482,-0.130769333710572,-0.112740603595638,-0.885509866261947,-1.26159344144606,-1.1423452492215,-0.424894374197269,1.65057696982286,-0.807371135892135
0.965754205104306,-0.476804405613862,1.03224265190021,-1.0793645821949,-0.95972446673265,1.36931940823494,-0.048954139006974,-0.285681019429918,0.322404639263918,-1.71585939602464e-05,-0.670783120256619
0.527589059955643,-1.04690344615665,-0.573657446607262,-0.347322520919459,-0.912723284505056,-1.21595838559034,0.154622025044595,0.903785138006318,-1.30971686807622,0.942515263171611,0.25658188253292
1.65644872770307,-1.52193539394939,0.882424850153155,-0.545578247537068,-0.799052694658091,0.253942718760005,0.994693789720554,-0.132560442202205,0.1898025080977,-0.692103234033915,-0.300704683793553
-1.24237016325523,1.03789312448465,-2.14453860183505,0.438552068497854,-0.934642645308612,-1.74915751741538,-0.261670908229984,0.171411646149772,-0.756412968658122,-0.0943635054054625,-0.435150015280664
0.449297953341596,0.378488665267255,1.28224059126545,-0.503955550256165,-0.790807382740721,-0.574863769090422,1.25206577251206,0.16372823790129,0.417968056196775,0.720408288093664,-0.342279370891341
0.331817754158091,1.73623925919756,0.045827896546919,-0.378390898581624,0.131898904893958,-1.07623839022439,-0.0318609734183024,0.699421149641528,-0.897140817070228,-0.208748033339567,-1.57625750450274
-0.143650549417751,1.56758373008506,-0.32438663366224,-0.797683262665888,-0.619416856713418,1.35382759305596,1.40604388058978,-0.0513265163341717,-1.09900098733571,-0.174976377751015,-0.28470353703241
0.447046463990371,-0.113183198190836,0.0823102534057094,-0.490005554624058,-0.320176509010366,-0.307591974045092,-0.3631490212908,-0.370414733736919,0.16178994093156,0.900303000639115,-0.834250848313913
0.364368514779471,-0.771985374620419,-1.65018408620865,-0.90401947457447,1.50664417241443,-0.746955259422941,-0.0346742308765469,-1.35585144573288,-0.808184659334824,-0.104471322286618,1.05564843443174
-0.643114989241858,0.913908682846255,-0.693583786509747,-0.158237491578445,0.088920522019812,-2.21059200237791,-0.0992822142616599,1.00729357099253,0.209277802438004,0.986440534317788,-0.632809533375504
-0.446805527741943,0.921655805463318,-1.12422832407927,-0.852595254590693,0.674508310560147,-0.153443488993524,-0.790072028642584,-0.74267232843764,-0.441022516281528,0.691093737773374,-0.352862328647989
-1.258930979091,1.21812228089396,-1.19979008128152,-1.04626872590549,0.507691214521515,-0.229316614504864,-0.113371354813514,0.150818250569936,-0.0615237951779146,0.72109112114605,0.406890625978136
1.14896365518504,0.287834537547028,1.55152224722379,-1.10363520712823,-0.387029033945975,-0.654673515953625,-0.123677251987011,-0.131547146077256,-1.05326930239557,0.306038922049921,-0.226812510053659
1.22043284341734,-2.15805578648692,0.212563711354008,-0.71284760435595,0.245495078727723,-1.12659146607995,0.963488252667342,-0.0491408226887327,0.526878087457468,0.314752571931027,0.856998760555453
-1.19020449144582,0.411515464264461,0.232897118766247,-0.979858115544614,-2.12165701993224,0.2645678077532,-0.65867934663562,0.570443222248226,0.73859083187788,-0.557649258951088,0.404999697426091
-0.0884445510690596,1.6951637591399,-0.118403058212987,-0.667093819269287,-0.328092191924962,0.713804324346306,0.285756355892323,0.200779299069061,-0.430224455081319,0.263489150427956,-1.21511155533715
1.38918886054305,-0.596314811564876,0.253608561811407,-1.02458333927669,-0.772511544579035,0.762734060550821,1.40215178696596,1.56109968964031,-1.39498488515483,0.0253981732723292,-0.115621801756273
0.882802814782201,-2.17188122725437,1.16737365080968,-0.686340042258085,-2.33045707785104,0.336950232487778,0.125817946044232,0.576672208070057,0.819329727820235,0.331409194458693,0.195800086917426
1.4021050385892,-0.620636931438301,2.31878121787836,-1.5492894275069,-1.0270469143238,1.83135484318948,0.600615465703883,-1.11573701207904,0.348823068162823,-0.554564270935511,0.14206919094192
-1.17831114236109,1.88200674959303,-0.628285479578514,-0.849374430370505,-0.281026869016718,-0.506015507193018,-0.16270607242411,0.446907396648943,-0.71474430377472,-0.214862583603129,0.0340460415795985
-0.246590563587629,1.32582469674061,1.44996093778295,-0.429870778394363,-1.12944719705048,-0.400534658555059,1.4315497315303,-0.317703036066199,0.642006315835241,-0.196770728926545,-0.228080268008691
-1.33031603330813,-0.6806284741579,-1.74675605007198,-0.496523244361652,-0.351184078006459,-1.66702967239107,-1.88120650929442,0.715559156701345,1.48853742278794,0.29654890040793,0.0940256611928501
0.549582364995287,-0.741209352103199,-0.282339885531646,0.0868636464169742,-1.3744256002845,0.288652772950293,0.96635496564658,1.1311761132817,0.909932046141933,0.28515751049288,-1.32768924131344
-0.329370895596761,0.577508615343268,-1.03419724274832,0.139549807476834,-0.286919903468216,-0.925876702034586,1.28473492028488,0.0350206192195852,0.0807445954117225,-0.250435422338527,-0.346067812752484
-1.05953740530706,0.0336222472248414,-0.396980999867954,-1.03000384455842,-1.08198432189998,0.502637741601199,-0.425220587656171,-0.881311330729642,0.586772524493567,-1.35934281229105,1.04327813160914
-0.766740939483068,1.34106931404547,-0.573114576876501,-0.388684257760846,0.22924479707029,0.155706707171316,0.684837634264017,-1.22225359778929,0.782877564568672,0.574886271446863,-0.427229700235334
-0.793627790722056,0.234421216367944,-1.24395335065094,-0.643415201203802,-0.857884926221334,0.140747180019138,-0.0244856789253139,0.327676123948344,-0.627215903869581,-0.209453724186153,0.395065689264632
0.596845864654351,-1.07447207398626,0.35083998445497,-1.14886126542884,-0.292760377343725,-1.30457778691561,-1.25200631719506,0.667915640523129,-0.0926234724678364,0.139745484686946,0.248762866578306
-0.0116963748513449,0.715222883912804,-1.04100838017966,-0.55242872076221,0.124943831332349,-0.223347475554467,0.351262844683974,0.279636454007569,-0.837412621073672,0.325406029693167,-0.421987523879491
0.152236330122753,0.548499963703374,0.336307725820015,-0.600724733297186,-0.668193314968779,-0.916391218490693,-0.250145920631434,0.600680515653476,-0.055005522678741,-1.39330333440272,-0.570949704655996
1.11992964041225,-1.7944650721144,0.523339059753662,-1.27630720320267,-0.914772833136331,1.62333893064008,-0.932107502249099,1.00808755902484,1.11649717633896,-1.04472360958559,-0.855732255165895
-1.09781826302179,0.511801388285225,-0.0316586750230214,-0.997943849425207,-0.995821522995074,-0.37237320010485,-0.845159332488722,-0.561035696869285,0.333163190331558,0.0664633333167719,0.706083433815424
0.521155071281914,-0.752870495513787,-1.1698396994212,-0.573967132200566,-0.107340221540102,1.83124158739273,0.0670767434795709,-0.38059591564419,0.317587355764257,0.109605553757821,-1.00777419670956
0.383472457836505,0.378962081196785,-0.133012318048834,-0.157097633202895,-1.0459680733489,0.279776700457808,0.730098209348204,0.259770733297734,-0.0921331578506899,-1.03785368994109,-1.05311159504356
-0.21503938013717,-0.751071206923817,-0.534926941812417,-0.754898130737119,0.166757295276708,-1.30907131598897,-0.189693219959121,0.0362570375463513,0.767190463349495,-0.70488493178871,0.704396784391687
0.515083634543359,0.0524426963960237,0.417714209567116,-0.709176069692764,-1.17237797313561,0.697222476731708,0.712400877110013,0.888165628767246,0.122729690003173,-1.06925765772412,-0.637344617961302
-0.485091128922278,1.12720039843972,0.760943555307022,-1.15826961138482,-0.709797813594242,-0.901002655881951,-0.546635373311214,0.0813677375747209,-0.619611824118998,0.183298442379755,0.402686226564532
-0.771446015496566,0.0748363399342819,-1.20707486546266,-0.602642298945329,0.258725244491746,-1.52268908469016,-0.610865438841869,0.482548834112375,0.385463521765272,-0.28258238777249,0.247827619298421
0.568397104647862,-0.0431297442212215,0.315396844858886,-0.666535382446565,-1.32366977286968,0.0954099361716921,-0.573809575684635,0.28888781048872,-0.569574854164177,-0.90820065955473,-0.707727934849713
-0.770400568659398,0.706033760815417,-0.690301557605151,-0.86692583180227,-0.179784104443067,-0.330433218770378,-0.632829206836695,0.195458978658269,-0.227930981599747,0.371410369587811,0.00784565745508098
-0.542836962992221,0.597290007767343,-0.269327713164811,-1.11095135896406,-0.360148962523195,-0.507634582279057,-0.216985124423983,1.17436180793523,-0.492996578246091,1.9502129367854,0.170912094561008
-0.627690611587442,-0.210136944646977,-1.67166348926978,-0.0488565701094136,-0.358603749316272,-0.385007580945086,-0.882506831251231,-0.606352774961976,0.368578805631387,1.34436194467529,-0.694834645410876
0.848449034314608,-0.595317793647861,1.03010724257382,0.00787292124200433,-1.2877136041605,-1.43180381258075,-0.989349485521827,-0.0108449117049772,0.778866591232484,0.513108035608704,-1.54215079328137
0.575337746761638,-0.842669612912653,-1.598815149577,-0.641143240311627,1.04622641871984,-0.258547130926122,0.0272880876491884,-0.967223946954915,-1.00624526249095,1.15815534294098,0.235659768310222
-0.524599619785537,0.291269640356065,0.0406850207333522,-1.68099476228298,0.183158545449864,0.606372745109402,0.315253387335893,-0.456195001241653,0.0126109376952772,0.0873682467926664,1.37110810834204
1.39030386199951,0.884894688865189,1.21246081094125,0.000530063557771872,-0.635161284403995,-0.0921051281487348,1.40737145880086,0.550571940298935,-0.273555786657817,0.478245087515566,-1.84257526911837
-0.230398391409135,-0.070759431504643,-0.645953212880474,0.0407933530214685,-1.99663806352395,-0.488500154204793,-1.08165891749537,-0.989347879354283,-0.755652426677404,-0.750312995541047,-0.282665726139595
1.3343849490613,0.999173499726373,0.265745269907707,-0.461779143549349,-0.124973983444438,0.958579189792212,-0.507590616621432,0.955342421508447,-0.134584777783135,-1.79822256754422,-2.6162673278289
0.886270752946646,-0.462253676621602,0.927198955420425,-1.30129665428306,0.344424243369854,0.0334924645161144,0.0169698949235489,0.035782944314827,0.505326277894143,-0.147275805415419,0.332833004399324
1.46551145119327,-0.367520747879176,1.04593561754627,-1.17198711857897,-1.0952241979459,1.77950242865427,-0.389561086574591,-0.231502542440672,-1.0148796575201,0.62624780534844,-0.290066621160154
0.506090348841873,0.0444168330122566,-0.642668455880381,-0.0822209341324744,0.102541766449394,-0.139486879206582,0.163158397533541,-0.270893723096976,0.081566109737676,0.0648176358539358,-0.0325789910936469
-0.756172237026981,1.43623520021758,-0.637459091250802,-0.011474860829476,0.184429647339506,-0.701831917378359,-0.155463960004897,-1.50666094336338,0.366695499251903,0.167895854720697,0.404805434006706
1.00145384821631,-0.180122059163756,-0.577305671288285,0.0674929467821014,-0.0733328756726275,-0.269840927889054,-0.0532398831105466,0.415145426239199,-0.111565282177516,-0.444622722860603,-0.665896799679768
0.874095827355008,-1.03994131183559,-0.457622251698227,-0.510155638078656,0.355042886676215,-0.560527355074111,-1.42025188429953,-0.561618370679898,0.225186121193585,0.094813365896677,0.253614914056535
-0.399047246178842,0.826878122202977,-0.188033951471398,-1.0682999471166,0.257338062883029,0.00717682788594783,0.112323348423887,0.200466778524908,0.331215130858104,0.0997843611402201,0.24724281491199
-0.216928676501338,1.50300697389365,0.130043935434806,0.362197326676792,-0.597132595728763,-1.49480169669242,0.826163173764848,-1.39242476473299,-0.554435850139884,0.152968147877031,-0.119436787924915
0.236809456014763,0.291576764985034,-0.812336094397512,0.0601436203498987,-0.303448727703365,-0.584307997959207,0.0636489514402125,0.622927303986098,0.410573834643969,-0.886261662247866,-1.33777412485812
2.01015455056046,0.631044404221434,-0.425835727433317,-0.767006657159137,1.14998319917375,1.18000193248456,-0.694674554208358,0.472152253212965,-1.19377157652763,-0.526053228155968,-2.65780785743957
0.443235435996786,-0.0386977889276126,-0.179140133703508,0.508646655808373,-1.31403224733793,-0.284137143366567,-0.876683760385215,0.112259878682039,0.759621094657563,1.82277332067807,-1.84525121501283
1.26677253215455,0.540710653046328,-0.309746829230597,-0.0374691780799453,0.824674311006494,0.108312986110368,0.966749443474452,-0.849596990885686,-0.635473122963616,0.775865805040864,-0.882473480735985
2.76017446293636,-2.21978974146626,-0.155622150675082,-1.22533759502454,2.0776738983171,0.318791605378651,0.399635757400607,-1.24977259219142,-0.877952015482944,-0.792471274286494,0.757501152093207
3.11223109498412,-1.56182082116984,1.04788934961941,-0.593631151100032,-0.598935206487843,1.76594684599128,0.168766308062373,-0.191041768734547,-0.889228125038119,-0.341481032020881,-1.60774743949365
1.20494262796051,0.190588088617746,1.0727082391528,-0.905120982872626,0.866800250596616,-1.3135886565229,-0.666314825541941,1.08929715832,0.417967429373937,-0.136835337181773,-0.642209637830115
1.22973756162339,-0.182076342374269,-0.145709159496678,-1.02740018987449,0.859212810309581,-1.06421544530179,0.232827743450362,1.85947712812023,-1.50945702768378,0.409393102515057,1.0381980157582
0.674536652851312,-0.105095197855539,0.0564300028291559,-0.893863897924634,-0.0275733257681466,0.929617344982682,0.0541933487694582,-0.394946460879603,-0.129720603072229,1.24187467571473,-0.0118066036852443
0.934235678438785,-1.07965032499131,1.08562945636876,-0.702017163432179,-1.55692173860144,0.777368083051949,0.478160017701349,-0.0648811237125163,0.591450314551687,-0.704561144777179,0.17225756557453
-0.150619723926681,0.662428866944214,-1.459387411648,0.52019429296323,0.475128058787528,-2.01551821852535,0.287551917303212,0.149207859762586,-0.166725736613825,1.45914961719135,-0.473481501257697
1.034096981488,-0.847373752148574,-0.139750187912824,0.234209386258068,0.0919659594817852,-3.37639389952376,-0.160582020266515,-0.55384171041667,-1.13183330979454,0.241948886007303,0.497864274429897
0.776097071422188,1.15008878682097,0.280172726068998,-1.24184209617326,0.234504024902373,0.580986624845595,-0.546144110860543,0.0580017682889813,-1.51479855081651,-1.31381860107685,0.000365454769064498
1.14030630814646,-1.36590935574202,1.25951460817788,-0.384142937776987,-0.802433920507077,-0.891084714881245,0.514273733181618,0.905089185176816,1.14990461983764,0.376613984930251,0.59418633674
0.298389083133714,1.07386081914737,-1.69697326321318,0.893130149832708,1.04256447322192,-1.57045729932504,0.143589364636078,-1.87057577829093,-0.797532201029359,0.194743382768657,-0.392751445757846
-0.055300758734941,-0.0815777351978662,-1.3704279489581,0.252534816396147,0.207050795021419,-1.63646894880838,-0.0742245756635546,-0.0931021745064154,0.186273463713217,0.112839905541779,-0.122643987457171
0.107488610871493,0.130474815361985,0.457572929280222,-0.333127564705182,0.53937345229264,-2.1984085530849,-0.555063571520579,0.651653892311214,1.38124421193236,1.14551056151447,-0.041872532087051
0.170594674842505,1.56841207884432,0.106889063274794,-0.940300768248634,0.127821447918691,-0.454929804546449,-0.80290026167826,-0.788503790624376,-1.84230901679435,0.586788752780504,0.0424800028463904
0.58504483333379,0.721503099188,1.72870334718511,-1.35370531605807,-0.420606749165072,-0.0143063830531665,-1.66389802175992,1.25750978230308,0.805908450004647,1.23204518983584,-1.54473742848478
0.356241929393752,-0.0275597169592171,1.20056434689108,-1.55878732684033,0.208523287470696,1.73978153058521,-0.154626334023727,-1.0216396409157,2.09066851296766,-1.42181709153502,-0.236639407916006
1.56819569033582,-0.500033191660235,1.03505306635383,-1.20261150985908,-0.224815120917639,-0.944335079360828,-1.10004007750477,0.944417238232693,-1.31665574325101,0.266422513208337,-0.442241401632169
1.11897547890395,-0.46714218837978,-0.96907087263262,-0.367898848262693,0.479984965518859,-0.0812514253345145,0.0203288191423495,0.291041983093197,-0.574882122103238,0.0418771713451739,-0.823875025244776
0.347428646441225,-0.163690488187302,-0.550653763232964,-0.888349021522853,1.25576607597652,-0.559218519669146,1.04007808242826,-0.596274265390455,0.0404578685999502,-0.702086981326775,1.21405833244459
-0.536048056061495,0.312392767275906,-0.554417722913333,-0.971949818005614,0.0490324335496067,-0.575235276630678,-0.189364802303993,-0.140415033369594,0.14299907568122,-1.07179694753798,0.825282596519128
-0.596237755167085,2.08163269315897,-0.280840029809152,-1.22237608469204,0.298443406959109,0.240013410424822,-0.0486815722679711,1.55424598852196,-0.554857435970847,-0.371702835921245,0.484281089079267
-0.502226439029832,-0.219854615798036,-0.437382277005475,-0.754853144727738,-0.776028470823511,-0.0614700708604175,0.109122220263134,-1.43665658110909,-0.290999834530756,0.358245055658051,1.45920385122135
0.326549203412964,0.767571186719377,0.264804191958472,-0.708054688067434,-0.0491126369263119,-0.684038688451789,0.687566672062618,-0.0891774887627238,-0.907124132858616,0.124047801745876,0.276933793790791
1.8442267736732,-2.58441022611983,0.112195379580722,-0.0313121579246541,-0.516288539225689,-0.546860208049791,0.582467463351154,1.53164269910828,1.33312947808293,0.34635636963903,-0.650709984881343
2.11711602593423,-0.0516188505951784,-0.12094978692678,0.639589184880692,0.0481693095648319,1.11961050229418,2.92252363816889,-1.86818906823195,-1.01091581316368,-1.32134953725672,-0.392480753916002
0.0200066958027488,-0.111634154503894,-0.977045695767472,0.269108712103656,-0.564150945520073,-1.02446107307571,-0.112642378986384,0.0205819968411851,0.178943633372547,-0.453314899515765,0.0306850279596055
0.341057798396011,1.03272192460672,-1.43975516045721,-0.995990531555211,1.41878943262969,1.79160264979819,-0.235235767722335,-0.141521847845514,-0.144450144312269,-1.5796771129421,-0.307390099386158
0.738159214188624,0.966663241612477,-0.215561979085642,-0.0957891262070263,0.0844616246487574,-0.316171429001093,0.210349443814114,1.07367202551272,-0.229605509438567,0.208928826122208,-1.43807716595882
0.824882825931065,0.297352564513347,-1.69117839872515,0.277867741907855,0.120742416165884,0.490375893110706,0.0578974798222245,-0.107095460889725,-0.705571171481363,0.731884614112225,-2.06143805056944
-0.813619362645196,-0.420704964124366,-0.783094762720991,-1.23050828305423,-0.311270047150584,0.669700766925516,-2.09215368708678,-0.507417741993586,1.43845967230671,0.564371573422489,0.0344633814700999
0.28330687332629,-0.332647941441128,-0.688877895747837,0.567356690094457,-1.02671097231481,-1.62771954611871,0.521442554853617,1.08473219505086,0.202782332986958,1.33721920601823,-1.05601616008342
1.09922169075563,-1.20264205996624,0.111440039182355,-0.731948798924281,0.450247783049528,0.00340322400872496,0.513094276577468,-0.470145486819979,0.802871143616859,-0.0891097134897225,-0.10341750226932
-1.18055478469439,0.148666660565688,-2.76652289835989,-0.436957828118957,1.77967539550384,-1.12514294441842,-0.661981962728899,-0.630501166719632,0.894688187034813,-0.605273170507369,1.43720611397065
0.824712912501675,-1.56498293547936,0.844861368682393,-0.140414315105868,-1.25130440508239,-2.60632837496867,-1.23681523586343,0.879221629259175,0.533903016306887,0.423077654854523,0.126298295150584
0.930559355177546,0.357829553996103,-0.663759192490298,0.959693057656931,-1.0881401798152,-0.0620990687731697,0.668025203796045,-1.08388407383616,-0.83278784818574,0.190968966665617,-1.23398300157487
0.728679241923655,-0.170613549844714,-0.409471647758779,0.179840827634088,0.173760392022765,-2.01796421151663,-0.0511631117196263,-1.18966834069669,-0.855045455006463,-0.109014751022121,0.21197923189045
1.10220594093666,-0.318515477194077,1.63911252218287,-0.463120378107743,-1.03678517391299,0.593444975314951,1.13576436795322,0.465532425640015,1.43264165035047,0.450342454621526,-1.24847373315104
0.0265870954906091,0.482680627291063,-0.667912258376976,-0.258064460319405,1.07814928101887,0.717423511757387,1.80444663548428,-0.445624737633127,1.62392072117161,0.282771933450875,0.268030201712222
0.560761540874717,0.310510792230962,0.183453941612394,0.245564043064348,-1.04563465592315,-1.00367102085382,-0.628470802981883,-1.52569240070576,-0.730824009299058,1.23568571437996,-1.16932211847644
-0.385354114721985,1.1664321689445,-1.22299082193581,-0.71700526890833,1.58854247329688,-1.68862510087709,-0.191672005250902,1.56819015080422,-0.00477131229699027,0.0410512207729255,0.294482601488492
1.27760756888284,-0.585407373543559,-1.281076204861,0.184546745533221,0.927762441738126,-0.0103020164123375,1.21762878491338,-0.387181139489577,-0.0653946856508603,0.165453191646031,-0.750431268995003
0.442452632396158,-0.19629022515037,0.0660321269183623,0.304654924838005,-2.16714594491941,-0.104446972814997,0.00849839165789118,0.011018363463003,-0.0573314552423483,-0.479688385464327,-1.16082068542292
0.0632575531203604,-0.187620568715559,0.64982985274116,-0.991769656915949,0.564370746068301,-2.19638704470147,0.265849699485499,1.09548743042068,0.730912784108311,0.44486062965296,1.2508720451157
-0.138762765366718,1.15249238301412,-1.08458649603148,0.0147273693560449,-0.190320728818757,-0.719714948634089,-0.351205753827205,-0.454004663322569,-1.04877971431583,-0.659511168636796,-0.0504727008135483
1.79657647908075,0.474538655269944,0.0723429459789435,-0.538169988790919,-0.692189948205352,1.16671201351097,-0.222772941912136,0.741068981589213,-1.88665365459088,-1.06453865402258,-1.98447690812106
1.30971059465845,-0.402724228819208,-0.581310997395276,-0.628092295210692,0.803558618308192,1.49772299628402,0.0200603382926936,-0.963527703854913,-0.0775536763440392,0.18040307799609,-0.268979137630589
0.909695195717039,-0.195234846775768,1.14193517566679,-1.17056354510691,-1.27241352770868,0.592531933187417,-0.650003756544189,0.778529732630252,-0.535451472991404,-0.85922673120986,0.23985204700233
0.404106123396911,-0.853232522302337,-0.881332989287927,0.0450800583459274,-1.29375149247857,-0.474674450021391,-0.710896665481835,-0.0280423763132415,-0.465427786217078,-0.465751080217982,0.0813675985211745
-0.95864502268889,1.87141366615534,-0.82482060423296,0.394201824719067,-1.20575242582699,-0.328798496109486,-1.1493628393335,0.852597163538211,0.855132177780748,0.00889868585675166,-1.78652836045179
0.720948363472567,0.689024405317878,1.04361950508718,-0.583743905337714,-0.330767360930406,-0.0438591922562761,0.452136419712814,-0.144154922769561,0.34217825698873,-0.717021082494399,-0.991197836657471
-0.530049650663346,0.394056965287176,-0.604657010876587,0.0424663679031679,-0.202871280233657,-1.13435384573343,0.775927714743279,-0.990001284877735,0.628091903490867,-1.09489105658368,0.805589885884236
0.435885970152646,1.53420831755103,0.533561690223031,-0.677771625417315,0.414607681290955,-1.13100835736858,-0.0194470355895746,0.248567650456174,-0.947172845528374,-0.0771328475115744,-0.286748812709264
1.46086527528114,-1.33246419496375,1.56856208170699,-0.783578928166139,-2.18891005427197,1.91413869294424,-0.599818365299352,0.0201863225037561,0.336402195770987,0.59717204279917,0.0973858374793033
0.666533174280053,-0.815773627436578,0.197041633498347,-0.829754253558471,-0.902026076616001,-0.736398912218423,-0.760807670325903,0.131256811264037,-0.952352367286366,0.0133190628963398,0.747081421325199
3.11486405842219,-0.905472161510828,2.58858406645225,-0.449106442843497,0.767488112466972,-0.212332570617092,1.03212794213902,0.0845503242871027,0.983550769026653,-0.365031812155543,-1.1608710512506
0.556115749745524,0.95423670221846,1.04984485938159,-1.29893750761288,-0.420310339467442,0.579737162385805,-0.832019025711206,-0.897461589901012,-1.2436490600431,1.083533194473,0.0473612344328093
-0.0483353032880607,1.23347378830749,-1.06404691875925,0.337413379743338,-0.786098351639273,-1.7219180902153,-1.1460952799106,0.883013234270522,-1.67040924797086,0.424426882180736,-0.430389898479124
-0.706435961315592,1.90769851131776,-0.577761084770781,0.214283053940329,0.167716035556122,-1.66512791567446,0.618544100756097,1.5418431998301,0.446930091379598,0.589083503541999,-0.0187099567481408
2.84639499100135,-0.0463683045348069,1.02382268238757,0.163720735840005,0.126847654578147,0.643221683382811,1.09673232119932,1.21478703072912,-0.767356626599719,-0.123786366810677,-0.718525696058639
2.81697204516047,-1.66904983011727,0.622791877037361,0.109287394236503,-0.747138732838567,0.606813230516887,-0.219533274337303,-0.503444341788602,-1.1403136622562,-1.38870231992842,0.628734617737057
-0.0243420830732603,0.53858127693357,-0.645329752879136,-0.202267286318508,0.985997983280207,-1.10517049317508,-0.471986773398878,-0.951106574819538,0.65909685270429,-1.56094381404734,0.804915366142434
2.4905058740046,-0.306017339276303,-0.0100977417874333,0.850049047716185,1.06039765482384,-0.25368025441373,-1.36715136651173,0.1934568954151,0.524983276282471,-0.231317898042364,-0.4706594079538
2.30759092530612,0.365787741306994,-1.07225877153805,0.923591571610115,1.28015625297132,1.13266512701101,-1.19898518478595,-0.765763471256757,-0.207114759104746,-0.261728523620359,-1.1853887100495
2.08168179733635,-0.611807828378257,0.0413018294595434,-0.421417345590629,0.466743485896575,0.246209428882575,0.738484535370584,-0.223653637590066,-1.52101515768215,-0.528800368752251,0.572168841696875
1.57382241366906,2.01426954779625,1.30589494913913,-0.0381575370227189,1.00053145366482,0.559349831535116,-1.19269667533756,-0.213576353692512,-0.0478258197185162,0.820078325469065,0.0165494071265482
0.754515423497432,-0.51711173019776,-0.637430328631394,-0.0144227697476342,-0.325380913240237,0.30426793663096,1.14661430038786,-0.691911489818332,-0.690350092156683,1.11290477314446,1.18126207995596
2.25284198206817,-0.320603768941602,0.829848810870461,-0.493694681662616,1.02688936180399,0.838519228777133,0.712671870385866,-0.00397647338963257,0.407295767755477,-0.779869787195753,-0.643156304622033
2.45056537367313,-0.641874059120391,0.0820396154448199,0.458467208314308,0.721921091906267,1.18299561871724,-0.213800133022991,-1.60483301941577,-0.102405874721183,0.659651872471844,0.300676850005929
2.76374489452485,-0.984382690407486,0.715332571345819,0.701323960957668,-0.0246503337656299,-0.216656970112891,-0.565517040180554,-0.196226097423958,0.158287183564366,0.163828348831355,-1.13208520073046
3.22592865275052,0.123405094657112,0.972511802638029,-0.500950663721614,1.10932356246612,2.46218727459463,0.505952078346769,-0.424978396797702,-1.26079223494546,0.34162904547266,-0.118720475211679
1.2871567989253,0.154452998099186,0.88461669768735,0.767446275721844,-1.45251238923846,0.0205004153311381,-1.68387722848381,-0.216442508315298,0.27742496156511,0.290092953400081,0.237357668927832
2.24051150891963,-0.537071722669732,0.867959896160627,0.281752552609613,-0.565355640914897,0.970339776502829,-0.306226914515437,0.41998021044553,0.10557033403585,-0.276096957651887,0.233668341293068
2.70093862410089,-0.346134431272752,0.401865716306926,0.209348101569382,0.00999873967365453,1.4048098072852,0.175040513803383,-0.0573252733643747,-0.362934697625634,-1.67718995691392,-1.42801742971586
1.12031231387509,-1.56760270390051,-1.54963946797009,0.109752194019174,0.438334277324485,0.82460830898107,0.454222412539612,-0.138305674517681,0.672443380702298,0.59146307744915,0.397520530986002
1.31095728981077,-0.31343436396132,1.46511626439379,0.0994224134184186,-1.01804102585717,-0.727112311109514,0.0429699456625145,-0.0877620332170634,0.17953646370806,0.000460748764037253,0.798968933979128
1.59508415221273,-1.0249840764343,-0.744711607222711,1.23420563386264,-0.777257340811903,-1.15754607043825,0.0824368565594671,-0.898863956511636,-0.837541646193615,0.795120251947374,-0.112652246056408
2.38793905712819,0.863709677018987,0.312085131972964,0.359852710831763,-0.50591186711741,1.09423496301044,-1.66524994714258,-1.12113656013858,-2.58120876126267,-0.492063980696865,-0.307817990011469
1.73552153133753,0.933886003397211,0.018679384925241,0.998540811249411,1.4785744563327,-1.27446633868736,1.12062624135514,-0.170852514769528,-0.0166578894701548,-0.174552974486886,0.319374250593791
1.93494735444739,0.310044443557577,0.92342118198775,-0.429584213105048,-0.165720688574477,1.30294649460584,-0.187906943898475,0.489870896855691,-0.457761145665521,-0.669351642002715,-0.400269101157718
-0.646141860800552,1.03224736813438,0.37321792097906,0.326442361764504,-1.82640085228547,-1.13894783853836,-0.46073780130234,-0.531461527782008,0.124043527762516,-0.52563320131938,0.966276836741485
1.19996178305766,0.563038032256944,-0.735119089728105,0.346355479048322,1.45099389396628,-1.40120182559278,-0.697402796619291,1.39925554467132,-0.255831002434815,-0.937801913291746,1.40025779257073
1.85650763736817,-0.845885923150993,2.78529403328279,0.791819270788978,-1.39163323700211,-0.370654789906292,0.482632223890535,-0.890261714772817,2.79779099750808,-0.38701804421682,-0.631345985047068
0.612550688102543,1.26938507912317,-0.516967210519963,0.989782770368048,0.0971386596611506,-0.672587327404066,-1.4427424109579,-0.503730667026979,-0.216576802477325,0.143613266883675,1.05741589217849
-0.236643546546154,1.40577259327516,-1.13717806752201,0.346050720167377,0.397731228239836,-0.312599289545377,1.12561972396132,0.366524046224206,0.177721137849109,0.738668476640706,0.134183689038237
2.82224242515106,0.0994805924639988,0.884710426613944,0.562903919371104,0.643927138674908,-0.305421433199173,0.526683993630162,0.429415642745579,-0.546819259079735,-1.08305358749013,-0.390122275232933
2.08222851198339,0.381036735869469,0.911379739096519,0.735860189369709,0.168567877767815,-1.97534736121477,-0.734430522698296,-1.89500877539334,-1.45072270525373,0.797898870933007,-0.785760724272052
0.886883042085847,0.304145891608067,-0.812142276480625,0.845779180815217,-0.0561526278012987,-0.692170897188185,0.398360875828583,-1.17810514516084,-0.737530157401024,1.59619661503465,-0.242250102910102
1.00303037156556,-0.642955942082347,-0.28880892245133,-0.214120148414213,-0.361429083620052,-0.886866433086225,-1.65829739045507,0.908508226730537,-0.219944540189263,-0.710034077963534,0.0625536423160274
1.38485084523255,-0.293667235267478,-1.30341307331963,0.529316157465104,-0.538337635082413,0.269266020501046,-1.70522963090185,-0.023139064701124,-1.1921888237355,-0.876112611007323,-0.420947408242407
0.381547829510031,-0.242615399124318,-0.831318707132647,-0.453160847677121,0.624954451001007,0.18066861035926,-0.852031401664588,-0.542600304443295,0.630655201314297,0.259923692024108,0.138946906344574
-0.0456360663855502,1.29057834540485,-1.25472403945959,1.73535172991284,-0.667525950417122,-1.14679317760654,-0.919737678431497,-0.100326643837174,0.769801390755801,0.280697337041782,-0.818157409158853
2.52805418582949,-1.27878395059045,1.26670752800327,0.323282045407571,-0.835269250512334,-1.19457691655432,-0.0770215129890641,1.86098124044866,-0.203143264610457,-1.51158214917598,0.427199716891271
2.28836537748804,-0.015696490745424,-0.625522985838598,0.540223220670361,0.877493678621048,-1.8923337671878,-0.318457973135448,0.694192398929623,-2.0965513244287,0.994289355073522,-1.26213613790825
2.70696860892687,-1.00035824414469,0.505359447091597,-0.606578306925082,1.09864322545008,0.584773771537659,-0.204179438729014,-0.584540843875555,-0.719882139547109,-0.878710341479692,-0.037948788473903
1.0006217584991,0.255147857409866,-2.36354036350153,1.2607373383113,0.309894743692636,-1.55455052764381,-1.03644533947224,0.0902013105980409,-2.061818562489,-0.00358114135876358,0.736945277892642
2.28414965146909,0.0177238079978341,-0.284661969001448,0.51855678223679,1.00023123420382,0.88158869798709,-1.20315647599237,-0.642197940832633,-0.337699864436204,0.821945427838471,0.0435186409432935
1.26539292587593,0.666711181675545,0.396629742222288,0.318590305377248,-1.40913768046327,1.29212917675417,2.04912004266336,0.49215637432264,-0.730746237956353,-1.35992989100134,-0.377420466261513
2.50147995968705,0.170720085719894,0.0101425866938253,1.10401421762264,-0.582869062956127,0.806623500258679,1.59595633772707,0.657171806029493,-1.18035924397588,-1.64325860640276,-0.0346574334440913
1.93067966380584,-0.781138338137114,-0.439583599428473,0.659086686985265,-0.0617750734339707,-0.64350175200865,0.288866084149891,-0.915032773905559,-1.08285780868639,0.765728156714607,-0.444106414533517
1.74320739082259,-0.414108785211252,0.392913303477656,0.613539702537526,0.295241226738115,-0.240926539725673,-0.20916139117306,-0.366762510018385,0.63544208931209,0.816367865621922,0.539263847479228
1.37178403025888,-0.552831224984676,1.86936496199435,-1.35276105888522,-0.890624133135973,1.17509122944485,-1.04724138546025,-1.40226301797051,-0.581825085826331,-0.859144139922151,1.64059417956992
3.37444465303188,0.794639898462782,1.45369509831562,-0.127123382488371,0.91200452861908,1.81883179613291,0.731031929550513,1.59613317956676,-0.993697983667746,-0.0813318156570237,-0.315497751469646
0.73485806414548,0.643915852149734,1.24462179152745,0.835374621774157,-0.553025209664169,-0.370875927713921,-1.78959607410619,-1.57678525196731,2.30333887604153,-0.284811954903288,-0.629071127420348
1.40732435368769,0.220074916577731,-0.773412080890627,1.12164530891096,0.0569990610283898,0.22692054409866,1.09617365927372,-0.842108782539486,-0.606537071682848,0.342941485252061,0.863115951050719
2.57880119936367,-0.103822960395885,1.7155846140259,0.511691520641909,-1.00895734295277,1.5501180091612,0.478536448444132,0.207112132594965,-0.156055062709833,0.124937770609549,0.931127938957032
0.349387573391254,0.137144377582073,0.908318225022765,0.162730888818247,-0.40206052041893,-1.13910038504373,0.761752683338172,-0.759958799167604,0.579201935297496,1.17012136142288,2.00689294257464
2.38949495809818,-0.154653438874347,-0.76575587574157,1.55826076826885,0.746183431010021,-0.288898817263015,1.13163775806186,0.653346799839402,0.438351376959676,0.0762652942633649,-1.68938724769741
1.09080956112785,-0.14279250353289,-1.00257507319567,0.417016276491998,0.636131837687667,-0.482035245482869,-1.72185097909665,-0.0947406673372448,0.0706542770613251,0.248299786418877,0.211500601182674
1.72448227561576,-0.776954189039456,0.137192574873302,0.82674263026696,0.725183554730587,-2.02527568726983,-1.02277261997183,-0.625137112690028,0.617293454847882,0.926998792311722,0.0791060090033731
0.47262492095277,1.44342510058526,-2.14124372390385,2.04207461920685,0.79091410428144,-1.63640469964206,0.17016159815065,0.539852535014343,0.111137843202934,-0.326204087260164,-0.0209486821737966
0.825871589575184,1.77291480742136,-0.136913465097407,0.499483053473816,0.984649125249962,-1.33351583901906,-0.126008371018098,1.52219607012412,0.098686235272133,0.279275888038604,-0.651891760609344
1.1260046501279,-0.870738525988192,-2.28454839150466,0.91844131359248,0.0672161461035063,0.589602060703699,-1.02056512516306,-1.76148288421678,-1.10473535708663,0.540892462912901,1.25582657892824
-0.0961821226303854,0.609040678986286,-1.87200614985261,1.20463448497694,-0.252287779596904,-0.0729047656193837,0.0781710496340461,-1.09045166019755,0.627895355807907,-0.787666745350922,-0.143873755093936
1.05650860185054,1.07580564143478,0.331862339797557,0.660111742708405,-0.340158887026961,-0.16140596641802,-0.131106011101175,0.023807529917822,0.428238947018405,-0.484425331342857,-1.38429224306205
1.28195517771154,0.795424975638855,-0.281402071032935,0.209702987186758,0.233318935057068,-0.0105958868510022,-1.51395431952905,0.804491747612457,-0.943608831091713,1.15237810028698,0.414865526402156
-0.374007380412581,1.37760575081932,-2.45381943601954,1.30592610152826,0.302376744306488,-0.709470045503371,-0.0998171389578351,-1.85243025156725,-0.326448345922465,0.561033366998157,-0.84727999786492
0.605673220382844,0.743881100091977,1.53207000618513,-0.73074345059079,-1.13460351051142,1.038724798878,-1.35167350091252,0.678810310356728,1.05791347598968,-1.24770451781166,-0.284915054230935
0.783881172180077,0.0571555211198794,-0.704929944252944,1.36698244703638,-0.303424317946219,-0.214759144113662,0.254208531363492,-2.47668325413364,0.59190101079902,2.4660347945582,-0.97876397499687
0.950245847118386,0.379202662736762,-0.684558746479365,0.641761310345045,0.674914900169262,-0.715617454187352,0.339787777478023,-0.507805384715025,-0.639917263609236,-0.0646140905162663,2.38666555593153
3.44737325979873,0.466815980407881,2.61258093094536,0.587127242372082,1.03922501735315,0.479836535825342,0.727949444012504,1.09173351348648,1.53620485914946,0.374047995425808,-1.27770073099363
1.28096914835055,0.488682292595188,0.154851786762885,0.552617808847036,1.07667286287051,-1.19468082615084,0.165335877194268,0.11206018717213,0.420942425631174,-0.507476208540333,1.29252442233508
2.44578764005666,-0.292649443926284,-1.17590918703602,1.66021386944008,-0.582770323648121,-0.291625384498201,0.396345810752855,0.752121457198767,-1.79180231965655,-0.411958073916153,-0.557052376626782
1.99311578463343,-0.330137000714569,1.43877189286989,-0.486222375740563,-0.975302483039501,2.61594951845166,0.421934473127487,-0.470429224255331,0.217316419541358,0.745687921160236,-0.6272726705788
2.07846999664239,-1.83660455697487,-1.11404090477513,0.857848573034316,-0.197226016150072,-0.792954209051058,-0.234890880194418,-0.940654228484259,-1.33825645499125,0.555280623721484,0.888378288158777
1.91246567603339,-0.431068090713899,0.451188775731376,0.869792770057745,-0.578622160443369,-0.890890368152337,-0.466395621278802,0.232835130914268,0.0804080973877625,0.470295537676787,-1.02942217599669
4.20314830816993,-0.426439301615087,0.883470230296197,1.15825619887751,1.56399193244796,1.87264665112319,0.715626969399838,-1.19498659981703,-0.745907472901107,0.710715415820728,1.98142196922042
2.7058617727662,-0.888343932647449,0.174151609879006,1.24989345892368,1.23861102970233,1.18150831394587,0.0427570194973341,0.0327684637632096,2.10639365514324,0.393711038047712,1.11712308754504
1.66652820258175,0.567184799781052,-0.357166335074788,2.08651311678714,-0.423510800314048,0.52492681373996,-0.239764540794048,-1.00069963685172,0.996422804197637,0.40639068701338,-0.848391792742045
3.19267448952325,-0.333779106272664,-0.819159574865383,1.29840488716887,1.69690648768924,2.19590278253053,-0.461369539265349,0.141581939244477,1.27932540577818,-0.620103424766366,-1.09815181289125
2.80339015254663,0.781591143634229,-0.542441164000742,1.6541081878602,1.93812614177732,-0.676478953056702,-1.00367800381308,-0.644056432424815,-1.13376768777919,1.23559168997259,1.17943121247645
3.74901250313023,-1.27233756905575,0.767852010678863,1.4156299751337,0.144689221431884,1.07604131390927,0.473365539439036,0.531758695492142,0.522367991354628,-1.04327366835385,0.631835371696576
2.02300530699472,1.83973909101545,2.36030462352691,1.2128605323476,-0.572588908581793,-0.613915924613202,-0.36204634721777,0.29755317576615,0.306959322189433,-0.813814088697116,0.371746206300404
3.3949207152393,0.767082991673751,-0.00335804525460693,2.10830610931685,0.030460098881217,1.90785765675876,1.00206721899127,0.470558096815333,-0.703959159208864,0.722249158516358,-0.552751947984698
4.14648641748656,-0.4343948340864,1.60029538280797,1.48319886312138,2.02909457258178,0.724323888171667,-0.629808395988168,-1.85739877065122,1.01390772233143,1.6005150237378,0.874420601517779
2.09399249775357,1.73786675883686,0.969222477644793,2.20052168769089,0.529642850951917,-0.417992197023026,-0.316090264410102,-0.536464621893681,1.18534562066046,-0.179809082577115,0.271318865415262
2.12875774148001,1.15813384059694,-1.39014569804476,2.68128722489753,0.476148303377787,0.785567484394732,-0.341737892441615,-0.00154457000343611,0.278889144395936,-0.661099908834788,0.182574442955696
4.52470609194487,-1.20585359559731,1.65559800602111,0.532484439108556,1.08577329935175,0.853744134893711,-1.02103596750533,-0.829282011305911,-0.578144935249616,-0.37463087158486,0.0564323167654449
4.59059243525895,0.0898144116484786,0.345333801452914,2.79333681398207,1.05463544399907,-0.505143328175198,-1.7621925006084,1.68310149968848,-0.223510347108135,-1.52834176997102,0.246907500041801
3.57476432729171,0.580967546229354,0.852786825691452,0.290615188757216,1.60993017692867,1.95004208598051,-0.263671792325112,-0.082796205175749,-0.884320073098422,0.918282537170388,-0.297167128646995
1.93438257748029,-0.333432222212239,-1.03832714783521,1.24168229024522,1.22880446828404,-0.665171847481994,-1.65125054945194,0.597631607421338,0.629426600901992,0.107622354291852,0.616198037793571
3.85696426904224,0.43979526462471,1.89021244579825,2.63132080785779,1.0025861855918,-0.0948065282964893,0.0972809919609946,-0.997733687348514,1.56418471386246,1.79294469278358,-0.0185957072403169
2.47928193706714,1.02832971938911,1.60412564121485,1.0690583986463,-0.351692899853977,1.52843687214331,-0.623261685371304,1.15621570433107,1.02030829311716,0.168054468585844,0.077505545976204
2.96273547107973,0.768700959870818,1.45231423694989,0.466608305236121,1.55898019945405,-0.926938008944975,0.186077438617704,0.366634837860987,-1.05852967455716,-0.435627067258271,1.70442071629367
1.54525245780636,0.41370786889577,0.135227869007604,1.80513192478176,-0.180081950201512,-0.0950205682497444,-0.193450422479512,-0.667868064755235,1.35317898292901,0.0935691694224385,0.196269315819267
1.01771540867437,-0.00912451014808289,-2.23241184027211,0.792100400018102,0.742493007942689,0.611079668822177,-1.1850919853103,0.503287975187446,-0.253723562865342,0.755505006669874,0.555457235069486
2.63398014265425,0.652968904964523,-0.152060411852214,1.68984206040163,0.70433479095305,0.802364658186586,0.0642706548547922,-0.785495033133917,-0.80098665229883,1.08370561564504,1.47424407955923
1.37566759630207,2.11174106236592,-0.0538117624350789,1.37649918006576,-0.165908998928821,0.868107967108867,-1.02920334592182,-0.269997153136646,-0.34887009687434,0.934308968584401,-0.646496353720587
3.49237405446071,0.240196240579655,0.494828932273436,0.867089598470782,1.14126301805484,2.45552969281773,-0.198525932919278,1.06579726238539,0.284790346964641,0.959354452728366,-0.180952765089833
1.37575199536416,-0.513121646235082,-1.18339166658424,1.10518957625552,0.0516815803694885,-0.112680901255124,-1.66508546168078,-1.27816396175438,-0.288097060913553,-0.599069302132467,1.38673425530174
3.23047529650125,0.821761222743434,0.0183638128770606,1.52880125756484,0.0884969556214796,2.40753766891119,-0.468615768259503,0.33586398107215,-0.724884153980653,-1.47349537206833,0.07561321617108
2.57565615675364,0.406713968696462,-0.373794759580449,1.73295610458307,0.886925565106316,-0.301580837940718,-0.780203463425437,-0.101760547810412,-0.210646792413632,-0.27456333047617,0.294313507649925
1.9274039405049,1.08411148644539,-0.652019425180061,0.794288046004086,1.18618916548065,0.0822121682832297,0.342406685567822,2.52840951696197,-0.438563455033452,0.105597542481899,0.330305490997641
1.6834230157911,0.208114454713431,1.43688324154327,1.77363944471422,-1.60708656825394,-0.425238519339222,-1.45910904530293,-0.638564508943902,1.42119108558841,1.18796940327863,-0.625441650041731
1.33324206800814,-1.31967712942878,-1.21591332679776,1.67543155191095,0.172072404341491,-1.0199936842796,-0.087869102404903,-0.681669943710949,0.996925724514193,0.710777916621311,1.64950833572839
3.23707195272912,-0.159942632855352,1.48508139656809,0.905130461340754,0.224706639087258,3.54251400586868,-0.51168745979132,-0.12938524680649,1.38995489144646,-0.952610278441622,2.68638455474318
2.53849043156266,0.329999146953576,-0.146239141875627,1.77870575095601,-0.396613188598571,-0.107904630906471,-0.722276385712015,-0.640328802922528,-1.42752651211685,0.0795118909349165,0.50866346370105
2.16690551310816,0.29082765861976,-0.681283223591108,1.99691537111714,0.077341230830009,-1.63025273040137,1.28267943442441,0.662470083053861,-1.36605531994887,0.00504528871973842,0.814983674841477
0.951090166041659,0.716591720756811,-0.400265192049452,0.504269038987506,-0.0472398531194528,0.541069837492621,0.478027992270557,-0.569100429017472,-1.2366622770927,-1.24185809005496,3.64647778566414
1.65876281557793,0.185151315326869,2.3866016577161,1.46079304322806,-0.634601981191197,-0.395500533366544,-0.304816003950839,-0.349477213692058,3.1318921213508,1.25750037118756,0.527958283722006
1.73755965891885,0.290814994008319,0.625674125504853,0.350804460324402,-0.617673500069671,1.24875991994974,-2.00235253163653,0.198022602053114,0.120887423331409,0.135479178731164,0.29719038388115
4.32794423713293,0.192540410881997,2.01072059388261,2.07627357098791,0.0469390570515322,0.725974784931812,-1.35606333277792,-0.038374237580769,-0.0541560795335608,-0.83489327372139,1.07426427256822
2.08933720861161,0.793142814977985,0.225293585326626,0.207595724788716,1.18701123276369,1.07184395067838,-0.896178780857965,-0.641030327071627,-0.636287583826444,-1.28967230248499,1.74923409295052
3.84763851126042,-0.962600339076032,-0.442534453021421,0.664121117654491,2.63557234119349,0.646157622432488,1.44558527293438,0.68931857524034,-0.528105215449744,0.439977427944356,0.453446498177378
2.55938745863694,-1.90776321765142,-0.633386369885274,1.3981817875058,-0.388604151195655,0.626675814822884,0.312654687530548,0.338267070037841,0.408728477144203,0.965472289728068,0.82947788259201
2.81131560384683,0.728755990472595,0.345243621410823,1.21352385491199,0.594919315567442,1.69534257004256,0.829679426432691,-1.62018131255699,-0.837315379287957,0.480894605363662,0.370723896609898
2.60683701307174,0.661567992525691,1.14417701342914,0.36297587679632,0.462486278827864,0.476691062691409,-1.43751968296287,0.222989217956269,-0.444082749969753,-0.540002269447597,-0.0437071994166137
1.74017465537048,1.89322113446105,-0.51912779237443,1.36077886775625,0.418246789913679,-0.370196964324465,-0.750089304156339,0.479318132299544,-1.42232127484255,-0.793588982583,-0.0260679354108137
2.68724597814072,0.0119872881115438,1.50728881687477,0.627265000079767,-0.222810571269206,0.46289598400122,-1.67184896014797,1.40738393145939,-0.0279733485414877,0.718448168727931,1.68992370578808
4.16655116751734,-0.313555229211094,0.317914248301305,0.98984867116846,1.69866069821848,1.01172486681084,1.31716681166774,0.162202801807944,-1.35269930256574,0.662562245982924,0.107481770713154
3.16982292010906,0.837404817107765,-1.91780789220603,2.46450166650516,1.10973899652019,1.46060812265283,-0.557865735634557,1.26127148184433,-0.776895030525286,-1.28663442805038,-0.166053449949009
