"","SUBJ_ID","YA_Education"
"1","CC110019",3
"2","CC110033",NA
"3","CC110037",NA
"4","CC110038",5
"5","CC110045",6
"6","CC110056",7
"7","CC110059",NA
"8","CC110062",NA
"9","CC110063",3
"10","CC110069",6
"11","CC110086",NA
"12","CC110087",8
"13","CC110089",5
"14","CC110098",NA
"15","CC110101",NA
"16","CC110115",2
"17","CC110126",6
"18","CC110133",NA
"19","CC110165",6
"20","CC110174",7
"21","CC110177",NA
"22","CC110182",NA
"23","CC110187",6
"24","CC110192",NA
"25","CC110201",7
"26","CC110261",NA
"27","CC110319",6
"28","CC110338",NA
"29","CC110398",NA
"30","CC110409",6
"31","CC110411",7
"32","CC110417",NA
"33","CC110449",7
"34","CC110458",NA
"35","CC110474",NA
"36","CC110500",6
"37","CC110593",8
"38","CC110594",NA
"39","CC110606",2
"40","CC112049",NA
"41","CC112095",2
"42","CC112141",8
"43","CC112164",8
"44","CC112173",2
"45","CC120008",6
"46","CC120018",NA
"47","CC120038",NA
"48","CC120044",NA
"49","CC120048",6
"50","CC120049",7
"51","CC120061",3
"52","CC120065",7
"53","CC120072",8
"54","CC120075",NA
"55","CC120084",NA
"56","CC120089",6
"57","CC120109",8
"58","CC120111",NA
"59","CC120120",NA
"60","CC120123",NA
"61","CC120137",NA
"62","CC120141",NA
"63","CC120142",8
"64","CC120145",3
"65","CC120150",NA
"66","CC120151",NA
"67","CC120153",3
"68","CC120166",8
"69","CC120182",6
"70","CC120184",NA
"71","CC120197",NA
"72","CC120208",2
"73","CC120212",NA
"74","CC120218",6
"75","CC120222",NA
"76","CC120234",6
"77","CC120249",3
"78","CC120264",6
"79","CC120267",3
"80","CC120276",8
"81","CC120286",NA
"82","CC120309",NA
"83","CC120313",7
"84","CC120319",8
"85","CC120335",NA
"86","CC120347",3
"87","CC120349",7
"88","CC120376",3
"89","CC120400",3
"90","CC120409",3
"91","CC120410",6
"92","CC120415",NA
"93","CC120442",3
"94","CC120446",NA
"95","CC120462",2
"96","CC120469",6
"97","CC120470",8
"98","CC120494",3
"99","CC120496",6
"100","CC120535",NA
"101","CC120538",2
"102","CC120545",3
"103","CC120550",2
"104","CC120559",6
"105","CC120570",6
"106","CC120573",8
"107","CC120584",NA
"108","CC120640",6
"109","CC120644",3
"110","CC120662",2
"111","CC120672",NA
"112","CC120727",NA
"113","CC120741",3
"114","CC120764",6
"115","CC120774",6
"116","CC120778",2
"117","CC120795",6
"118","CC120813",3
"119","CC120816",NA
"120","CC120828",3
"121","CC120865",6
"122","CC120867",NA
"123","CC120908",NA
"124","CC120962",7
"125","CC120987",NA
"126","CC121035",NA
"127","CC121038",NA
"128","CC121055",NA
"129","CC121085",NA
"130","CC121106",NA
"131","CC121111",NA
"132","CC121144",6
"133","CC121151",6
"134","CC121158",7
"135","CC121183",NA
"136","CC121188",NA
"137","CC121194",NA
"138","CC121200",7
"139","CC121208",NA
"140","CC121283",2
"141","CC121317",7
"142","CC121321",3
"143","CC121338",NA
"144","CC121365",6
"145","CC121381",NA
"146","CC121397",6
"147","CC121411",7
"148","CC121416",NA
"149","CC121428",6
"150","CC121431",NA
"151","CC121442",NA
"152","CC121452",6
"153","CC121479",7
"154","CC121491",NA
"155","CC121493",NA
"156","CC121496",3
"157","CC121525",NA
"158","CC121527",6
"159","CC121602",7
"160","CC121604",NA
"161","CC121634",2
"162","CC121642",NA
"163","CC121685",NA
"164","CC121735",NA
"165","CC121795",6
"166","CC121841",6
"167","CC121850",NA
"168","CC121857",6
"169","CC121908",NA
"170","CC121916",3
"171","CC121929",8
"172","CC121962",NA
"173","CC122016",NA
"174","CC122028",NA
"175","CC122029",6
"176","CC122050",NA
"177","CC122059",NA
"178","CC122062",NA
"179","CC122103",NA
"180","CC122172",NA
"181","CC122272",6
"182","CC122279",NA
"183","CC122297",NA
"184","CC122309",6
"185","CC122368",NA
"186","CC122405",6
"187","CC122453",5
"188","CC122484",NA
"189","CC122542",NA
"190","CC122555",3
"191","CC122572",2
"192","CC122620",6
"193","CC122632",6
"194","CC122640",NA
"195","CC122801",NA
"196","CC122861",NA
"197","CC122887",6
"198","CC122921",NA
"199","CC123012",NA
"200","CC123030",NA
"201","CC123091",NA
"202","CC123142",NA
"203","CC123381",NA
"204","CC123611",3
"205","CC210003",NA
"206","CC210005",7
"207","CC210008",8
"208","CC210009",NA
"209","CC210023",NA
"210","CC210039",NA
"211","CC210041",NA
"212","CC210043",NA
"213","CC210051",6
"214","CC210055",NA
"215","CC210057",NA
"216","CC210088",6
"217","CC210092",7
"218","CC210124",6
"219","CC210132",6
"220","CC210142",7
"221","CC210148",2
"222","CC210162",NA
"223","CC210172",3
"224","CC210173",NA
"225","CC210174",NA
"226","CC210182",5
"227","CC210191",6
"228","CC210194",6
"229","CC210249",7
"230","CC210250",7
"231","CC210263",6
"232","CC210284",8
"233","CC210303",7
"234","CC210304",6
"235","CC210314",3
"236","CC210325",NA
"237","CC210327",NA
"238","CC210328",NA
"239","CC210349",NA
"240","CC210354",NA
"241","CC210357",NA
"242","CC210365",4
"243","CC210368",NA
"244","CC210369",NA
"245","CC210375",NA
"246","CC210402",6
"247","CC210405",NA
"248","CC210411",NA
"249","CC210422",6
"250","CC210441",8
"251","CC210446",NA
"252","CC210448",NA
"253","CC210455",NA
"254","CC210465",3
"255","CC210470",NA
"256","CC210483",7
"257","CC210500",NA
"258","CC210519",7
"259","CC210526",6
"260","CC210577",NA
"261","CC210592",8
"262","CC210601",8
"263","CC210607",8
"264","CC210615",6
"265","CC210617",6
"266","CC210626",NA
"267","CC210633",NA
"268","CC210647",NA
"269","CC210657",6
"270","CC210672",6
"271","CC210677",7
"272","CC212056",6
"273","CC212062",6
"274","CC212073",NA
"275","CC212119",5
"276","CC212153",8
"277","CC212208",8
"278","CC212228",NA
"279","CC220001",NA
"280","CC220005",6
"281","CC220011",8
"282","CC220012",8
"283","CC220014",NA
"284","CC220019",6
"285","CC220020",3
"286","CC220024",6
"287","CC220025",3
"288","CC220036",7
"289","CC220040",6
"290","CC220054",8
"291","CC220055",NA
"292","CC220082",NA
"293","CC220098",NA
"294","CC220105",3
"295","CC220107",8
"296","CC220115",8
"297","CC220120",6
"298","CC220123",NA
"299","CC220132",NA
"300","CC220137",NA
"301","CC220140",NA
"302","CC220151",8
"303","CC220155",NA
"304","CC220166",6
"305","CC220184",NA
"306","CC220198",NA
"307","CC220203",2
"308","CC220205",6
"309","CC220217",6
"310","CC220223",NA
"311","CC220232",8
"312","CC220234",4
"313","CC220236",NA
"314","CC220238",6
"315","CC220250",NA
"316","CC220283",NA
"317","CC220284",6
"318","CC220296",8
"319","CC220298",NA
"320","CC220300",NA
"321","CC220312",NA
"322","CC220317",6
"323","CC220318",NA
"324","CC220320",NA
"325","CC220323",6
"326","CC220335",6
"327","CC220352",8
"328","CC220355",8
"329","CC220362",2
"330","CC220366",6
"331","CC220371",NA
"332","CC220372",NA
"333","CC220381",7
"334","CC220384",NA
"335","CC220394",8
"336","CC220396",6
"337","CC220407",NA
"338","CC220419",8
"339","CC220421",7
"340","CC220423",4
"341","CC220424",NA
"342","CC220450",6
"343","CC220452",6
"344","CC220457",7
"345","CC220471",NA
"346","CC220476",6
"347","CC220503",NA
"348","CC220506",6
"349","CC220511",3
"350","CC220518",8
"351","CC220519",8
"352","CC220522",7
"353","CC220526",NA
"354","CC220535",3
"355","CC220553",NA
"356","CC220555",8
"357","CC220558",NA
"358","CC220566",NA
"359","CC220567",8
"360","CC220575",NA
"361","CC220591",6
"362","CC220597",8
"363","CC220608",NA
"364","CC220609",4
"365","CC220610",8
"366","CC220626",NA
"367","CC220627",NA
"368","CC220633",NA
"369","CC220635",8
"370","CC220645",NA
"371","CC220659",8
"372","CC220671",7
"373","CC220686",6
"374","CC220691",NA
"375","CC220697",8
"376","CC220704",NA
"377","CC220713",7
"378","CC220731",NA
"379","CC220752",3
"380","CC220781",8
"381","CC220797",8
"382","CC220806",7
"383","CC220828",6
"384","CC220833",7
"385","CC220843",6
"386","CC220850",NA
"387","CC220865",7
"388","CC220876",8
"389","CC220878",7
"390","CC220901",6
"391","CC220910",8
"392","CC220912",7
"393","CC220916",6
"394","CC220920",7
"395","CC220972",6
"396","CC220974",6
"397","CC220979",6
"398","CC220999",8
"399","CC221002",6
"400","CC221015",6
"401","CC221022",NA
"402","CC221031",6
"403","CC221033",6
"404","CC221038",6
"405","CC221040",6
"406","CC221042",8
"407","CC221048",NA
"408","CC221054",6
"409","CC221084",7
"410","CC221086",6
"411","CC221089",6
"412","CC221097",3
"413","CC221101",8
"414","CC221107",6
"415","CC221126",6
"416","CC221129",NA
"417","CC221153",NA
"418","CC221164",NA
"419","CC221188",3
"420","CC221209",7
"421","CC221220",6
"422","CC221241",2
"423","CC221244",8
"424","CC221257",NA
"425","CC221262",NA
"426","CC221266",6
"427","CC221269",NA
"428","CC221275",2
"429","CC221282",NA
"430","CC221290",NA
"431","CC221301",NA
"432","CC221324",6
"433","CC221328",6
"434","CC221336",6
"435","CC221352",3
"436","CC221353",NA
"437","CC221373",6
"438","CC221397",2
"439","CC221437",6
"440","CC221443",2
"441","CC221460",6
"442","CC221485",6
"443","CC221487",6
"444","CC221511",7
"445","CC221527",3
"446","CC221529",NA
"447","CC221530",3
"448","CC221539",7
"449","CC221563",8
"450","CC221565",7
"451","CC221568",7
"452","CC221578",8
"453","CC221580",NA
"454","CC221585",NA
"455","CC221587",7
"456","CC221595",7
"457","CC221600",NA
"458","CC221614",NA
"459","CC221620",NA
"460","CC221626",3
"461","CC221648",3
"462","CC221656",NA
"463","CC221674",NA
"464","CC221675",NA
"465","CC221677",6
"466","CC221680",NA
"467","CC221684",NA
"468","CC221709",NA
"469","CC221710",6
"470","CC221733",6
"471","CC221737",NA
"472","CC221740",6
"473","CC221753",7
"474","CC221755",6
"475","CC221775",6
"476","CC221828",7
"477","CC221851",NA
"478","CC221853",6
"479","CC221879",5
"480","CC221886",NA
"481","CC221888",NA
"482","CC221892",7
"483","CC221908",NA
"484","CC221920",NA
"485","CC221930",3
"486","CC221935",8
"487","CC221954",7
"488","CC221977",7
"489","CC221980",8
"490","CC221987",7
"491","CC222018",NA
"492","CC222023",NA
"493","CC222052",7
"494","CC222060",NA
"495","CC222061",6
"496","CC222096",6
"497","CC222110",NA
"498","CC222120",NA
"499","CC222125",6
"500","CC222144",8
"501","CC222149",8
"502","CC222165",8
"503","CC222185",6
"504","CC222201",NA
"505","CC222243",NA
"506","CC222246",3
"507","CC222255",7
"508","CC222258",8
"509","CC222264",6
"510","CC222265",7
"511","CC222297",5
"512","CC222303",NA
"513","CC222304",7
"514","CC222306",8
"515","CC222307",7
"516","CC222315",6
"517","CC222326",8
"518","CC222352",8
"519","CC222360",NA
"520","CC222366",7
"521","CC222367",8
"522","CC222374",NA
"523","CC222376",7
"524","CC222389",NA
"525","CC222396",8
"526","CC222414",6
"527","CC222421",6
"528","CC222451",6
"529","CC222494",NA
"530","CC222496",NA
"531","CC222532",NA
"532","CC222555",NA
"533","CC222559",NA
"534","CC222570",NA
"535","CC222593",NA
"536","CC222596",6
"537","CC222645",7
"538","CC222652",NA
"539","CC222677",8
"540","CC222691",NA
"541","CC222692",NA
"542","CC222721",8
"543","CC222728",NA
"544","CC222789",3
"545","CC222797",8
"546","CC222809",8
"547","CC222833",NA
"548","CC222844",3
"549","CC222916",8
"550","CC222945",8
"551","CC222946",7
"552","CC222956",2
"553","CC222984",2
"554","CC222995",NA
"555","CC223085",6
"556","CC223098",6
"557","CC223115",4
"558","CC223249",8
"559","CC223286",6
"560","CC223395",6
"561","CC223580",NA
"562","CC223776",NA
"563","CC223855",NA
"564","CC223986",7
"565","CC224136",7
"566","CC224210",8
"567","CC224299",8
"568","CC224337",7
"569","CC224854",NA
"570","CC310006",NA
"571","CC310008",6
"572","CC310013",NA
"573","CC310014",NA
"574","CC310018",6
"575","CC310022",6
"576","CC310024",6
"577","CC310032",NA
"578","CC310039",NA
"579","CC310051",3
"580","CC310052",6
"581","CC310053",NA
"582","CC310070",7
"583","CC310074",NA
"584","CC310078",8
"585","CC310080",6
"586","CC310086",6
"587","CC310098",7
"588","CC310100",NA
"589","CC310102",NA
"590","CC310103",NA
"591","CC310109",6
"592","CC310122",NA
"593","CC310127",NA
"594","CC310129",2
"595","CC310134",NA
"596","CC310135",6
"597","CC310136",NA
"598","CC310138",NA
"599","CC310142",4
"600","CC310158",7
"601","CC310160",NA
"602","CC310167",6
"603","CC310169",NA
"604","CC310172",NA
"605","CC310176",NA
"606","CC310179",NA
"607","CC310187",NA
"608","CC310189",NA
"609","CC310203",7
"610","CC310212",NA
"611","CC310214",6
"612","CC310223",NA
"613","CC310224",NA
"614","CC310228",NA
"615","CC310238",NA
"616","CC310243",NA
"617","CC310244",NA
"618","CC310249",NA
"619","CC310252",NA
"620","CC310256",6
"621","CC310263",NA
"622","CC310331",6
"623","CC310338",8
"624","CC310343",3
"625","CC310355",NA
"626","CC310361",4
"627","CC310375",6
"628","CC310385",6
"629","CC310391",4
"630","CC310397",NA
"631","CC310400",8
"632","CC310402",7
"633","CC310407",7
"634","CC310410",6
"635","CC310412",NA
"636","CC310414",8
"637","CC310418",8
"638","CC310426",6
"639","CC310429",8
"640","CC310450",6
"641","CC310463",6
"642","CC310465",6
"643","CC310473",7
"644","CC310475",7
"645","CC312053",NA
"646","CC312058",8
"647","CC312079",4
"648","CC312088",8
"649","CC312123",NA
"650","CC312130",6
"651","CC312149",6
"652","CC312180",5
"653","CC312222",6
"654","CC312256",NA
"655","CC320001",NA
"656","CC320002",7
"657","CC320022",6
"658","CC320023",NA
"659","CC320029",NA
"660","CC320034",6
"661","CC320036",6
"662","CC320049",NA
"663","CC320056",NA
"664","CC320059",8
"665","CC320066",NA
"666","CC320077",NA
"667","CC320087",NA
"668","CC320088",NA
"669","CC320089",7
"670","CC320092",NA
"671","CC320103",NA
"672","CC320107",NA
"673","CC320109",8
"674","CC320116",NA
"675","CC320127",NA
"676","CC320134",7
"677","CC320136",6
"678","CC320160",6
"679","CC320170",NA
"680","CC320173",NA
"681","CC320174",2
"682","CC320177",8
"683","CC320179",NA
"684","CC320194",8
"685","CC320196",4
"686","CC320197",NA
"687","CC320199",6
"688","CC320202",3
"689","CC320206",6
"690","CC320208",6
"691","CC320218",6
"692","CC320230",7
"693","CC320239",1
"694","CC320247",8
"695","CC320267",NA
"696","CC320269",NA
"697","CC320279",6
"698","CC320292",6
"699","CC320297",8
"700","CC320301",5
"701","CC320305",8
"702","CC320306",NA
"703","CC320314",7
"704","CC320315",NA
"705","CC320321",2
"706","CC320325",6
"707","CC320329",3
"708","CC320331",NA
"709","CC320336",NA
"710","CC320342",6
"711","CC320359",6
"712","CC320361",8
"713","CC320371",3
"714","CC320374",NA
"715","CC320379",6
"716","CC320380",3
"717","CC320398",5
"718","CC320400",6
"719","CC320417",6
"720","CC320427",7
"721","CC320428",NA
"722","CC320429",4
"723","CC320445",5
"724","CC320448",3
"725","CC320454",6
"726","CC320457",7
"727","CC320461",8
"728","CC320466",NA
"729","CC320467",3
"730","CC320468",6
"731","CC320469",NA
"732","CC320475",NA
"733","CC320476",6
"734","CC320478",6
"735","CC320486",NA
"736","CC320496",NA
"737","CC320498",NA
"738","CC320500",7
"739","CC320511",7
"740","CC320551",3
"741","CC320552",NA
"742","CC320553",6
"743","CC320556",NA
"744","CC320564",NA
"745","CC320568",6
"746","CC320574",7
"747","CC320575",6
"748","CC320576",1
"749","CC320589",NA
"750","CC320595",2
"751","CC320608",6
"752","CC320616",8
"753","CC320617",NA
"754","CC320621",2
"755","CC320625",5
"756","CC320627",7
"757","CC320636",NA
"758","CC320643",NA
"759","CC320645",7
"760","CC320651",NA
"761","CC320655",4
"762","CC320661",3
"763","CC320662",6
"764","CC320680",6
"765","CC320686",6
"766","CC320687",6
"767","CC320688",NA
"768","CC320689",NA
"769","CC320692",6
"770","CC320698",5
"771","CC320704",NA
"772","CC320707",8
"773","CC320720",NA
"774","CC320751",NA
"775","CC320759",NA
"776","CC320776",8
"777","CC320778",NA
"778","CC320799",8
"779","CC320803",8
"780","CC320806",6
"781","CC320813",NA
"782","CC320814",NA
"783","CC320818",2
"784","CC320828",NA
"785","CC320829",6
"786","CC320836",6
"787","CC320841",NA
"788","CC320846",NA
"789","CC320850",6
"790","CC320859",NA
"791","CC320861",7
"792","CC320870",6
"793","CC320873",7
"794","CC320876",7
"795","CC320878",3
"796","CC320884",8
"797","CC320888",7
"798","CC320893",6
"799","CC320902",3
"800","CC320904",3
"801","CC320929",6
"802","CC320931",8
"803","CC320941",3
"804","CC320957",NA
"805","CC320981",6
"806","CC320987",NA
"807","CC321000",NA
"808","CC321013",NA
"809","CC321017",2
"810","CC321025",8
"811","CC321035",NA
"812","CC321036",1
"813","CC321042",NA
"814","CC321043",NA
"815","CC321053",NA
"816","CC321069",4
"817","CC321073",6
"818","CC321078",NA
"819","CC321084",8
"820","CC321087",6
"821","CC321096",NA
"822","CC321097",NA
"823","CC321107",4
"824","CC321115",NA
"825","CC321119",NA
"826","CC321120",7
"827","CC321125",NA
"828","CC321137",6
"829","CC321139",6
"830","CC321140",6
"831","CC321142",8
"832","CC321146",NA
"833","CC321147",8
"834","CC321153",NA
"835","CC321154",6
"836","CC321167",7
"837","CC321174",6
"838","CC321179",7
"839","CC321184",NA
"840","CC321188",NA
"841","CC321201",3
"842","CC321203",NA
"843","CC321212",6
"844","CC321215",6
"845","CC321238",1
"846","CC321241",NA
"847","CC321254",NA
"848","CC321262",NA
"849","CC321268",4
"850","CC321281",7
"851","CC321291",7
"852","CC321305",NA
"853","CC321324",NA
"854","CC321326",NA
"855","CC321327",6
"856","CC321331",NA
"857","CC321333",NA
"858","CC321338",NA
"859","CC321351",8
"860","CC321359",NA
"861","CC321361",7
"862","CC321368",4
"863","CC321402",NA
"864","CC321428",NA
"865","CC321431",NA
"866","CC321435",6
"867","CC321452",NA
"868","CC321464",8
"869","CC321466",6
"870","CC321480",3
"871","CC321481",6
"872","CC321488",8
"873","CC321493",6
"874","CC321504",7
"875","CC321506",3
"876","CC321510",NA
"877","CC321512",5
"878","CC321520",NA
"879","CC321529",6
"880","CC321541",NA
"881","CC321542",NA
"882","CC321544",6
"883","CC321546",6
"884","CC321557",1
"885","CC321567",3
"886","CC321571",NA
"887","CC321577",7
"888","CC321583",NA
"889","CC321584",NA
"890","CC321585",8
"891","CC321594",7
"892","CC321595",6
"893","CC321626",2
"894","CC321627",NA
"895","CC321631",NA
"896","CC321648",NA
"897","CC321679",6
"898","CC321693",7
"899","CC321715",8
"900","CC321737",6
"901","CC321748",3
"902","CC321765",8
"903","CC321795",6
"904","CC321852",7
"905","CC321880",3
"906","CC321885",NA
"907","CC321899",6
"908","CC321976",NA
"909","CC322014",NA
"910","CC322161",8
"911","CC322186",3
"912","CC322270",7
"913","CC322319",2
"914","CC322358",7
"915","CC322480",NA
"916","CC322741",7
"917","CC410010",1
"918","CC410015",6
"919","CC410016",NA
"920","CC410021",NA
"921","CC410026",NA
"922","CC410029",8
"923","CC410030",NA
"924","CC410032",2
"925","CC410037",NA
"926","CC410040",NA
"927","CC410041",3
"928","CC410071",NA
"929","CC410073",8
"930","CC410079",3
"931","CC410080",NA
"932","CC410084",5
"933","CC410086",8
"934","CC410091",8
"935","CC410094",3
"936","CC410097",NA
"937","CC410101",6
"938","CC410110",NA
"939","CC410113",7
"940","CC410116",NA
"941","CC410119",4
"942","CC410121",5
"943","CC410122",NA
"944","CC410129",8
"945","CC410140",NA
"946","CC410145",NA
"947","CC410150",NA
"948","CC410153",4
"949","CC410158",NA
"950","CC410163",NA
"951","CC410166",NA
"952","CC410167",6
"953","CC410169",6
"954","CC410171",NA
"955","CC410173",NA
"956","CC410177",6
"957","CC410179",8
"958","CC410182",6
"959","CC410194",2
"960","CC410200",NA
"961","CC410218",3
"962","CC410220",6
"963","CC410222",6
"964","CC410226",6
"965","CC410231",NA
"966","CC410242",5
"967","CC410243",6
"968","CC410244",8
"969","CC410248",8
"970","CC410249",7
"971","CC410251",3
"972","CC410256",6
"973","CC410257",NA
"974","CC410259",NA
"975","CC410265",6
"976","CC410269",3
"977","CC410275",6
"978","CC410277",7
"979","CC410284",4
"980","CC410286",6
"981","CC410287",3
"982","CC410288",NA
"983","CC410289",3
"984","CC410292",NA
"985","CC410293",4
"986","CC410297",7
"987","CC410301",6
"988","CC410313",6
"989","CC410323",8
"990","CC410325",6
"991","CC410337",6
"992","CC410346",NA
"993","CC410353",NA
"994","CC410354",4
"995","CC410364",NA
"996","CC410382",NA
"997","CC410387",8
"998","CC410388",NA
"999","CC410390",6
"1000","CC410392",NA
"1001","CC410398",4
"1002","CC410428",7
"1003","CC410432",6
"1004","CC410435",6
"1005","CC410447",6
"1006","CC410453",7
"1007","CC410457",8
"1008","CC412004",6
"1009","CC412021",6
"1010","CC420004",8
"1011","CC420032",8
"1012","CC420041",6
"1013","CC420043",NA
"1014","CC420057",8
"1015","CC420058",6
"1016","CC420060",NA
"1017","CC420061",6
"1018","CC420067",2
"1019","CC420071",7
"1020","CC420075",4
"1021","CC420089",5
"1022","CC420091",4
"1023","CC420094",6
"1024","CC420100",4
"1025","CC420101",NA
"1026","CC420108",NA
"1027","CC420109",NA
"1028","CC420110",NA
"1029","CC420117",NA
"1030","CC420125",NA
"1031","CC420130",2
"1032","CC420134",4
"1033","CC420137",NA
"1034","CC420140",6
"1035","CC420143",2
"1036","CC420146",8
"1037","CC420148",6
"1038","CC420149",7
"1039","CC420152",6
"1040","CC420154",NA
"1041","CC420157",8
"1042","CC420158",6
"1043","CC420162",4
"1044","CC420163",NA
"1045","CC420167",6
"1046","CC420173",6
"1047","CC420180",3
"1048","CC420181",8
"1049","CC420182",7
"1050","CC420183",6
"1051","CC420184",NA
"1052","CC420188",2
"1053","CC420194",8
"1054","CC420195",7
"1055","CC420196",NA
"1056","CC420197",3
"1057","CC420198",4
"1058","CC420200",4
"1059","CC420202",NA
"1060","CC420204",3
"1061","CC420207",6
"1062","CC420210",4
"1063","CC420217",4
"1064","CC420218",NA
"1065","CC420220",8
"1066","CC420222",3
"1067","CC420226",4
"1068","CC420227",NA
"1069","CC420229",4
"1070","CC420231",6
"1071","CC420236",6
"1072","CC420241",8
"1073","CC420242",1
"1074","CC420243",7
"1075","CC420244",6
"1076","CC420246",8
"1077","CC420251",4
"1078","CC420259",3
"1079","CC420260",6
"1080","CC420261",NA
"1081","CC420286",8
"1082","CC420301",NA
"1083","CC420303",NA
"1084","CC420309",7
"1085","CC420317",6
"1086","CC420322",6
"1087","CC420324",3
"1088","CC420327",NA
"1089","CC420331",NA
"1090","CC420342",6
"1091","CC420348",6
"1092","CC420352",NA
"1093","CC420354",NA
"1094","CC420356",3
"1095","CC420363",NA
"1096","CC420364",NA
"1097","CC420368",6
"1098","CC420374",4
"1099","CC420378",NA
"1100","CC420379",6
"1101","CC420383",2
"1102","CC420387",NA
"1103","CC420392",6
"1104","CC420396",NA
"1105","CC420397",6
"1106","CC420402",7
"1107","CC420412",4
"1108","CC420416",7
"1109","CC420418",NA
"1110","CC420423",NA
"1111","CC420432",5
"1112","CC420433",6
"1113","CC420435",NA
"1114","CC420447",NA
"1115","CC420454",NA
"1116","CC420455",NA
"1117","CC420462",NA
"1118","CC420463",NA
"1119","CC420464",3
"1120","CC420483",5
"1121","CC420493",3
"1122","CC420494",7
"1123","CC420501",3
"1124","CC420502",NA
"1125","CC420512",NA
"1126","CC420531",4
"1127","CC420541",NA
"1128","CC420546",5
"1129","CC420551",NA
"1130","CC420554",NA
"1131","CC420566",6
"1132","CC420569",8
"1133","CC420572",1
"1134","CC420582",3
"1135","CC420587",6
"1136","CC420589",NA
"1137","CC420592",NA
"1138","CC420599",NA
"1139","CC420603",NA
"1140","CC420604",NA
"1141","CC420623",4
"1142","CC420624",6
"1143","CC420625",2
"1144","CC420635",NA
"1145","CC420646",1
"1146","CC420655",NA
"1147","CC420680",6
"1148","CC420701",6
"1149","CC420715",6
"1150","CC420718",6
"1151","CC420719",NA
"1152","CC420720",8
"1153","CC420729",3
"1154","CC420731",NA
"1155","CC420749",3
"1156","CC420776",8
"1157","CC420794",3
"1158","CC420818",6
"1159","CC420822",NA
"1160","CC420839",NA
"1161","CC420845",NA
"1162","CC420846",6
"1163","CC420888",5
"1164","CC420905",NA
"1165","CC420936",6
"1166","CC420942",NA
"1167","CC420993",6
"1168","CC510001",6
"1169","CC510014",NA
"1170","CC510015",7
"1171","CC510017",3
"1172","CC510025",NA
"1173","CC510026",4
"1174","CC510033",NA
"1175","CC510037",6
"1176","CC510039",3
"1177","CC510043",NA
"1178","CC510044",4
"1179","CC510045",NA
"1180","CC510048",NA
"1181","CC510050",6
"1182","CC510062",4
"1183","CC510063",NA
"1184","CC510072",NA
"1185","CC510073",2
"1186","CC510076",2
"1187","CC510077",4
"1188","CC510086",NA
"1189","CC510089",NA
"1190","CC510101",4
"1191","CC510102",6
"1192","CC510104",NA
"1193","CC510106",6
"1194","CC510110",NA
"1195","CC510114",4
"1196","CC510115",3
"1197","CC510117",6
"1198","CC510122",6
"1199","CC510126",6
"1200","CC510127",NA
"1201","CC510128",3
"1202","CC510129",NA
"1203","CC510130",8
"1204","CC510135",NA
"1205","CC510141",6
"1206","CC510147",NA
"1207","CC510152",4
"1208","CC510161",NA
"1209","CC510163",3
"1210","CC510169",4
"1211","CC510173",NA
"1212","CC510179",6
"1213","CC510181",NA
"1214","CC510182",NA
"1215","CC510194",3
"1216","CC510206",NA
"1217","CC510207",8
"1218","CC510208",8
"1219","CC510211",6
"1220","CC510215",7
"1221","CC510220",8
"1222","CC510226",6
"1223","CC510233",NA
"1224","CC510237",7
"1225","CC510240",2
"1226","CC510242",6
"1227","CC510243",NA
"1228","CC510249",8
"1229","CC510252",5
"1230","CC510255",6
"1231","CC510256",6
"1232","CC510258",5
"1233","CC510259",2
"1234","CC510263",NA
"1235","CC510264",3
"1236","CC510269",4
"1237","CC510270",NA
"1238","CC510281",NA
"1239","CC510284",2
"1240","CC510285",NA
"1241","CC510289",NA
"1242","CC510300",NA
"1243","CC510303",4
"1244","CC510304",NA
"1245","CC510314",NA
"1246","CC510321",5
"1247","CC510323",7
"1248","CC510329",8
"1249","CC510332",NA
"1250","CC510342",NA
"1251","CC510343",3
"1252","CC510347",NA
"1253","CC510350",NA
"1254","CC510354",3
"1255","CC510355",2
"1256","CC510371",NA
"1257","CC510377",NA
"1258","CC510392",NA
"1259","CC510393",NA
"1260","CC510395",2
"1261","CC510415",6
"1262","CC510426",NA
"1263","CC510429",NA
"1264","CC510430",NA
"1265","CC510433",3
"1266","CC510434",6
"1267","CC510435",6
"1268","CC510438",6
"1269","CC510440",NA
"1270","CC510448",NA
"1271","CC510456",NA
"1272","CC510473",3
"1273","CC510474",4
"1274","CC510476",NA
"1275","CC510478",NA
"1276","CC510480",7
"1277","CC510483",NA
"1278","CC510486",7
"1279","CC510487",NA
"1280","CC510488",NA
"1281","CC510492",6
"1282","CC510498",8
"1283","CC510502",8
"1284","CC510505",6
"1285","CC510511",6
"1286","CC510516",NA
"1287","CC510519",3
"1288","CC510526",2
"1289","CC510534",4
"1290","CC510540",NA
"1291","CC510543",2
"1292","CC510548",4
"1293","CC510551",1
"1294","CC510552",6
"1295","CC510568",8
"1296","CC510572",NA
"1297","CC510590",8
"1298","CC510591",NA
"1299","CC510592",3
"1300","CC510594",NA
"1301","CC510602",6
"1302","CC510607",NA
"1303","CC510609",4
"1304","CC510621",2
"1305","CC510629",2
"1306","CC510636",NA
"1307","CC510637",NA
"1308","CC510639",NA
"1309","CC510648",6
"1310","CC512003",8
"1311","CC512012",NA
"1312","CC520002",NA
"1313","CC520003",5
"1314","CC520005",NA
"1315","CC520011",6
"1316","CC520013",2
"1317","CC520017",2
"1318","CC520024",8
"1319","CC520027",NA
"1320","CC520033",8
"1321","CC520036",NA
"1322","CC520040",NA
"1323","CC520042",NA
"1324","CC520047",NA
"1325","CC520049",6
"1326","CC520052",NA
"1327","CC520053",NA
"1328","CC520055",7
"1329","CC520057",3
"1330","CC520063",NA
"1331","CC520065",6
"1332","CC520067",NA
"1333","CC520068",8
"1334","CC520070",8
"1335","CC520072",NA
"1336","CC520075",8
"1337","CC520076",NA
"1338","CC520078",5
"1339","CC520080",8
"1340","CC520083",6
"1341","CC520091",6
"1342","CC520097",NA
"1343","CC520102",NA
"1344","CC520106",NA
"1345","CC520114",6
"1346","CC520117",NA
"1347","CC520122",8
"1348","CC520127",6
"1349","CC520128",8
"1350","CC520134",6
"1351","CC520135",NA
"1352","CC520136",3
"1353","CC520137",NA
"1354","CC520143",5
"1355","CC520147",6
"1356","CC520162",6
"1357","CC520165",8
"1358","CC520168",6
"1359","CC520173",NA
"1360","CC520175",6
"1361","CC520179",NA
"1362","CC520190",NA
"1363","CC520193",2
"1364","CC520197",6
"1365","CC520199",NA
"1366","CC520200",NA
"1367","CC520202",NA
"1368","CC520203",4
"1369","CC520209",8
"1370","CC520211",NA
"1371","CC520215",3
"1372","CC520219",6
"1373","CC520220",NA
"1374","CC520221",4
"1375","CC520223",4
"1376","CC520227",6
"1377","CC520228",8
"1378","CC520229",NA
"1379","CC520233",NA
"1380","CC520236",3
"1381","CC520239",6
"1382","CC520240",8
"1383","CC520242",NA
"1384","CC520247",7
"1385","CC520251",7
"1386","CC520252",3
"1387","CC520253",4
"1388","CC520254",7
"1389","CC520259",5
"1390","CC520260",NA
"1391","CC520265",NA
"1392","CC520267",NA
"1393","CC520274",8
"1394","CC520275",8
"1395","CC520279",NA
"1396","CC520280",6
"1397","CC520287",6
"1398","CC520290",1
"1399","CC520295",NA
"1400","CC520300",8
"1401","CC520315",7
"1402","CC520316",NA
"1403","CC520318",5
"1404","CC520320",NA
"1405","CC520333",NA
"1406","CC520337",4
"1407","CC520341",7
"1408","CC520346",NA
"1409","CC520349",NA
"1410","CC520352",NA
"1411","CC520354",8
"1412","CC520364",NA
"1413","CC520375",NA
"1414","CC520376",NA
"1415","CC520377",NA
"1416","CC520381",NA
"1417","CC520390",3
"1418","CC520391",8
"1419","CC520395",NA
"1420","CC520398",3
"1421","CC520404",6
"1422","CC520407",NA
"1423","CC520408",7
"1424","CC520409",NA
"1425","CC520410",8
"1426","CC520413",NA
"1427","CC520419",6
"1428","CC520424",4
"1429","CC520426",NA
"1430","CC520436",8
"1431","CC520442",NA
"1432","CC520447",NA
"1433","CC520451",NA
"1434","CC520454",NA
"1435","CC520460",3
"1436","CC520461",5
"1437","CC520474",NA
"1438","CC520477",6
"1439","CC520480",3
"1440","CC520484",2
"1441","CC520489",6
"1442","CC520498",NA
"1443","CC520499",NA
"1444","CC520503",8
"1445","CC520505",NA
"1446","CC520512",NA
"1447","CC520515",2
"1448","CC520517",2
"1449","CC520527",6
"1450","CC520538",NA
"1451","CC520541",6
"1452","CC520542",2
"1453","CC520552",6
"1454","CC520553",5
"1455","CC520557",NA
"1456","CC520560",NA
"1457","CC520562",3
"1458","CC520568",NA
"1459","CC520570",NA
"1460","CC520571",NA
"1461","CC520580",NA
"1462","CC520582",NA
"1463","CC520583",NA
"1464","CC520584",3
"1465","CC520585",NA
"1466","CC520586",2
"1467","CC520589",NA
"1468","CC520592",NA
"1469","CC520597",7
"1470","CC520604",NA
"1471","CC520607",3
"1472","CC520624",NA
"1473","CC520626",6
"1474","CC520632",NA
"1475","CC520638",6
"1476","CC520644",NA
"1477","CC520652",5
"1478","CC520659",5
"1479","CC520660",NA
"1480","CC520666",6
"1481","CC520669",3
"1482","CC520673",3
"1483","CC520683",6
"1484","CC520710",NA
"1485","CC520712",6
"1486","CC520718",NA
"1487","CC520724",5
"1488","CC520734",NA
"1489","CC520745",4
"1490","CC520757",NA
"1491","CC520758",6
"1492","CC520761",6
"1493","CC520775",NA
"1494","CC520782",6
"1495","CC520783",NA
"1496","CC520785",7
"1497","CC520789",6
"1498","CC520792",6
"1499","CC520794",NA
"1500","CC520797",4
"1501","CC520798",4
"1502","CC520801",6
"1503","CC520816",6
"1504","CC520817",6
"1505","CC520862",6
"1506","CC520865",6
"1507","CC520867",6
"1508","CC520868",2
"1509","CC520877",2
"1510","CC520880",6
"1511","CC520882",NA
"1512","CC520886",4
"1513","CC520903",5
"1514","CC520912",NA
"1515","CC520965",6
"1516","CC520979",5
"1517","CC520980",NA
"1518","CC521026",6
"1519","CC521040",3
"1520","CC521066",3
"1521","CC521094",5
"1522","CC521167",NA
"1523","CC521185",NA
"1524","CC521262",NA
"1525","CC521344",7
"1526","CC521353",8
"1527","CC610010",6
"1528","CC610022",3
"1529","CC610026",2
"1530","CC610028",3
"1531","CC610039",4
"1532","CC610040",2
"1533","CC610042",3
"1534","CC610045",8
"1535","CC610046",4
"1536","CC610048",NA
"1537","CC610050",5
"1538","CC610051",7
"1539","CC610052",4
"1540","CC610053",NA
"1541","CC610058",NA
"1542","CC610059",NA
"1543","CC610061",6
"1544","CC610062",4
"1545","CC610069",4
"1546","CC610071",6
"1547","CC610074",2
"1548","CC610075",4
"1549","CC610076",3
"1550","CC610080",2
"1551","CC610095",NA
"1552","CC610096",3
"1553","CC610099",8
"1554","CC610100",NA
"1555","CC610101",4
"1556","CC610103",NA
"1557","CC610107",7
"1558","CC610110",NA
"1559","CC610119",NA
"1560","CC610120",NA
"1561","CC610133",3
"1562","CC610146",8
"1563","CC610152",NA
"1564","CC610153",8
"1565","CC610178",4
"1566","CC610184",NA
"1567","CC610194",NA
"1568","CC610198",NA
"1569","CC610201",NA
"1570","CC610203",2
"1571","CC610210",6
"1572","CC610212",3
"1573","CC610218",NA
"1574","CC610227",3
"1575","CC610228",4
"1576","CC610231",4
"1577","CC610243",NA
"1578","CC610244",3
"1579","CC610250",6
"1580","CC610256",8
"1581","CC610257",NA
"1582","CC610261",NA
"1583","CC610272",6
"1584","CC610285",3
"1585","CC610288",8
"1586","CC610292",NA
"1587","CC610302",6
"1588","CC610308",NA
"1589","CC610310",8
"1590","CC610311",3
"1591","CC610316",NA
"1592","CC610317",2
"1593","CC610326",NA
"1594","CC610327",2
"1595","CC610329",NA
"1596","CC610336",NA
"1597","CC610338",NA
"1598","CC610339",3
"1599","CC610341",NA
"1600","CC610344",2
"1601","CC610349",NA
"1602","CC610352",2
"1603","CC610359",NA
"1604","CC610372",8
"1605","CC610374",6
"1606","CC610376",NA
"1607","CC610382",NA
"1608","CC610383",NA
"1609","CC610384",NA
"1610","CC610386",NA
"1611","CC610392",3
"1612","CC610393",NA
"1613","CC610397",NA
"1614","CC610398",4
"1615","CC610400",4
"1616","CC610405",NA
"1617","CC610407",NA
"1618","CC610419",NA
"1619","CC610422",2
"1620","CC610432",NA
"1621","CC610442",NA
"1622","CC610450",8
"1623","CC610455",NA
"1624","CC610462",6
"1625","CC610469",NA
"1626","CC610471",1
"1627","CC610472",5
"1628","CC610484",NA
"1629","CC610487",NA
"1630","CC610496",NA
"1631","CC610505",NA
"1632","CC610506",6
"1633","CC610508",NA
"1634","CC610526",3
"1635","CC610528",NA
"1636","CC610536",4
"1637","CC610543",NA
"1638","CC610546",NA
"1639","CC610553",2
"1640","CC610560",NA
"1641","CC610563",8
"1642","CC610567",NA
"1643","CC610568",NA
"1644","CC610569",8
"1645","CC610575",NA
"1646","CC610576",2
"1647","CC610579",NA
"1648","CC610581",NA
"1649","CC610594",3
"1650","CC610611",5
"1651","CC610614",6
"1652","CC610625",NA
"1653","CC610631",3
"1654","CC610652",NA
"1655","CC610653",4
"1656","CC610658",6
"1657","CC610671",7
"1658","CC610686",8
"1659","CC610697",5
"1660","CC612007",8
"1661","CC612019",5
"1662","CC612069",8
"1663","CC620001",NA
"1664","CC620003",NA
"1665","CC620004",3
"1666","CC620005",2
"1667","CC620008",3
"1668","CC620009",NA
"1669","CC620010",NA
"1670","CC620013",NA
"1671","CC620017",8
"1672","CC620019",NA
"1673","CC620026",6
"1674","CC620035",NA
"1675","CC620044",5
"1676","CC620045",3
"1677","CC620051",4
"1678","CC620052",8
"1679","CC620054",6
"1680","CC620057",NA
"1681","CC620060",NA
"1682","CC620064",4
"1683","CC620066",3
"1684","CC620067",NA
"1685","CC620068",NA
"1686","CC620073",8
"1687","CC620075",NA
"1688","CC620078",4
"1689","CC620085",2
"1690","CC620090",NA
"1691","CC620091",8
"1692","CC620100",6
"1693","CC620102",2
"1694","CC620106",NA
"1695","CC620107",NA
"1696","CC620111",6
"1697","CC620114",6
"1698","CC620118",6
"1699","CC620121",7
"1700","CC620128",NA
"1701","CC620129",6
"1702","CC620132",4
"1703","CC620137",NA
"1704","CC620139",3
"1705","CC620151",7
"1706","CC620152",1
"1707","CC620159",NA
"1708","CC620162",4
"1709","CC620164",NA
"1710","CC620165",4
"1711","CC620179",NA
"1712","CC620183",NA
"1713","CC620185",NA
"1714","CC620189",6
"1715","CC620193",NA
"1716","CC620197",5
"1717","CC620198",NA
"1718","CC620199",NA
"1719","CC620200",NA
"1720","CC620204",NA
"1721","CC620207",7
"1722","CC620208",NA
"1723","CC620218",6
"1724","CC620222",NA
"1725","CC620224",NA
"1726","CC620227",5
"1727","CC620230",4
"1728","CC620231",3
"1729","CC620232",5
"1730","CC620241",NA
"1731","CC620244",NA
"1732","CC620248",NA
"1733","CC620259",3
"1734","CC620262",5
"1735","CC620264",6
"1736","CC620266",NA
"1737","CC620269",NA
"1738","CC620270",2
"1739","CC620279",6
"1740","CC620283",NA
"1741","CC620284",NA
"1742","CC620285",3
"1743","CC620288",3
"1744","CC620297",2
"1745","CC620299",5
"1746","CC620305",NA
"1747","CC620306",6
"1748","CC620314",NA
"1749","CC620315",6
"1750","CC620317",5
"1751","CC620321",7
"1752","CC620347",6
"1753","CC620354",NA
"1754","CC620356",3
"1755","CC620359",3
"1756","CC620372",3
"1757","CC620375",NA
"1758","CC620378",8
"1759","CC620385",NA
"1760","CC620394",6
"1761","CC620399",NA
"1762","CC620403",NA
"1763","CC620404",NA
"1764","CC620405",3
"1765","CC620406",8
"1766","CC620413",6
"1767","CC620422",NA
"1768","CC620424",NA
"1769","CC620429",4
"1770","CC620434",NA
"1771","CC620436",2
"1772","CC620442",NA
"1773","CC620444",NA
"1774","CC620451",4
"1775","CC620454",NA
"1776","CC620457",8
"1777","CC620458",7
"1778","CC620466",8
"1779","CC620471",NA
"1780","CC620472",7
"1781","CC620477",NA
"1782","CC620479",2
"1783","CC620485",8
"1784","CC620490",NA
"1785","CC620494",2
"1786","CC620496",NA
"1787","CC620499",NA
"1788","CC620500",6
"1789","CC620507",4
"1790","CC620515",NA
"1791","CC620518",4
"1792","CC620520",3
"1793","CC620526",6
"1794","CC620527",3
"1795","CC620529",NA
"1796","CC620532",2
"1797","CC620533",8
"1798","CC620538",NA
"1799","CC620545",8
"1800","CC620549",6
"1801","CC620554",3
"1802","CC620557",6
"1803","CC620560",NA
"1804","CC620562",NA
"1805","CC620567",6
"1806","CC620572",6
"1807","CC620575",2
"1808","CC620581",NA
"1809","CC620585",6
"1810","CC620592",2
"1811","CC620597",NA
"1812","CC620606",5
"1813","CC620608",NA
"1814","CC620609",NA
"1815","CC620610",8
"1816","CC620619",8
"1817","CC620630",3
"1818","CC620649",8
"1819","CC620650",NA
"1820","CC620652",NA
"1821","CC620654",6
"1822","CC620659",3
"1823","CC620661",6
"1824","CC620666",NA
"1825","CC620667",3
"1826","CC620670",4
"1827","CC620671",5
"1828","CC620679",5
"1829","CC620685",3
"1830","CC620697",NA
"1831","CC620699",NA
"1832","CC620701",1
"1833","CC620709",3
"1834","CC620713",8
"1835","CC620717",NA
"1836","CC620720",NA
"1837","CC620731",NA
"1838","CC620734",NA
"1839","CC620738",NA
"1840","CC620740",NA
"1841","CC620743",NA
"1842","CC620746",7
"1843","CC620763",NA
"1844","CC620764",NA
"1845","CC620769",3
"1846","CC620785",8
"1847","CC620791",NA
"1848","CC620792",7
"1849","CC620793",2
"1850","CC620796",8
"1851","CC620797",3
"1852","CC620809",NA
"1853","CC620821",8
"1854","CC620822",NA
"1855","CC620824",5
"1856","CC620826",6
"1857","CC620828",NA
"1858","CC620829",8
"1859","CC620835",NA
"1860","CC620849",NA
"1861","CC620852",6
"1862","CC620861",3
"1863","CC620865",4
"1864","CC620881",6
"1865","CC620882",NA
"1866","CC620885",6
"1867","CC620889",NA
"1868","CC620895",8
"1869","CC620896",7
"1870","CC620897",NA
"1871","CC620907",8
"1872","CC620918",NA
"1873","CC620919",3
"1874","CC620923",8
"1875","CC620929",NA
"1876","CC620935",6
"1877","CC620937",NA
"1878","CC620956",NA
"1879","CC620957",NA
"1880","CC620967",8
"1881","CC620968",NA
"1882","CC620969",4
"1883","CC620996",6
"1884","CC621010",2
"1885","CC621011",NA
"1886","CC621019",NA
"1887","CC621020",5
"1888","CC621021",NA
"1889","CC621035",NA
"1890","CC621037",NA
"1891","CC621044",NA
"1892","CC621068",6
"1893","CC621080",NA
"1894","CC621089",NA
"1895","CC621095",6
"1896","CC621097",6
"1897","CC621098",6
"1898","CC621118",6
"1899","CC621120",6
"1900","CC621128",6
"1901","CC621140",NA
"1902","CC621153",2
"1903","CC621173",NA
"1904","CC621178",5
"1905","CC621184",4
"1906","CC621199",8
"1907","CC621219",NA
"1908","CC621248",4
"1909","CC621265",NA
"1910","CC621272",8
"1911","CC621282",7
"1912","CC621283",NA
"1913","CC621284",NA
"1914","CC621287",8
"1915","CC621326",NA
"1916","CC621331",NA
"1917","CC621430",NA
"1918","CC621445",8
"1919","CC621525",NA
"1920","CC621579",2
"1921","CC621627",4
"1922","CC621642",NA
"1923","CC621675",NA
"1924","CC621747",6
"1925","CC710002",NA
"1926","CC710003",6
"1927","CC710009",4
"1928","CC710017",NA
"1929","CC710028",NA
"1930","CC710037",NA
"1931","CC710050",NA
"1932","CC710078",NA
"1933","CC710079",7
"1934","CC710088",3
"1935","CC710099",6
"1936","CC710104",4
"1937","CC710111",NA
"1938","CC710120",NA
"1939","CC710122",NA
"1940","CC710131",8
"1941","CC710132",2
"1942","CC710141",3
"1943","CC710146",NA
"1944","CC710147",7
"1945","CC710153",6
"1946","CC710154",6
"1947","CC710160",3
"1948","CC710164",NA
"1949","CC710168",5
"1950","CC710173",NA
"1951","CC710174",1
"1952","CC710176",6
"1953","CC710184",NA
"1954","CC710193",NA
"1955","CC710196",NA
"1956","CC710199",5
"1957","CC710206",6
"1958","CC710210",NA
"1959","CC710211",6
"1960","CC710212",2
"1961","CC710214",2
"1962","CC710216",8
"1963","CC710223",6
"1964","CC710224",6
"1965","CC710232",NA
"1966","CC710237",NA
"1967","CC710241",NA
"1968","CC710252",6
"1969","CC710253",NA
"1970","CC710255",NA
"1971","CC710261",4
"1972","CC710264",4
"1973","CC710268",NA
"1974","CC710275",NA
"1975","CC710285",NA
"1976","CC710287",NA
"1977","CC710292",NA
"1978","CC710294",NA
"1979","CC710299",5
"1980","CC710301",NA
"1981","CC710303",NA
"1982","CC710310",3
"1983","CC710313",6
"1984","CC710314",3
"1985","CC710320",NA
"1986","CC710331",6
"1987","CC710335",NA
"1988","CC710342",6
"1989","CC710345",4
"1990","CC710350",5
"1991","CC710355",NA
"1992","CC710362",NA
"1993","CC710373",NA
"1994","CC710374",NA
"1995","CC710378",8
"1996","CC710379",NA
"1997","CC710382",NA
"1998","CC710385",4
"1999","CC710390",2
"2000","CC710401",6
"2001","CC710404",NA
"2002","CC710405",3
"2003","CC710406",NA
"2004","CC710411",NA
"2005","CC710416",NA
"2006","CC710425",NA
"2007","CC710428",NA
"2008","CC710429",2
"2009","CC710440",3
"2010","CC710446",NA
"2011","CC710452",NA
"2012","CC710455",NA
"2013","CC710457",NA
"2014","CC710462",5
"2015","CC710474",NA
"2016","CC710484",NA
"2017","CC710486",NA
"2018","CC710488",4
"2019","CC710494",NA
"2020","CC710496",NA
"2021","CC710501",4
"2022","CC710518",NA
"2023","CC710520",4
"2024","CC710522",NA
"2025","CC710523",6
"2026","CC710531",NA
"2027","CC710537",5
"2028","CC710548",NA
"2029","CC710551",8
"2030","CC710559",3
"2031","CC710564",6
"2032","CC710566",NA
"2033","CC710574",NA
"2034","CC710580",NA
"2035","CC710581",8
"2036","CC710584",NA
"2037","CC710591",5
"2038","CC710592",6
"2039","CC710595",NA
"2040","CC710598",NA
"2041","CC710599",NA
"2042","CC710602",6
"2043","CC710603",4
"2044","CC710617",NA
"2045","CC710641",NA
"2046","CC710646",5
"2047","CC710648",NA
"2048","CC710649",NA
"2049","CC710662",NA
"2050","CC710664",NA
"2051","CC710666",NA
"2052","CC710667",NA
"2053","CC710668",2
"2054","CC710670",NA
"2055","CC710679",7
"2056","CC710680",NA
"2057","CC710681",NA
"2058","CC710686",NA
"2059","CC710701",NA
"2060","CC710708",NA
"2061","CC710712",3
"2062","CC710719",NA
"2063","CC710735",2
"2064","CC710738",NA
"2065","CC710745",NA
"2066","CC710758",NA
"2067","CC710774",NA
"2068","CC710780",6
"2069","CC710794",NA
"2070","CC710798",NA
"2071","CC710811",3
"2072","CC710812",NA
"2073","CC710823",6
"2074","CC710825",NA
"2075","CC710831",NA
"2076","CC710836",NA
"2077","CC710840",NA
"2078","CC710858",4
"2079","CC710862",NA
"2080","CC710863",NA
"2081","CC710871",3
"2082","CC710879",NA
"2083","CC710883",NA
"2084","CC710884",NA
"2085","CC710891",NA
"2086","CC710913",NA
"2087","CC710951",3
"2088","CC710952",3
"2089","CC710957",5
"2090","CC710961",5
"2091","CC710968",NA
"2092","CC710982",NA
"2093","CC710991",7
"2094","CC711003",NA
"2095","CC711020",2
"2096","CC711025",NA
"2097","CC711026",NA
"2098","CC711027",NA
"2099","CC711033",NA
"2100","CC711035",2
"2101","CC711037",NA
"2102","CC711046",NA
"2103","CC711053",NA
"2104","CC711062",NA
"2105","CC711068",NA
"2106","CC711075",NA
"2107","CC711076",6
"2108","CC711087",NA
"2109","CC711090",NA
"2110","CC711116",2
"2111","CC711122",NA
"2112","CC711128",4
"2113","CC711139",NA
"2114","CC711141",7
"2115","CC711146",4
"2116","CC711158",5
"2117","CC711177",5
"2118","CC711179",7
"2119","CC711182",4
"2120","CC711208",NA
"2121","CC711231",NA
"2122","CC711232",2
"2123","CC711244",6
"2124","CC711245",NA
"2125","CC711251",7
"2126","CC711257",NA
"2127","CC711258",NA
"2128","CC711262",NA
"2129","CC712027",NA
"2130","CC712039",2
"2131","CC712085",NA
"2132","CC712091",5
"2133","CC712122",NA
"2134","CC712129",8
"2135","CC712144",NA
"2136","CC712181",NA
"2137","CC720003",NA
"2138","CC720004",NA
"2139","CC720007",NA
"2140","CC720008",NA
"2141","CC720014",4
"2142","CC720020",NA
"2143","CC720023",NA
"2144","CC720028",NA
"2145","CC720031",NA
"2146","CC720034",NA
"2147","CC720039",NA
"2148","CC720044",4
"2149","CC720045",4
"2150","CC720057",NA
"2151","CC720059",NA
"2152","CC720061",NA
"2153","CC720071",2
"2154","CC720078",NA
"2155","CC720083",1
"2156","CC720092",2
"2157","CC720101",NA
"2158","CC720102",5
"2159","CC720103",3
"2160","CC720113",NA
"2161","CC720114",6
"2162","CC720115",6
"2163","CC720118",1
"2164","CC720119",6
"2165","CC720127",5
"2166","CC720141",NA
"2167","CC720148",4
"2168","CC720150",NA
"2169","CC720151",4
"2170","CC720152",NA
"2171","CC720153",5
"2172","CC720163",NA
"2173","CC720167",NA
"2174","CC720178",3
"2175","CC720180",6
"2176","CC720188",6
"2177","CC720192",NA
"2178","CC720194",NA
"2179","CC720197",3
"2180","CC720206",6
"2181","CC720215",NA
"2182","CC720219",NA
"2183","CC720221",NA
"2184","CC720230",NA
"2185","CC720238",NA
"2186","CC720239",6
"2187","CC720259",NA
"2188","CC720261",NA
"2189","CC720271",NA
"2190","CC720273",5
"2191","CC720274",NA
"2192","CC720275",3
"2193","CC720285",NA
"2194","CC720288",NA
"2195","CC720289",NA
"2196","CC720290",8
"2197","CC720293",5
"2198","CC720304",NA
"2199","CC720305",4
"2200","CC720306",8
"2201","CC720317",2
"2202","CC720319",8
"2203","CC720329",5
"2204","CC720330",2
"2205","CC720333",6
"2206","CC720337",NA
"2207","CC720341",NA
"2208","CC720342",NA
"2209","CC720349",NA
"2210","CC720358",NA
"2211","CC720359",NA
"2212","CC720364",NA
"2213","CC720380",NA
"2214","CC720384",NA
"2215","CC720393",NA
"2216","CC720398",4
"2217","CC720400",NA
"2218","CC720407",4
"2219","CC720410",NA
"2220","CC720411",NA
"2221","CC720414",NA
"2222","CC720424",NA
"2223","CC720445",6
"2224","CC720452",NA
"2225","CC720455",NA
"2226","CC720468",NA
"2227","CC720474",NA
"2228","CC720480",NA
"2229","CC720481",NA
"2230","CC720485",NA
"2231","CC720489",NA
"2232","CC720490",NA
"2233","CC720495",5
"2234","CC720497",NA
"2235","CC720502",3
"2236","CC720511",8
"2237","CC720513",NA
"2238","CC720516",3
"2239","CC720519",NA
"2240","CC720520",NA
"2241","CC720521",NA
"2242","CC720528",7
"2243","CC720536",2
"2244","CC720543",NA
"2245","CC720545",6
"2246","CC720546",2
"2247","CC720547",6
"2248","CC720552",4
"2249","CC720569",NA
"2250","CC720600",6
"2251","CC720611",NA
"2252","CC720622",6
"2253","CC720623",6
"2254","CC720626",NA
"2255","CC720639",3
"2256","CC720641",6
"2257","CC720646",NA
"2258","CC720648",NA
"2259","CC720655",2
"2260","CC720670",2
"2261","CC720672",2
"2262","CC720674",NA
"2263","CC720684",4
"2264","CC720685",NA
"2265","CC720692",NA
"2266","CC720693",NA
"2267","CC720699",NA
"2268","CC720700",6
"2269","CC720701",2
"2270","CC720704",6
"2271","CC720705",NA
"2272","CC720710",NA
"2273","CC720718",3
"2274","CC720721",NA
"2275","CC720722",NA
"2276","CC720723",6
"2277","CC720726",NA
"2278","CC720736",4
"2279","CC720738",NA
"2280","CC720739",NA
"2281","CC720740",5
"2282","CC720744",4
"2283","CC720751",NA
"2284","CC720752",4
"2285","CC720755",NA
"2286","CC720766",6
"2287","CC720767",NA
"2288","CC720774",8
"2289","CC720776",NA
"2290","CC720793",5
"2291","CC720795",4
"2292","CC720798",NA
"2293","CC720814",4
"2294","CC720819",6
"2295","CC720820",NA
"2296","CC720823",NA
"2297","CC720830",NA
"2298","CC720846",NA
"2299","CC720873",3
"2300","CC720881",NA
"2301","CC720897",NA
"2302","CC720901",NA
"2303","CC720904",6
"2304","CC720908",NA
"2305","CC720927",6
"2306","CC720928",NA
"2307","CC720940",4
"2308","CC720941",4
"2309","CC720942",NA
"2310","CC720964",3
"2311","CC720969",NA
"2312","CC720986",NA
"2313","CC720993",NA
"2314","CC720998",NA
"2315","CC721003",NA
"2316","CC721021",4
"2317","CC721022",6
"2318","CC721031",NA
"2319","CC721034",NA
"2320","CC721037",8
"2321","CC721041",6
"2322","CC721044",NA
"2323","CC721052",NA
"2324","CC721056",6
"2325","CC721070",NA
"2326","CC721074",NA
"2327","CC721078",5
"2328","CC721084",NA
"2329","CC721086",4
"2330","CC721107",8
"2331","CC721112",8
"2332","CC721114",NA
"2333","CC721125",3
"2334","CC721131",4
"2335","CC721140",NA
"2336","CC721143",NA
"2337","CC721144",6
"2338","CC721159",NA
"2339","CC721168",NA
"2340","CC721169",NA
"2341","CC721171",NA
"2342","CC721176",NA
"2343","CC721177",4
"2344","CC721181",NA
"2345","CC721184",NA
"2346","CC721196",NA
"2347","CC721199",NA
"2348","CC721201",NA
"2349","CC721205",3
"2350","CC721209",NA
"2351","CC721217",NA
"2352","CC721222",NA
"2353","CC721223",5
"2354","CC721224",4
"2355","CC721234",NA
"2356","CC721236",3
"2357","CC721238",NA
"2358","CC721270",NA
"2359","CC721273",6
"2360","CC721279",5
"2361","CC721289",NA
"2362","CC721291",6
"2363","CC721292",6
"2364","CC721293",NA
"2365","CC721307",3
"2366","CC721336",1
"2367","CC721346",NA
"2368","CC721357",NA
"2369","CC721374",NA
"2370","CC721377",6
"2371","CC721392",4
"2372","CC721396",NA
"2373","CC721402",3
"2374","CC721406",NA
"2375","CC721415",NA
"2376","CC721416",NA
"2377","CC721418",3
"2378","CC721419",NA
"2379","CC721428",NA
"2380","CC721434",NA
"2381","CC721449",6
"2382","CC721465",NA
"2383","CC721485",NA
"2384","CC721504",NA
"2385","CC721513",4
"2386","CC721519",NA
"2387","CC721522",NA
"2388","CC721526",NA
"2389","CC721529",NA
"2390","CC721532",2
"2391","CC721538",NA
"2392","CC721542",5
"2393","CC721543",NA
"2394","CC721557",4
"2395","CC721574",NA
"2396","CC721581",NA
"2397","CC721585",6
"2398","CC721592",NA
"2399","CC721596",NA
"2400","CC721602",NA
"2401","CC721608",NA
"2402","CC721618",3
"2403","CC721635",6
"2404","CC721648",NA
"2405","CC721651",2
"2406","CC721654",NA
"2407","CC721659",NA
"2408","CC721668",6
"2409","CC721674",8
"2410","CC721683",NA
"2411","CC721698",7
"2412","CC721702",NA
"2413","CC721704",NA
"2414","CC721705",NA
"2415","CC721707",5
"2416","CC721720",NA
"2417","CC721722",8
"2418","CC721726",3
"2419","CC721729",NA
"2420","CC721737",NA
"2421","CC721746",8
"2422","CC721752",5
"2423","CC721755",NA
"2424","CC721758",NA
"2425","CC721776",NA
"2426","CC721779",6
"2427","CC721783",NA
"2428","CC721795",6
"2429","CC721803",NA
"2430","CC721815",NA
"2431","CC721824",NA
"2432","CC721826",6
"2433","CC721829",NA
"2434","CC721840",NA
"2435","CC721848",6
"2436","CC721854",NA
"2437","CC721859",3
"2438","CC721888",6
"2439","CC721891",NA
"2440","CC721894",NA
"2441","CC721910",NA
"2442","CC721919",3
"2443","CC721928",4
"2444","CC721932",NA
"2445","CC721934",NA
"2446","CC721937",NA
"2447","CC721943",NA
"2448","CC721947",NA
"2449","CC721957",8
"2450","CC721982",NA
"2451","CC722012",NA
"2452","CC722030",NA
"2453","CC722044",4
"2454","CC722047",2
"2455","CC722049",NA
"2456","CC722052",5
"2457","CC722077",3
"2458","CC722083",NA
"2459","CC722092",NA
"2460","CC722096",NA
"2461","CC722111",NA
"2462","CC722116",2
"2463","CC722134",NA
"2464","CC722144",NA
"2465","CC722150",NA
"2466","CC722174",NA
"2467","CC722191",NA
"2468","CC722202",NA
"2469","CC722216",3
"2470","CC722232",3
"2471","CC722256",NA
"2472","CC722259",3
"2473","CC722268",NA
"2474","CC722273",NA
"2475","CC722289",NA
"2476","CC722312",NA
"2477","CC722313",6
"2478","CC722319",NA
"2479","CC722358",8
"2480","CC722383",2
"2481","CC722384",NA
"2482","CC722394",NA
"2483","CC722409",2
"2484","CC722420",NA
"2485","CC722421",6
"2486","CC722429",3
"2487","CC722462",NA
"2488","CC722474",NA
"2489","CC722481",NA
"2490","CC722499",NA
"2491","CC722502",NA
"2492","CC722509",NA
"2493","CC722522",6
"2494","CC722536",8
"2495","CC722538",NA
"2496","CC722542",3
"2497","CC722560",NA
"2498","CC722580",6
"2499","CC722591",NA
"2500","CC722592",3
"2501","CC722599",2
"2502","CC722626",6
"2503","CC722628",NA
"2504","CC722651",3
"2505","CC722671",NA
"2506","CC722674",NA
"2507","CC722685",NA
"2508","CC722695",NA
"2509","CC722714",NA
"2510","CC722722",3
"2511","CC722735",6
"2512","CC722747",NA
"2513","CC722762",4
"2514","CC722771",NA
"2515","CC722782",3
"2516","CC722786",6
"2517","CC722811",3
"2518","CC722891",1
"2519","CC722892",3
"2520","CC722920",NA
"2521","CC722930",NA
"2522","CC722935",NA
"2523","CC722979",NA
"2524","CC722983",6
"2525","CC723033",7
"2526","CC723079",6
"2527","CC723100",NA
"2528","CC723119",6
"2529","CC723135",5
"2530","CC723197",6
"2531","CC723213",NA
"2532","CC723287",6
"2533","CC723292",4
"2534","CC723357",3
"2535","CC723395",5
"2536","CC723459",3
"2537","CC723471",NA
"2538","CC723493",8
"2539","CC723507",NA
"2540","CC723699",NA
"2541","CC723712",3
"2542","CC723741",NA
"2543","CC723792",6
"2544","CC724034",6
"2545","CC810026",NA
"2546","CC810041",NA
"2547","CC810074",NA
"2548","CC810094",NA
"2549","CC810098",2
"2550","CC810099",NA
"2551","CC810106",NA
"2552","CC810116",6
"2553","CC810119",4
"2554","CC810144",2
"2555","CC810148",NA
"2556","CC810155",3
"2557","CC810168",NA
"2558","CC810175",NA
"2559","CC810177",3
"2560","CC810183",NA
"2561","CC810188",8
"2562","CC810228",NA
"2563","CC810231",NA
"2564","CC810244",6
"2565","CC810246",2
"2566","CC810249",NA
"2567","CC810270",NA
"2568","CC810272",NA
"2569","CC810286",2
"2570","CC810301",4
"2571","CC810315",NA
"2572","CC810333",4
"2573","CC810334",NA
"2574","CC810343",NA
"2575","CC810353",3
"2576","CC810363",NA
"2577","CC810372",NA
"2578","CC810383",NA
"2579","CC810386",NA
"2580","CC810396",NA
"2581","CC810405",NA
"2582","CC810420",NA
"2583","CC810436",NA
"2584","CC810438",5
"2585","CC810441",6
"2586","CC810452",NA
"2587","CC812002",NA
"2588","CC812030",NA
"2589","CC812031",NA
"2590","CC820004",6
"2591","CC820017",NA
"2592","CC820031",6
"2593","CC820044",NA
"2594","CC820047",3
"2595","CC820052",NA
"2596","CC820053",NA
"2597","CC820059",NA
"2598","CC820072",NA
"2599","CC820088",NA
"2600","CC820091",6
"2601","CC820107",4
"2602","CC820116",4
"2603","CC820125",3
"2604","CC820126",NA
"2605","CC820147",2
"2606","CC820169",NA
"2607","CC820174",5
"2608","CC820187",3
"2609","CC820188",6
"2610","CC820189",NA
"2611","CC820198",NA
"2612","CC820203",NA
"2613","CC820207",NA
"2614","CC820223",8
"2615","CC820243",6
"2616","CC820249",NA
"2617","CC820258",NA
"2618","CC820259",8
"2619","CC820264",NA
"2620","CC820282",NA
"2621","CC820304",NA
"2622","CC820305",6
"2623","CC820324",NA
"2624","CC820343",NA
"2625","CC820356",NA
"2626","CC820361",NA
"2627","CC820375",3
"2628","CC820376",NA
"2629","CC820384",2
"2630","CC820407",NA
"2631","CC820421",NA
"2632","CC820432",2
"2633","CC820435",NA
"2634","CC820437",4
"2635","CC820444",NA
"2636","CC820452",5
"2637","CC820453",NA
"2638","CC820461",NA
"2639","CC820488",NA
"2640","CC820489",NA
"2641","CC820501",NA
"2642","CC820506",NA
"2643","CC820510",NA
"2644","CC820517",NA
"2645","CC820520",NA
"2646","CC820530",NA
"2647","CC820548",NA
"2648","CC820565",2
"2649","CC820577",NA
"2650","CC820587",NA
"2651","CC820588",NA
"2652","CC820601",NA
"2653","CC820617",NA
"2654","CC820636",NA
"2655","CC820640",NA
"2656","CC820645",NA
"2657","CC820657",NA
"2658","CC820667",NA
"2659","CC820675",3
"2660","CC820689",NA
"2661","CC820701",NA
"2662","CC820708",NA
"2663","CC820711",NA
"2664","CC820722",5
"2665","CC820740",NA
"2666","CC820745",NA
"2667","CC820758",3
"2668","CC820765",2
"2669","CC820771",6
"2670","CC820790",NA
"2671","CC820842",4
"2672","CC820862",NA
"2673","CC820910",NA
"2674","CC820960",NA
"2675","CC820974",NA
"2676","CC820998",5
"2677","CC821061",6
"2678","CC821077",NA
"2679","CC821078",NA
"2680","CC821083",NA
"2681","CC821090",6
