62.3071426538460;-33.3726547294498;19.8227147742772;-6.22691319006048;-18.6342881023558;4.29438155182224;3.41448749113424;-4.04755486783420;-5.38430332032925;7.34394052160038;-0.425588889261239
33.9278049003585;-75.3199513995757;25.4340943178553;-32.1642813474711;1.64096493474207;-24.4740004378634;-17.8958230194367;0.0651996380407151;2.92750780691707;4.72572863231438;-26.0471583588271
-0.0457691818963869;-26.4036822333192;-11.1714818208002;0.920281714295342;29.9234178121309;-5.51469705527113;16.2218399725418;5.01108702713914;-13.0917173273744;-1.25561956592633;-9.46490201461954
50.4732975585987;23.5965316753422;13.4195671467460;15.9634412655997;-9.18499333346630;9.16114530496068;-0.842812099896770;-0.904877920986901;2.92018251801617;0.331426677832743;-2.08163511318142
34.3437747009579;-88.1353237227181;9.36178872381154;-1.48990666664146;-4.38446886805456;10.2638826808224;-1.94424629698016;0.985734492936662;-3.98424405156146;9.32964522049709;1.49832168828163
101.642440364494;53.9023851152008;69.2578173145790;8.01160833389063;-16.0174396021852;-47.0184090979783;16.0047770109831;-10.4670256382258;-1.73950569082985;5.59617187488380;6.59320900765578
59.5261467708479;-50.7479839334674;32.6073763411584;-9.29736317294758;-5.10486996582079;-6.01822031550267;-5.96931188452943;-2.06197270280125;5.23864651252350;7.01323547986217;-5.97750074043353
43.9029349321569;-66.1927454445946;30.8579606665513;-14.9979995455591;-8.00588994786199;19.6916963837907;-7.63564173944139;0.464005463734843;-7.74296279618518;-6.65752221505198;3.54334198824954
3.85467157457260;-63.7757392492258;-4.06933409409669;6.23490850181052;3.49078642866030;25.0689977474846;-6.74104446766440;13.7969716459944;-1.22180138691541;3.53001222331832;10.7220931218571
21.8364988253741;-178.188171363530;0.191432509348655;-21.3652654032054;6.08815610508707;11.6556045515491;2.50989945228603;7.42979190080516;-3.03953209163116;0.615418746864643;-15.0538134273743
28.6389241026116;17.7844573959739;-18.6308945103878;-0.0438205544672689;-4.33168337281539;-12.6257504223088;1.83104939061628;-4.37885474860603;1.22590789093577;-3.44261352505891;4.16019316395164
6.41143332944282;-102.272925582427;-15.3141077766414;-7.07016606093789;12.7398014534555;7.97239569209197;-2.69973923163802;7.76480595502717;3.09703180178780;7.26753316048730;5.81283786425536
20.6276362092174;-46.5074782992984;-0.199934516277836;5.33533132814516;-0.0314208552485429;12.2096674398158;-4.05624642995668;-0.321075796871106;-4.90792032333581;3.04614701316481;-0.115592346281379
54.8891128726271;32.1892839283314;15.9701156405385;24.6193368744321;-8.86813604049480;5.63264413381077;-0.357398103285213;-3.85140970286859;7.24451910575854;5.12309821706071;8.32597262878017
58.6441311544441;-34.2861014622277;22.9190709323233;-5.76556461427131;4.55311728166150;-12.4048340633301;-6.12947737485083;-6.75612808815290;1.61860191932863;17.3202517039750;-8.58978583985916
-33.3097355463933;-104.263432419086;-20.8250571724259;18.4323177075923;21.3118167139278;48.3891031676429;-3.69188814393575;16.8363740743151;0.624817529162035;-6.75394066643219;18.6344574727173
44.7561887545796;-57.9426701272360;22.5439081559781;3.23416923397283;-4.72617253281516;-2.65683515511934;-10.9409235651029;3.55753196638179;-11.8732657254384;10.6448535224538;-1.02341084598873
69.1517697795898;72.2906943422962;12.1749287452511;11.8428798888764;-4.70031494922908;-9.90271772726337;13.9605998669767;-11.5509987357566;-5.69658967494801;4.85176621825603;-6.75090150859034
-11.1672639423227;-169.653918223078;-27.5398401302845;-6.94934470420356;-16.1103115114154;-8.09099788567004;0.353165687613544;1.50685383403922;-4.33357724407520;-1.12897293174799;-7.21065601173858
7.62001359962954;41.7737316088078;12.2742121017876;32.6054960782270;5.57088336917477;5.49265073711226;2.86861110695083;5.42643431634716;-4.38132443217231;-2.30197233625120;-5.60181216993692
25.5314376763984;-103.899722083098;-9.78244023111268;0.129789438589233;-2.69449752710645;-6.12364570359930;1.37598636650109;4.47194012993776;-4.22836367051404;1.33900317437381;-11.7708628043635
38.0852030808790;-27.8764655782722;6.66463239731312;12.1397625622354;-3.02904136227685;9.39981844278899;-3.51619018482850;-2.47347894098956;7.72055148570775;-0.384838203402163;11.6329443287260
30.9691633989755;-76.2726793310497;0.860972175451498;-14.7065834986337;6.74377080381779;5.46979841683852;-0.968473059000560;12.6215300111456;2.19440058696535;1.36537813211904;2.39579854582836
23.7722424642623;-59.2681022172008;-1.99854102047869;9.17882460485302;-14.2991435617996;6.94458499721396;-2.86538664648158;7.56736831256532;-9.72945456294073;7.93722398430827;1.60565901530232
5.42963952200953;-73.0025413446912;-18.9294131025943;10.6160439198014;-6.48087027838134;19.7640324788555;10.1554813236837;0.661925383084239;-8.02637412731046;10.8409138225093;-10.5046698881728
49.5564053801249;-71.8604112382849;13.7789411924121;-5.02058033099821;14.4209410393437;0.577569033164840;-1.21416712413743;9.49383029462269;-7.41444600211251;12.8800081505767;-5.54266344791969
52.4360576034161;43.6729190622917;14.9411201106921;-5.34782572418855;9.66851814688235;5.98315476838855;7.93072451136442;0.164306938423693;-12.7591524130101;20.8751383895614;-11.3312906749986
64.9350448218476;-152.101214042013;42.8847282066332;-59.2383047978371;11.8023777777868;-7.95565821957823;-3.05647041661806;2.68547470466918;-3.11478739296416;-8.95715239710699;-24.4060397715033
48.2922435201648;-29.7095889482820;13.0968498420377;1.47559456171235;0.269276950965906;-12.2558214705221;-0.377864435808509;7.30563610463096;-4.52509509875565;0.707772251026751;7.24718680377499
40.4037031874615;-14.7751530777837;14.9021380687837;-0.307477779416141;-16.5365919137214;9.97970865159535;-1.24228585564886;-6.22053076431536;-8.40200747071481;-1.54655411325054;3.17422262598818
-19.4882600356119;-156.720733073176;-18.6405702026140;0.354877506144897;0.0702840714066793;18.0290212649363;-3.89770533963422;6.04140593796237;5.33334726028190;3.63541004350825;10.4297441544522
21.5865384563947;-73.5383560082284;-7.92811910103773;2.85113662968157;-2.91190850061771;-3.77168272911193;-2.68871853418871;11.5904880664133;1.73056473977774;-1.97422477875908;-6.87377678751992
72.8980986535167;71.0521094893575;30.4781237543643;14.0221917849530;-20.2271351653310;-16.2334394728267;2.83770635174778;-14.4757562752631;-9.61741944613914;3.62670230071496;1.23198578764318
25.4879846169573;-13.0815189783300;9.42708831377907;16.4858485577622;-6.26770467506230;-0.700470260971170;-6.41398656047964;-2.81239499121786;-7.63383874295178;4.27870501972937;3.13713043360002
17.2402805768786;40.0674728432869;-23.4727603790435;29.1832510299899;15.6698057371443;-20.6636209922228;11.9074173619922;-1.44792687466426;-0.157121290760105;-8.98890338609356;-14.8199969621540
48.9180732251470;44.4884324997868;27.7585313323812;24.1818894949033;-10.3559145682035;-0.480430597693549;13.7220032345135;-4.48697454948590;-4.30620084184151;-8.95134246056448;3.20010102229561
17.6570861292022;-66.0620185155890;5.48124544290531;-12.2456704797025;-9.83173675148184;-3.18664900887878;-2.67238203465326;-1.72910327881673;6.90889405264086;7.52115373724768;-14.0238823177701
25.4881508251906;-19.5355940996581;15.1507828389268;23.9103301286348;21.9353876272729;12.7050779273460;-0.965879668250371;-3.76506459677357;-2.92120723892294;-10.0460477993222;-1.40070965401644
48.4730372434695;-3.58624967696608;15.7263630370266;24.1440619130145;-10.1009315571345;-1.07972335153813;-3.90031520234381;-2.42641306778974;5.53221666668227;4.39220268687686;5.06122784729637
72.8679852973594;23.0955340672200;33.6845342561766;11.9669610372152;-12.8380396528306;-23.8641037569635;9.29097636632490;-4.28121664353424;8.73124704114154;2.60356628816866;4.73429061403243
7.08596022941130;-155.864420072510;-19.2281163222631;-2.50585777491698;-11.6119102691002;-1.16624058481286;7.10895262512490;-1.33731003401520;-2.99856392348066;9.67445087246465;-8.45804772800240
73.1964648990128;-34.9089284097649;47.2222699038280;-13.5982459947407;2.38533012985961;-19.7321634550479;2.21256184010223;-3.23537788608600;-2.26631472712349;6.65421324244535;-5.15981062490922
47.1598749014527;-28.9867615199248;10.0209709914380;6.83682877292743;12.5932449956215;-2.72752769330303;-9.25359952483646;4.11117741817134;4.27665423399802;-9.21942819322993;3.27715974255151
41.5182654846141;-29.3173705390768;2.88766371189512;17.6965952941078;0.235414188470837;1.56001291601608;-6.62272586295796;0.673216982515838;5.18253884970948;-4.66467743350168;1.39444639213779
15.9461544372943;-84.0997150981362;22.3152223367145;-39.3251391001826;13.8819296294008;-7.64206891123264;-12.4095824077929;15.5181838838190;1.08645903961023;2.43214322836171;-1.51746240932799
52.2578592967972;55.9902889847690;13.4090156984856;24.9781972150359;-13.1979181053108;-3.77494132963714;5.90122731751504;-3.94850997477610;9.06889447177905;-4.17929730328349;11.6282761077396
67.0392187160491;47.4684141610706;25.0967422456883;0.839339517898125;-16.0013323233028;-22.6793230805133;8.40928367687446;-8.07070785938757;-0.679441682602342;3.74704581082488;4.51071660830277
16.8376254021838;-1.27625090351586;-8.50090654456775;-17.0752107647996;-0.0584200755299816;-8.93774155594754;-0.214137389348267;-3.78765931342403;-0.377520807871112;2.71838733663356;7.81291365316359
70.6785104235486;78.8460133240611;4.22130378879940;-3.98919278587908;4.93508559237080;-8.71063946029331;-3.80927705195489;-2.86337172194031;2.16106871017686;10.2303404334930;-2.51274817441176
-35.5899548744740;-72.9128735787826;-23.7694393081666;4.99836336420252;-11.1956643903515;15.3863675984423;-5.12905323196128;-1.22498159400204;-4.09901354898965;0.439707272680544;5.97303525761869
-37.0897795903235;-82.9933634645514;-31.2201922990683;7.57137169748413;1.91391762201707;1.50160273455005;3.98625631620408;4.33599042484740;5.90697452027944;-14.1020420227836;3.58081545840241
48.6848488400382;2.56303849535457;1.63879520246099;10.0486247637918;-6.00008693283338;13.2651135087517;2.16851458124161;-7.07293652754447;4.93732253535493;-3.49169024026479;7.00277228279463
95.5660793006710;-49.4487964670642;66.4533378209214;-32.4577571677730;-8.79694847067396;-35.9124049081375;9.64720524008600;-5.66126208105499;-20.9231616395706;2.98504739623695;-5.28688004836469
50.3699397258027;84.7518467632196;-2.98990333651746;2.83518571882300;-14.7684210652532;7.76923736292547;-0.912549695778826;-0.928184534748554;7.56132530740753;-9.89219465323453;9.92962227702738
-9.96952625383562;-21.0741044185081;6.43348823556575;-27.6224793963404;31.4805185946446;33.9729762605614;-2.74166405919408;4.90796894817575;-2.89791532528532;-1.02515861196100;7.87888766049260
49.1261909946748;-44.8004546975827;16.9077200886844;-6.05299579782911;-14.8091523787740;4.45326717076858;-1.40431835093818;-4.54640452099082;7.78136524258642;4.40547425356228;3.23138171197403
20.1153948898970;-88.2685390878795;5.35950099172613;-0.853710513975527;-17.2722366382733;21.5128330963906;-13.9252182131167;5.66882371294547;8.49067978317726;-10.7627805939224;6.83488923211514
4.54999309572154;-27.9330136246745;-21.7188153692172;20.3633252854557;8.21823034896104;21.5277695611127;-8.14758382272618;-3.02757735613057;3.40280543191811;-18.1657961847389;5.95477964317109
39.9414385063436;18.8123754513446;10.0684718423052;-13.2117202196097;-3.58013306615069;2.48708689093473;-3.07876802060428;-5.75121366168542;7.42852773131305;-2.42570861508303;2.37284600428994
14.9342207195959;5.14165292819651;-10.5925716602634;2.99962336235111;-3.05366617002052;-11.5998972391307;0.220443078210201;-16.1389644804081;-6.66793513776742;4.33087140609765;-13.3002889861120
71.2697160914017;71.9975972295842;6.05600844871847;9.37186383355439;17.8207153155087;-11.4364359968682;9.26912435977756;-17.2110283202750;2.24650992727698;7.79693246572170;-2.17787410985930
-2.65501456588535;-43.7254170649815;5.67668188451382;-24.1004062516804;8.13794818175455;8.62863235980433;-29.9184096973726;5.09029857117878;-4.37491445277653;-11.1846211797949;-1.25062864848523
-1.24853710993400;-64.8709599567406;-9.14196000111504;-6.66595504986606;-2.74945143088284;29.4026008931709;-1.95335759585044;4.51067406696635;1.73673163557743;-16.3043673635337;9.98492988436848
61.5601749297968;20.1584911383367;19.6660230791051;4.06454305212600;-6.34709752671790;-5.26691083044093;5.53640916098303;-6.25136822277476;-0.647088638431963;3.95748436525612;6.71677100918803
-21.7219460427648;-70.6487313763215;-13.5173143391360;0.122898817491642;-5.52474848134909;24.7810938845875;11.5826215526321;19.4279631959317;2.98638662570265;1.79159655717152;3.92818646762712
10.5000021322946;-44.5507355623715;-4.96773978828026;8.59972469877343;-15.5898353418434;25.1620450471048;-11.8918369644495;-1.91927183369471;-8.16432029260961;7.60706126594825;-2.75508388001120
-7.21079060128125;-81.3507427185437;11.6920240416435;-24.0650108928166;25.6930387482966;33.3436340121096;-12.1866465724674;4.89549840209151;-2.23784950546418;7.14523160554460;2.72148648358135
56.7157836837191;40.8002117829494;15.3754798838884;-2.09941604019801;1.39740890219489;-22.0421912083417;9.76198582661693;-10.2361851144481;-14.4896571149273;6.25779549421567;-6.13077654020830
6.91213257875940;50.5884106823218;-11.6634856631472;25.3747199686679;21.6621075377309;6.05075498418484;-2.60268449796209;-0.204204732155332;-0.702450383182252;5.08504310671302;-3.49850318767360
37.0152720232528;5.91565636133241;4.68779543551824;-0.234103683668132;-8.57757949312812;8.40373772758787;5.25215150993793;2.11985463721596;11.1031891647473;6.20154458704766;13.3559594716827
-4.45962482262284;-48.9756735244414;-15.2070067496221;7.90236362574940;-6.89394927744512;5.59051359428935;-0.545020554535819;-5.17870520095110;8.40043696836050;4.73441265655237;6.11072671211003
-53.3533530600900;-60.4203215574879;-42.2931202685689;1.67043483591542;14.7899442094403;7.22912496970381;11.8359539569455;9.22563389871366;13.9810773149680;-7.07478064393083;-0.927478394307151
42.4773119271183;13.5160776989826;8.19767091022014;10.2183194250547;16.8316060434493;8.29711256698459;-6.92988470297081;6.25993059259695;3.05134161092460;-1.41513472245910;-5.29891423039583
10.3529247861461;-30.0258796888117;-26.0585830070213;0.382278194271513;3.82044916276891;-2.93520349659455;8.50762893536481;-2.40608136016831;8.34222963083648;-1.02975086199225;-8.02695270347188
15.9379140488481;-14.9453462945684;11.1521690904540;3.80567476616435;-4.82596295618705;13.7751485804355;-7.65664626261858;2.79640078141560;-0.503577573387149;5.97709664047788;4.32027176673492
8.54132252201345;114.017752805526;6.28859825384114;13.2742127596149;18.2431577454152;-47.5790094812700;18.9003361554389;-4.39638819261359;-8.83373712149049;5.38415472715146;-23.9338611445910
16.8170990600739;58.5284050081548;-16.4366579216423;20.2673311612131;-3.97114563690223;11.2861000797197;-3.03248947015530;4.91910397088076;-8.25073863242759;1.51566900520887;-3.79149939684077
31.1534228426683;26.3847006813872;0.878335194359238;10.1835699229009;7.62584817496609;-18.7887791519110;-9.35045653326520;0.0880205768596569;-2.47579613846542;-4.14647074391904;-16.0712584188703
17.4855406474654;-90.5894744549506;-5.69311870140316;-24.8609678678090;-16.0609630743524;-7.01195858222020;2.35668661834969;4.32938242004257;-7.75900914005144;-7.67575828367601;-6.09850891360690
49.7058093797944;73.4174580919520;-0.294505429074558;26.7492768145382;6.34168029891862;-16.3149576019074;-14.0573654984179;-2.57345754781459;1.73588284987002;-3.53695320019320;5.24964824142767
57.9929010730922;-17.2269629524112;17.2813227604676;-0.216453074193608;-21.8185450403135;11.9598178951829;-18.7105993149148;1.46323115692792;8.31026332139242;4.63909036923951;16.4656753703526
-38.3871560388207;3.35691429495136;-44.0507811588372;9.63471214599459;-4.19478549882885;-10.0071252095660;6.82232125593029;9.02224774247212;5.16090729384291;-11.0466620834813;0.438440488364603
44.1525968874021;26.9761362941768;6.68705110898375;-3.89705391730560;-19.4842488816560;-2.80867114673411;-7.26474651337824;-8.82150563844807;4.02288306347913;-8.14292503857527;11.5750438705977
-25.0734667713648;-50.2975632099387;-21.9438890177614;21.6682394764711;9.16320641800394;9.95155657908630;10.0397593094167;5.86594871532527;-1.63708575293825;0.669623821049859;-1.28671080583617
19.2370214128783;-64.3196216743798;-1.81357066545452;-8.17253615069549;-27.7122154553678;6.45894886293258;-8.02375542878040;-3.04747480434495;-1.56278813438001;0.422627931079334;-3.24871312437435
71.3990089858010;-30.6215030426226;44.6261516716056;-38.6498340290330;-9.14057747259742;-33.0438276842012;-1.86638191812443;-6.21745047127364;-0.851540447000723;16.4135277435521;-7.68368435770665
-9.88499199801091;-130.020380288963;-11.6274064853458;2.77717593341274;-12.3102087715820;18.3270082988945;-5.76675297443121;2.02770230465520;0.813463824029196;6.16795638726555;2.86237562955712
71.0717242066038;50.5353666718803;19.5601311729347;14.4146585869096;-18.7243039964289;-9.33085028008299;-7.45360416580250;-11.3267616672400;-6.00516592468249;-2.67699965700731;-6.95336596290721
24.7772409140475;42.5583854284684;-11.0218106116670;15.5213611921157;23.5253211965864;-16.2787913909386;10.1418051557629;-8.96938625603644;-11.0412607153512;-2.61007688485302;-13.5452780597028
58.9739448210949;-9.43105832527289;7.57733795574924;11.1520217822381;0.964843940131952;-1.78424965399375;5.82683787183378;-5.10497503222022;8.49082247540127;-5.80994436933186;6.58903597661670
13.6978379456554;37.0362288939690;-8.65747691072590;-1.00960710317060;8.78815595307947;-0.0589376717066125;-12.0456358165571;10.5491087372104;-4.30132022026257;-6.54021401555480;3.03645550289324
8.28548893925390;-50.9399889847471;1.30271223244781;8.92025074617154;-11.7381725824655;25.1269999364670;-12.7187221732589;-2.95147513138624;10.8674459893142;-7.20590226267224;17.5315451412117
22.9586954875824;59.1899669522460;-1.06579788401248;-5.03897070020601;-3.40754997910635;5.20456978818713;6.94935226627748;-9.50213705071796;-1.28683532424155;5.21233261620933;6.59121049914042
6.09359742603769;-67.4744933256383;-9.10236581558862;-3.90788508083479;31.0437355494386;14.7737829184960;-0.335483987669483;19.4150437905520;3.14565319944225;-4.99736815585897;15.3636514530697
63.7986646651357;75.6761747843861;36.2275112888412;14.8949096465029;-27.7199793911198;-25.6658068425445;-3.08790524883073;-1.15713079082840;-7.38422606944849;4.90095079689826;6.88000492906890
59.1314858812789;-23.3300152008272;28.0256035237329;6.88782550775335;-6.37390516507231;-5.97551516000921;0.371780183951475;-0.567348525533777;0.109448848284416;-5.46289123837322;1.97557295516238
11.8778552585425;-38.1612547367071;5.24182687028209;-19.2303988464184;-14.6281654256937;3.71779028558503;2.81796581374249;-14.1780106038687;2.15364173828124;10.9258658124573;-11.1498778538410
-1.56277974535794;-11.3182224602093;-26.5186310795077;-5.26290042386930;-17.1628834351678;-7.63987422176423;-2.83601202044535;-1.78197582101645;4.79527885026856;-2.05370887215604;-9.06910683048046
1.04390578382278;-44.4490267756771;-4.94849643342173;-1.02503361539305;-7.25657797458534;-0.00281386780317500;0.621961057611118;0.0760888281202359;2.09509870276026;-3.21462304207377;-6.76166238859149
59.5605009441322;12.8548938970581;3.50457095866194;21.1452938575501;5.87027407377857;-8.57365802104100;-5.70943467084652;1.87428673034243;6.74967413456998;-4.04901107633469;6.85689276302151
56.6723806277637;44.2508304722625;23.9803075972050;3.86437684149156;11.3856516427025;-28.8019382100906;-4.18278506697373;5.33096895535038;7.31697083051868;-2.20440654019935;5.89605500370483
46.7260031116532;57.1438702341085;24.6232453431419;20.9803427055068;7.60234197419145;-23.5009727999737;8.85559628127853;4.77598247892960;-15.1292351475689;8.03941047603137;-11.3040455438059
14.4208598779786;-82.9427216411653;-6.58915990721428;-5.41711152027561;-17.0448442095898;-7.09058070617248;-0.198310200855101;-0.688160531504188;3.73126787372568;4.90390979529440;-5.26536386094804
-13.9292548674746;-66.6193326988215;-7.67318419026787;7.00242143089427;17.6422070645379;19.6648014765000;8.47019406613300;2.66771443262032;-4.28956434672369;7.07085118236597;-0.792991972005113
-7.40841051859099;107.705449662347;-20.0416307993954;6.14490144176768;-1.28781550391008;-34.2268576483975;9.04812486402448;-3.88685477763421;-2.15795607527316;1.42987171212875;-21.0155246738440
34.8186495376862;31.8779784638707;9.55202700800678;21.5436245906268;0.190483130735448;14.4541554036708;-1.46914219311309;-4.93843246969883;-0.182827618532692;-7.79381576831463;7.71691436773608
-13.8113848355627;-23.2166760138273;4.99717642946239;-21.3038049735121;40.8447496491296;12.7274737068796;-13.0836262241131;6.41465829411583;1.26145201792979;0.543360080451277;-0.554460470705696
45.1248833936209;12.6700284794952;0.310427781850133;3.26581217118853;18.3412345108390;10.0944066372100;-7.31724748563919;4.48287895412745;4.67675291697486;-8.18784472683533;19.1288259912054
-44.8456307090325;-87.5874892149345;-9.61104979799701;5.05342791120608;7.72763932968173;26.6233972017172;2.41282759757343;-0.808438669080019;-0.226523439099963;0.343733805805711;4.33700451485037
39.9421902732664;-73.5074596499330;25.7564431796925;-10.5236827847038;-11.9222732761276;-25.4199686209769;4.54247109921930;0.150086791036160;1.09439584826826;-7.78199284013967;-11.1480833305446
9.98672768165695;-43.0899951749147;-1.96653017469398;10.0273340678343;-0.620125096057979;6.43586987886727;2.47919158791561;-3.48468905241023;4.34644713492910;-4.63913407814595;-8.47066400468367
41.0108225807817;28.3134245856645;3.12035364156060;9.98903931972913;-10.3564236671452;3.53907518918014;0.710014061023340;4.47292772305126;1.02397022658555;5.23296841022300;-0.146702949662261
-4.54257876730934;-34.2019283694226;10.4979187341922;-6.76997691274544;20.0996269956321;17.8263314537277;-12.7937262863797;-3.56859671567639;1.89732693095439;-0.817985536117086;3.09721341266110
45.9368341773424;0.0790624970328094;7.99988887167146;-7.06327581216221;-7.30370844419593;5.93956724726777;-18.8225616619273;6.57209327574971;6.10921890473574;-0.101475687888105;12.2916357866759
7.44501688703844;-62.3866525828196;-1.21345232472338;11.7183373540810;-6.63563639117011;48.4530602735242;-9.41772623040160;10.4808748801948;-3.50689203886649;-6.22864445810587;11.4178095741703
48.4515753838632;-10.7973044669413;1.85680164221825;-4.50039910016572;-1.41163106292974;-10.2331178980611;-3.70668056698701;-0.144347264841630;-4.85633051723446;4.03029210439563;-10.2422228406326
-3.16661649402969;-46.3712013570938;-36.9660319046632;0.469169168073889;-20.0782367961370;-8.51562045832578;-4.69701913108754;-4.78681474651569;-1.11977073391814;-15.1193756793284;-3.88208178231596
-18.4812832984631;24.3824756526363;-21.6766590768146;5.95425277527120;18.1753752532221;-3.70934833802928;-4.97864539185254;0.802403480863567;10.7540046572769;4.42552744991518;-7.13373760247768
42.1595292862431;-45.4290928112969;15.1181867612886;-30.7787468723940;12.8695533477405;13.8922933625608;-4.27415068677363;4.34977136935928;-6.97991787825229;19.2387570977801;7.00987808662887
-37.8989431179625;1.42531588302674;-16.6871880947159;9.70719464448541;6.92301982318145;-8.55046973894096;-7.77731048125550;10.2569532151634;10.4077160891182;-5.40569066679861;4.63007363977693
46.9812920398996;-12.1985681980648;-3.53088824626136;13.5379852135049;12.0170066391157;0.684562414656827;4.98868909188597;-0.708300174797687;5.50492609886603;17.7598940107461;8.60853632006438
5.95848463038868;80.1498699802193;-19.5732333393045;4.03355896646138;3.03382590282729;-17.3354616681291;9.40622591797395;-7.39178393731795;7.67721176494280;0.00734281333492004;-7.48599671372766
21.5146345217016;112.214410704060;-12.8479504658341;7.56190268825986;-10.0414100066141;-15.3133220068605;11.7127868299068;-8.27737406540860;1.14989286037463;4.52572930127894;-5.29194009751256
-5.63241652137521;37.5194463861603;7.98144653648625;-12.4670036354278;33.7133228960210;0.300827657807918;-2.47139751574691;-0.0169222046484530;-3.21782523048169;0.235215148831701;-3.64765969418128
-7.15765246714601;-60.7503461042996;-25.8559248830485;7.27768708532576;2.83005241752351;-6.43438475184890;-0.361022770984582;3.69669629176521;4.24476415867652;-4.03009718746517;-2.62380083412904
59.5535844318287;67.1594607326117;22.3013091846551;-5.71472430328158;-23.2709757337030;-13.1832076813699;-1.37770337698896;-7.48238540300691;-8.70334450059614;3.59376556426568;3.68003983747458
6.56563665581393;24.6506375865468;-11.2454320271357;-9.64991680451462;14.6017959561241;26.6273561291792;-13.6472969939862;-8.76059476232971;3.70209188886069;2.23861322062433;17.5457818496171
68.9387826915221;-14.8782816109554;33.7475273340835;0.693275342091191;-12.8245799416919;-10.7534521297686;-7.81535628328782;-3.30277641558648;-1.90163668617278;-1.19241241249831;-0.0909362694171846
-10.0087964609239;-6.63911461814245;17.7616171043039;-34.1970996604050;26.1447940867354;0.406412021677946;16.8494436673023;5.41882900793202;-15.4168805466812;8.78658054653501;-12.1981932806149
-13.0550069660720;-98.5511272600263;-10.9213720185755;-23.9964631340660;10.8430077499716;12.9226434132121;3.16987003374028;-1.08964826137803;5.02589962580127;19.3180323171883;-1.07581860451545
12.8371780570287;-42.1218187058669;-4.82600617971352;-7.74247576600807;-2.61596951194725;8.95034681332760;-0.0533155362275649;4.18111130836177;12.6424553185862;17.3442877161088;3.59249684708023
47.8401091632106;-91.4299128249897;24.1781938979070;-29.3023399832343;1.69090478113637;-15.1803247520891;-8.88284680735503;-6.88347003289807;-3.90253616646246;14.1558727557596;-8.92464643739597
37.0723155269273;-25.6539406321784;-1.47025928716001;-17.9534563210590;6.76650783193571;6.10709305042493;-6.34026347352387;7.52593295473314;1.18036000252155;12.3759971696879;14.4943680141652
11.3312030839658;-39.8287468685374;-17.8118159387074;13.1335206638168;-9.54446049231990;16.5772756125676;1.88884433943585;0.590894614390441;-1.19088797429532;-6.09902147473839;8.09184999865812
-29.8872374668220;3.25204799594167;-13.2843467480783;16.7675256213443;9.94361491968387;50.0207321513414;-14.5965251015748;11.9332695607458;10.5317833143582;-6.57308736463641;13.0879512594636
5.32006300823455;-21.2452563293296;2.18757274021269;-25.2447937810264;-16.0188461372542;-9.63709654651298;2.70712464132344;2.47516494470743;5.89290529226361;-8.20809473525244;-5.00293919161174
75.1679750013697;56.2209233588938;36.6633777742679;10.6144955686991;-31.2541115551022;-16.7551744702514;5.88680674694889;-10.9733283891237;-2.73472222872091;-0.0512871746278270;6.04870111994057
27.6872093675311;43.5122049178992;-14.6952235864534;-10.5077450591569;9.86381167304564;17.1800183696062;-7.73414062040150;2.62281632987459;4.11710127121212;-3.53527587692243;-3.24632066816703
-0.546125067564376;-11.9674898474644;-13.7715717355868;4.74451012345858;-10.0126866593437;15.2199563853355;12.2460598857296;4.27922263005881;-5.92400803038460;0.0524123623988541;1.50646644772597
-16.9496736765483;-7.03542932659037;-4.16811166618189;-13.9222713167966;7.23272360410790;15.0770531469013;-9.75697634642852;4.43686158760086;2.99037233480764;1.61426114176311;-0.952786611629377
-5.04592053642451;-47.6265087357623;-16.8431441968957;18.6599488325323;11.1323253982625;41.3188014251179;1.07844770129794;1.01144065754755;5.21381047022769;-2.84610548374617;11.8516912416686
12.9589051981239;52.1399470237303;5.19786291382588;-1.63579629607207;-17.1559126244705;-8.26100820715916;7.65955032412845;-6.52823267985921;-13.4845147212278;-0.596607393085491;-4.93491507595442
-16.3375554992361;34.2561893477758;4.41045920581940;15.6364087568628;-3.49263475947320;2.07022114854834;-7.64710087097701;3.13739849022988;11.4227300368628;-2.56905327541832;21.6131116112617
66.7285133926944;55.6692310648709;25.2752621458929;3.05164761988316;-16.3924935377927;-18.3317073996075;6.51576371329666;-6.24500184147998;-5.35397439347969;-3.32229049916062;7.97430537346728
-25.6585693397679;-30.9234472253186;-7.50189730051061;-0.635968961089465;7.34191416543990;-18.5984134716730;11.2315693766520;6.22281552121104;-5.16598313262496;-4.90876681745757;-11.2527643466101
16.5294162980023;100.884493074481;-21.9128820572840;-21.6126863969507;58.5406531411737;-13.6206947199090;3.07864492727320;-8.33641831827621;-2.41648885480705;10.3407397918411;-30.3695416379484
-42.2217775417676;-2.96050751114562;-13.1449913640950;16.7923347082907;7.22294734509879;5.31618833142066;-10.1079913956183;0.698720555944990;13.7909455748363;-13.6485787422333;17.5934709425035
48.0895295420992;11.8193657583240;12.1906676886992;-5.22428615033482;-14.6577670103595;16.3374566011054;-12.1871059052249;-7.37427628426805;9.98467735283500;-11.2262582444360;12.4534301096928
-2.60214492865672;70.2263949357204;12.6117353927843;2.76631141176617;10.0806394537331;-9.52648597833114;-10.1014600965922;-6.51967019277836;-9.51563816442322;14.9662757626751;-17.1169114304557
0.856748408248256;43.1657846829799;-18.0869884348682;12.9291824699440;-13.2985175414066;14.8869313015486;-10.6765051780084;0.679125966875230;-10.1887480657534;-9.68066066634700;9.35249491001598
-9.20682703554406;-1.82345446649523;3.98425574130570;5.06368768070195;18.6407121797436;13.5244477431312;1.03487120714023;0.228802393458281;3.46448332920607;-10.0423840829295;4.23641551148293
9.99913073729034;-8.71997303464024;-8.63758707412923;22.5566351195980;8.69665569841135;-18.4847853501470;24.1172189146258;1.97394451892577;-2.45906756334934;8.15170417029256;-12.4956923138434
2.12774808906608;36.6822251900441;-0.920667893083795;3.51109644356959;0.832622499489600;6.76146427091225;7.57445774810408;3.98002599182420;7.09057524490027;-12.2986841440528;3.99525197053053
4.55612104030810;-4.27638119506169;-8.46418486803876;-22.1206898940125;22.8579560455922;17.5472339986684;-7.16264811539675;-3.02709166645701;-4.55026102375650;7.58911926567930;-6.00426248604436
-12.1099885470177;3.17198807285099;2.98247770417808;-1.56809654823646;8.48261723178288;3.57545370738234;3.26931239466490;-6.64391664139600;4.26558740242022;12.4946349933946;5.91008695972463
-1.34086084696597;-121.873307322864;-16.8660897229092;-11.0452056345222;9.29222959737300;-8.97666535262411;3.57286144236267;8.62654788027720;4.50266610374877;3.42242914631467;-4.82434040945632
48.5595724862792;21.9957137692270;-5.97519188332295;-0.188606954167774;7.55407443059902;12.6381964755327;-8.72090570160092;-0.955178681179287;6.08886093244594;-8.28115285900512;4.54120598026990
20.1505578586078;48.4479657817605;-2.48553616295150;-2.04575025544486;5.74757831652919;-23.0195813907053;11.8814117920581;-6.58746977416205;12.7524893721468;16.8723078932288;-6.71349892384681
16.2799928197626;18.5546833148119;-14.0643455056209;-8.29896599408154;8.82319087429818;15.0067285311264;-15.1518541356029;-3.91872288064722;-0.852927856690265;-6.87054668591463;0.636916076796652
-29.8771919448184;-16.3953435537591;-15.8907146510123;8.00491592694676;14.0304176107194;-18.0056838213346;-9.34406967014932;3.36949894138966;16.4368538228440;-8.62991529969014;-2.89882895662922
6.65250007127104;32.3369920695470;-22.5289666013087;2.57112312026015;6.15835684517278;20.3685857578122;-13.3194916130180;5.51097820362172;-11.1859940232388;-8.31595146388825;12.9852057524066
27.4029674786805;68.6869211229085;0.846624365438112;-1.51514132357126;6.65063145113780;-13.9742008761631;-2.68004357581087;-6.57957213076277;-5.71217800193056;-3.05573530397848;-2.46014865140363
-62.4854049126316;-57.2197997659716;-34.6622418238357;8.27173746861483;0.889967510945428;1.00172956796852;1.35678941906985;6.99849858753280;-2.35165788056853;-12.5164908195333;4.48932283064001
72.9093055083602;66.1842391592938;37.1980493967416;-1.44465771609680;-23.6822880543139;-25.9933936054218;-0.0318543529444240;-8.13028193628501;-11.6430646970452;11.0176941794445;-4.91005770519342
18.2113842835041;-25.0116866396701;-23.1842431746377;-15.9495313477246;6.45756131501595;22.1524110397147;-15.9827363335188;16.0866648147916;0.173704762324088;-3.71981216398239;-0.256470173787958
-7.74510069225306;66.8355670295032;-22.1216789124931;22.0949474943035;2.77353243218286;-7.48036059881762;18.5736555711912;0.677178501710882;-3.05790422208831;-7.19096706678533;-10.1247024326541
-33.8073819641014;-75.5758346792850;-7.62885451424863;-25.4718858289418;36.7206272498698;24.7993349486733;-7.46110000872734;12.6385715018225;-7.36333086202207;7.45763485001348;16.2515653766636
-28.3598709542517;-47.6886897113904;-11.6737689282403;-20.9824035676175;-12.9897256416131;7.39585363412334;0.761628371975926;6.95039955596320;9.28576790489135;0.377193335931863;3.36903882329227
-80.5367235533935;52.1214850163757;-47.2958517572090;24.4656952059335;-0.772719630119828;-16.9744306562939;1.43437091692961;-7.61946176955700;5.93223043399281;-11.6571781228373;-18.8109187757990
19.4956773146025;41.8764385228768;-21.3585296774148;7.09546285097431;2.97544566540594;14.8802289619744;0.375576997144601;-2.06001331210859;3.77695722517693;-6.67758432824779;15.4000238991251
-72.6016368535073;56.9451730358590;-34.9734849175157;37.6606371193669;13.5542852254878;19.1272550034646;5.14059985713260;-3.59800340156449;9.68224253473441;-5.75125810490143;7.29857509456172
-1.63154930684590;-78.7732569851486;-12.2485071659171;-18.3076975956491;-5.28268749144009;20.1884008334205;-4.64707179197313;8.15989252915263;6.82379089390284;-2.49084960881180;2.62139169718110
23.0791000124721;18.9689866778085;-15.9134337707715;21.1075633412697;0.875451777659955;5.68744804737988;0.688534607429481;-7.92986453761011;-1.91448662395489;-2.39928931732104;-7.79265797866326
13.6520866392461;-44.2856754802673;-18.6209430827221;-0.949087852234750;-26.4113106677242;7.72881757915980;-1.76550746467547;-4.03129118969973;-2.00630346664974;-1.28964108621641;-1.50611092819568
6.54167314937239;-55.1018998457695;-31.9334973571791;-7.41154637312991;-16.7535042772423;-10.1835940204735;10.0308329936129;0.125368443295258;-2.40980166108443;-3.24862482250541;-9.03596443209363
21.0490137055237;-18.1542196611381;14.9137965888389;-1.98403337050157;-6.64045911198063;22.2920401654207;-7.31982266395919;1.40130313335886;-1.45565919851631;-6.30427602930256;11.2056515731295
29.7288216633383;60.0997704336522;17.8438225487581;1.80170967402057;-3.58378630476800;5.78775628974835;-6.27517614916449;-4.17440634444574;-1.94654669522620;6.06857103810945;-4.66788996965716
-9.32845794792890;70.4524178788600;-26.4576043589820;17.7796981434063;18.0256244413947;38.0915688097530;-9.32679314466746;6.02010836578793;-3.16807841161830;-3.02620475265351;16.4810235823877
0.925248648259622;73.1243343341079;-2.45077414124479;1.82889157114549;-3.86740915765308;-0.936051116190354;3.23294029858279;-10.9255731502447;-11.5861560918887;1.83038555830246;-0.229311228358921
16.3129858428414;36.3297361239034;-28.5852494966539;3.76253956190658;15.0810775144223;8.26318960213983;-7.65880724714033;10.2043885958698;5.27535185734587;-4.10664834531011;10.8454424958310
27.9270005424978;-88.9077163344700;29.9931092218908;-26.0732085318287;1.10912790170105;-1.58365924898260;-6.89322892736865;5.57148666527827;-11.7674179805202;13.3781319307197;-12.2058379519101
21.7067928470524;-32.6782528406735;-3.12441074041705;4.83330358083563;4.68961790866389;19.3036278503765;-11.2983677782802;4.07309548542500;17.2742744645355;1.85820295699258;5.41375284013719
-41.8098430481220;59.8869190511672;-26.1914754992043;1.61590405503557;10.1804995599260;-26.9622924936799;1.34053556490525;4.38120920227905;-12.4586826653367;-4.02158637367406;-23.4227483985320
4.80276812249697;-3.22734022085186;-8.58156516637798;-7.96134451510092;15.0140332508007;10.1700931083540;6.92982521430306;3.59860828849327;10.5861925675030;11.8421989852368;0.854547922241175
57.6495364845878;67.9975326741160;6.04707753570104;-9.71990748157804;-24.5638803215217;-29.5257397900798;2.51987272450168;-12.0219712381542;-2.25297353755654;-1.72524371602010;8.71608038376295
38.7000654691361;45.6613427842802;-2.40992251653298;12.7379923006082;-1.48884691594142;-10.6561077681496;8.59096987124840;1.98521349697883;2.33628047547921;-7.55833958697572;4.40814364711464
56.0915216237900;26.5420786764857;16.0139137051727;0.295586877423323;-7.60103070915878;3.60210514720453;2.09869458933015;-10.7282788040396;-0.118719700780904;-0.455092692301384;11.2328750783468
21.0255903474399;-31.1765469682143;-9.03591649489152;-16.0230759186822;-16.7493644720259;4.41609824095204;-11.2127924147013;-6.97490427220843;-2.84453328574817;2.18488207245292;-3.94835585625297
55.0158403602879;-1.39868884017896;43.1167698344689;-9.57620565401097;-7.29554991609722;-37.8624471260405;1.97435993144291;-6.26165675096347;0.721190455850115;14.7028324422513;-2.53934672008639
50.9106187696948;-0.857148254149958;29.2418864255645;-23.4127452000311;-18.2623029903459;-26.4635389081124;-7.26197744334416;-1.61381345634636;0.745636408707805;2.27176495267157;-1.44884590174254
54.3588289015746;23.8063603389811;15.5165583973254;8.99708065654067;-1.05007165380647;-3.19432931028186;-6.42713031754742;2.82496303400339;10.7559981151963;-3.18035616479480;2.27376640060874
-32.1353031522917;-74.5303139435679;-20.0767833102430;6.74952715059818;4.43597167266861;2.05778386993946;10.1966410271805;12.5262847342158;6.29498371007998;-2.13846401630681;-0.0225371333471627
72.1609267654955;92.4721881604225;29.8854079291946;7.44260849026245;-26.2285737364268;-20.9982957844068;11.7303242749027;-15.8720811003086;-10.4703060510362;1.62270554934799;9.86645956635083
36.5152646408815;-19.3217017762735;-13.5738255114381;7.32747660707646;5.51578421331278;9.47014263384593;-0.654004492139818;-3.71505193492631;11.2817555612801;-12.9294028283703;3.70212401490034
-60.0874611704254;-6.32312342517547;-38.2098313563842;33.5966517063141;0.0772446100094150;14.2364486374593;14.0203411372107;10.8223784396429;5.60149728199855;-13.3377230788998;5.44127286049434
-19.5431052843566;-6.28531772726832;-30.7115823788241;5.30174232910117;-8.30984269515145;34.5366194241820;-7.83475591518888;-1.80055703351207;3.47290437607054;-6.18813328569486;12.6188993117488
-33.8564445639450;-21.9205141665531;-22.1648170674385;18.5746802826148;-5.13093589988021;19.1943822305976;-3.45730164209313;5.24578343052704;12.1406935818881;-3.72830384570263;0.608404278531197
-6.23826702075681;-6.81460121714754;-2.30302116824667;5.94644276502985;-9.63431544790985;35.7196537804180;-11.3911315247258;8.43746816066494;3.51143692976066;-11.5853058018197;17.6159356794147
-10.7744597030325;-17.8333616287170;-2.41242115961914;-3.76061748664716;28.5233081764082;17.7486633395506;-8.47558117508517;13.0436718308824;-5.31029413852604;0.927135033752491;6.25558477644552
-18.7418837571888;-49.1792242261721;-21.5563198841409;-4.59504200264168;5.13652382480703;-6.52189459636074;6.34849273628417;5.37939764427355;-1.39539721533920;-10.0368739377037;-3.85385030500481
-40.6426658136857;-65.4582525669833;-18.2768239641150;-22.6219210667290;-3.61817033140366;3.60324445155515;9.86370328280145;8.51607813938610;3.14142161841814;-4.45618857805940;-0.0800145699320517
-37.8605164862516;-19.7720098069703;-28.3249439152015;4.30999475243593;3.22708686562733;-11.6969616270906;-4.99051390154054;2.15279230119518;5.19064364791775;-7.58925911036684;3.93279229240502
11.5755258063479;83.8342702372218;-4.77523620234369;5.41373530195845;0.347723741378767;-32.2499269898126;6.51407233712284;4.09430053142306;5.53771326449143;4.39217306402361;-7.92681527869236
17.5638754452282;26.9115900935568;-14.9000076208349;-8.22837159688903;-27.0118980078512;13.0207287087627;-11.0727495189998;3.99219491564870;-5.50147525621263;-2.18047247674294;1.51527799217969
12.2009386410910;61.9493054640279;32.1118521056200;-27.0734513501325;6.61595134209081;-21.8847524367206;-7.34228704582104;0.295015819386497;-18.9213040252095;12.8550157115096;-12.2643095742325
32.9825070377853;151.499107734032;-29.2706542250597;4.89378813819968;18.6973554973752;-13.1526093708280;-16.1393414782423;-17.8345243450582;-3.43340822621652;-11.9892126581407;-11.8074756385923
-25.0268147442014;46.2760862135438;-9.30853332104888;13.4911271532569;-3.38713185981452;-25.4400420931929;3.69516387316456;-5.01189900476685;10.6520411367976;0.503285477155591;-11.0920709823829
65.1838302292914;-27.7123160371152;35.4971231275793;-20.4278696685649;-1.58874409894986;-11.6018520627406;11.0430389151797;-8.45191177439998;-5.70796900898252;20.4989993842122;-4.07502723984382
-60.0884331629297;-37.5084342198935;-10.1548164671836;-28.7894076964238;27.0746810949792;11.6416650776154;1.46545676760538;6.03952257844554;-8.77009529145678;-4.33104264376089;0.626223235059415
-51.6258054533685;-100.450733795691;-21.5810391156888;10.2530485393533;-20.3725925863326;15.7346028758405;-2.87324096183936;6.49135086527778;6.61844580776498;-2.24264979354983;0.478345487465996
12.1745784703184;-67.5884666593222;25.9690194968293;-41.0918803365259;9.86181564328750;2.64209002458184;-9.11482739002397;-11.3638670756618;-2.46558784468397;19.6799218013569;-12.4414588867119
82.2067485502649;141.315853552825;17.6929670056200;-15.0075715925869;-4.45748312609101;-34.0793199440903;16.1573391186612;-20.7767443155589;-12.8802687756095;1.33271393464569;-0.0671265522895284
-43.2887118493073;-56.5007357559946;-28.6871968886086;15.9039530492189;-0.359919615550617;25.5898166011522;16.2221461087173;-1.12678951192748;-0.584876669830529;-0.684667469855870;9.77677362810440
-43.9247318853733;-34.9002351040920;-47.2943315163274;1.09500493977766;0.135032073006484;5.11466436179998;14.4670494297662;8.12629220207978;3.62432106749274;-10.3611306995181;7.18053369244399
-51.9060750171643;-38.8968471898005;-17.6232901099954;-12.5979027026415;-6.47541098047443;1.00342904336241;-6.76333251716312;-1.75086279851411;14.4638375821959;-2.13314138046738;3.45324193255761
28.6175439772315;114.617735653572;-0.418536435341202;-6.34709704205126;1.38551800915166;-20.1144926666566;12.8372203402900;-4.66900706038349;-4.92101483715937;-4.71947855835336;-3.17373596983284
39.8521977843827;46.5071798160274;18.3800799645062;14.4589889798873;-7.98646370326133;-2.51775054848628;6.26522304504804;-8.01238383362093;-2.86399013662282;4.28831039036636;-2.43529991600863
8.90058329705530;27.1623827334711;-15.9836868180746;2.75610677133233;-6.19854288819589;12.0584773090405;-5.99364688746741;5.36906487419113;9.21398267638642;-10.6603380435825;2.69522062987703
-6.22256539843263;98.0621729637899;16.0306198427131;-11.9007965480327;12.4944831298933;-52.1684165652594;-8.25960602376718;-1.08546314882341;-6.67146398582062;-14.2928647439076;-18.4137895117058
10.8046356963115;32.8757716789189;0.974938813319630;10.1589814393718;0.161073689939921;-1.11234863401751;11.1804495158954;-3.82060569551592;1.41429724903025;-0.124604123334154;-10.3886852800064
-17.1008499004363;-54.0366090474860;0.104284887151621;-24.5723344909711;6.17861179900434;7.87998275134181;-1.39850073847234;6.51319449092937;11.5976815414341;-14.9314509906737;5.00984875163055
2.16513324334887;-32.7596738102688;-17.0227386541995;-0.482881449122158;-0.416843929363166;19.9205851798027;-0.200472825140356;3.93109032963717;0.702129778736301;-8.68255660446901;0.126963986549029
-13.7930025537364;57.7024472522841;-0.427916653340980;6.26432789099925;15.9633764733605;-3.14502891464995;12.4217138913740;-5.85189012269855;-4.32663692573907;10.9203345940398;-5.49471561802503
-51.2589960915136;-57.1898845744638;-28.1559029535873;-6.46964916951132;-7.24567656415428;19.6036048543629;-1.58192429221820;-2.94007918495696;-1.11088826415867;0.224537291173800;11.2636812041884
29.1548279619440;-23.4124875790157;16.8176632575940;-6.06102872205137;-25.7676055850578;11.1592166676315;-3.21416925480658;-3.23638156586349;-8.81600032841208;7.94653921734421;-1.47427515156928
-53.8524309768510;-20.1375337392266;-25.3990250846590;16.3074508803776;-13.4102055352234;11.9102503093658;17.7766845050318;-6.40096744688627;5.50291259540285;-8.47449124007494;-10.4091711810951
15.1978730803040;142.461406934936;-36.0777421030183;1.86761036204658;10.9832085909240;-20.8683020210069;-5.78360085867517;-10.5236032114495;1.39758041547678;-8.73810479754587;-10.0902356704322
56.2245254159390;77.3557344265608;25.1196603705694;-10.8444577658065;-25.7486467725758;-6.73749084298186;4.90322459281575;-4.35405798883840;-5.69874350106714;9.64324770374467;1.48931469710701
46.0268482813879;49.7359555018996;-2.85538129604202;-3.63062101353539;10.6008189693049;7.78941804294161;12.9995157660109;-3.28476322736302;-11.0384351182284;5.57964324753916;8.55362551792807
26.1626331953580;64.2051432541322;-12.7229117838589;-6.61515775877034;2.93489624132976;8.49578962116760;8.58859439776484;7.44345177202266;8.85004363242691;-10.9942072412447;9.65932203008685
17.3388818684698;26.5899134053591;-9.70590367591876;-10.9782624133237;10.4776185564069;22.4277244226323;-11.1105912575580;3.94716517713026;2.38693666226219;-0.133272678245901;9.00353474451382
25.8937898929087;22.6896437405295;7.86891149176964;-23.3943096183286;-5.14861605115010;-19.8878702198546;7.95084933110482;-14.4880925630884;3.40352136062332;2.43572595784442;-8.78565261653318
-3.78681372512336;50.1829211908456;-7.45518785567231;-5.98601177756593;6.40208874015537;6.62670704772997;3.14687469271102;2.87038364612127;13.2094394758118;4.36670802050972;11.0110579819105
38.4785000306831;13.0386065760177;31.8097781536230;4.60513703494066;-17.0758841424329;-31.6814187157637;14.9494360386523;-5.84533204541202;2.69307857172177;4.39472155225142;-3.85922643276144
10.7143821103594;26.7115686628777;17.9082771900571;-8.33951814982711;10.8975083879738;-8.85686231619626;-9.58422457779130;4.34097042860074;4.62489557249190;13.7954630831390;1.99810605880523
-1.05479349990903;-2.47906356398223;10.1264292165270;0.891663677814649;0.894735960191050;22.1277846993984;10.0417016497418;-3.38743699041661;0.835600551998959;-13.7091991613675;11.4457406933231
55.1510695654624;72.1776542252387;17.8684783758062;3.89073565361579;-18.3506151408677;2.47150546111185;-6.05785743204691;-5.53542869941825;4.61367936427499;3.57567709347192;5.58672661859261
-11.6517568332759;99.6170604154467;-21.4407077166788;3.64439609435632;9.36533901972463;-26.9128163093678;-8.36048264376752;-5.64978571719878;14.2949830632441;-5.03067728026885;-5.22540789660322
-0.755292848657967;70.1602343211970;10.9118322387597;-3.23193576810495;16.6490900395339;14.3063420365018;6.33737321504041;-3.64450726016639;-5.07913998367368;14.4570946383253;-4.85130057695644
22.4248186137874;53.0947558793949;6.38860894426083;-27.2853989234738;14.1316795754362;-10.3024383301373;-6.39035433892816;-3.74432897194643;-2.12000200245210;6.53772729545637;-4.39601164609098
50.2199558057012;45.5279773214283;45.6302283355093;1.08577430317195;-10.7014443311091;-20.0112756752981;-0.599640437207023;-6.77320840634243;-11.0528447557373;7.06549031756180;-2.79599274188692
-14.1334997535527;-76.8488095727191;-26.8185538122639;-3.00004147891835;-15.3526539418794;11.5736802740934;-0.767875279954634;4.75904965313003;6.62894352106738;-2.16014555672945;3.27801185213030
13.2928291306008;87.7242383261803;2.01699430310947;4.56611195118720;-10.2110222116417;-5.29831752547547;-2.31258469504908;-4.34114552437457;-14.8498631035792;4.85899101824240;1.10658383039381
-8.08808047982110;4.38933633914505;-38.1696913017898;20.5957703377405;4.40765883958061;6.67332108231953;-9.96953439792270;7.36018859690786;12.6156949560059;-20.7666920751025;5.50435977853738
2.75813652950842;-104.544642459690;14.8712726635713;-43.9675298893712;6.80740671387445;6.43069782693581;-18.5402185707947;3.06112660124054;-1.59978671075578;6.07132775447592;-5.19878091005513
16.0859175874585;33.3962921329436;20.3536081235828;-4.41265356320480;-6.89771255098541;-16.9881821567724;10.6732822292007;2.97765303294943;-13.0491254902027;-13.1136588837474;-13.1436190813939
23.3823526193682;57.6553438983031;-22.1964772642301;0.452445470768471;-4.91188708691636;26.9523039902366;7.69826379139435;5.60016513789441;3.89031858740367;6.57157085465575;13.1171549383657
31.1471264099558;46.2053665801240;16.4686825589306;14.4572058762977;-7.22475258450442;-16.2440465930291;1.55166256141117;1.03486958114503;-13.6434485362729;-0.499533843931575;-4.04662647685307
26.4979574916658;9.82274070556631;7.54243846119856;4.55808908081292;4.88785557161405;4.13720808437421;-7.59743211088694;6.73539364895924;-0.564228080236727;14.4779671085060;0.929608559203050
-17.3299343737906;18.9526532904962;-37.0847997800485;17.7938851259379;-5.36365564884060;-1.67162655529277;1.37893021930168;-2.37111699513138;5.16238297645046;-4.08560315519352;4.57256449302117
-79.4565571025420;10.7509717514358;-37.4362058726542;5.31233928323596;25.8298950391146;-2.04862176285595;9.79672524602521;4.74041428046599;17.6549989526103;-8.12268078156585;-0.755592017101274
13.4264645361206;28.8851594154652;-1.08744922876925;-36.0250996643397;25.1997198464296;4.87659150432433;-12.5228881596251;-11.3064789143479;-9.84115342252544;11.1163390145210;-5.02605055001365
-67.6229013725696;-62.5314843015906;-25.4823750539543;24.4006169365942;-7.03171426278046;21.5490155959361;-6.09675632903282;8.82534327992287;6.94441849299761;-2.56463565643727;7.62714131867809
-16.1192221498872;28.8962578223524;-35.4008510374670;7.66889839265516;-7.65506808937179;3.49946294634225;-1.96650441029249;-1.41950989790398;8.35893266995479;-10.7571821762297;-1.92242285165191
35.3548781577971;-54.7480977420350;35.1985965872928;-34.7744798302679;13.1330525465987;-7.33119804750068;-10.0404049174066;-0.0543916073946374;0.0956844002254564;4.05125786778898;-2.17923978797730
17.6258575534682;11.0678704235754;-3.34075484206910;15.7065216229394;19.4031877551326;-18.5469482143177;-5.72824349545277;12.3398586106226;0.789343050115838;0.620315674085466;3.52892780577236
14.6306765801367;95.9501739666739;0.520402187415673;-5.56805543201138;-10.9703576749939;-18.1827912682417;0.210818217471186;-4.85114792472590;11.7296215361599;1.57430663251565;1.51251077892553
-30.9091271093726;39.1347712765630;-23.3308125063608;11.9107822672527;0.0408989888043053;-14.8050684339535;-12.0176644134560;3.40777008332354;17.5888556526504;-20.6198932480068;9.48580512106854
-53.1580187693855;-84.3786258356066;-10.0512106272395;11.4084981211600;1.31053949235640;2.84165771525066;4.65366419952942;3.37290317767711;5.90966766567974;0.734279933812882;10.5345497296842
-53.4403128312394;-158.574494149495;-38.2308588285426;4.84224923951281;10.4628432806166;34.1139029677441;-1.20359919476897;12.8626818441449;4.54982471340650;-4.12779457490774;8.99027621674441
-43.8945963319171;-16.7585522062572;-31.8387611124677;-5.97029810297826;-2.75134609088100;7.92919821942603;-1.38816780143020;1.11173621253007;-2.38440196337969;0.358369903271391;-4.54900820433348
31.0273219410128;69.9389345579920;22.1529590059993;-1.45299397300360;-0.843104717407118;11.5646628472740;6.01945581083084;0.478329925211507;-15.3912353822294;9.30434554016237;-2.54753393956595
-14.4177978687230;-10.2029057219967;-22.7388269688719;-0.667381525487784;-17.0251526464120;22.2878447106151;-1.96453681432093;7.37059339418160;6.77723270925875;-15.4668091077225;6.54320230790509
-23.8143656654920;-40.2796446040950;-17.4989557605879;7.91472436649109;-4.44515058357283;1.48468664711017;6.93359911902754;5.69857890526004;3.52086226287040;-0.663902733569787;3.00374325578344
56.0131524591315;-62.9741018449394;38.2661109399890;-45.0937628943686;-6.93886956352734;-30.8800013380282;-14.2011050242719;0.633959912769906;-0.664861897575913;11.6958843164434;-13.3113628180958
8.11224550083254;21.7919841448316;12.2953396978624;2.46608204977813;4.47911517892878;-10.3505863388066;-2.83617624271637;-2.82368224237296;-2.52975118729182;0.528479039746676;-7.97091141539739
1.55509552073460;104.023854267641;-26.0138800452541;-1.99796471472233;-13.0790271487502;-30.6867438777297;5.48405971672498;-5.38258781902496;1.22446315830787;-12.8508075848498;-20.5487347780997
9.82351081361104;20.6220888339178;-21.2642220254790;1.46126763611301;22.3710923055257;-18.4418438358336;13.2802438339125;-7.16634421505841;-5.64248838875200;-11.5126099339211;-6.21706722405083
-33.7435229166898;-59.4013417860826;-17.5674217287335;7.42697227095613;18.3491713040317;26.9949594096673;0.408339270082813;-0.0541578232663823;10.5457106879109;-4.03332356516161;13.3075131931228
-31.4074746044989;54.4226245545110;-26.5288877608572;-4.60198315365826;19.2477812307761;-9.77102977065431;-16.7236045898295;-3.20505233015101;11.4342862872009;5.17561427942379;-13.1306512841206
4.38906345205418;-85.1342035470212;13.3452106671010;-43.7511974318565;14.0756611503348;-6.00334732974821;-18.2541890970071;9.20227254597763;-3.46210592404556;-2.63946607154989;-10.9111598147547
-19.2490395093171;-69.0265756686083;-12.1248980082197;-6.14600462169437;-9.81419888905489;-8.34834806429874;6.69435132970505;14.3244893292473;-1.21735837521609;-3.98804159502746;-12.2754874443554
9.68237946829507;14.2634120704436;33.3833014541800;-15.3302497080573;0.693412852135783;1.77549467868952;-10.1384570567288;2.93429375309793;-23.9277257070450;4.28159212540700;-6.41866143150921
31.6263052705565;7.21292444158224;8.50377919453901;6.83986987873255;-19.5975788446625;-4.48581141946018;1.58793809174098;5.04390183556417;3.78759832693682;5.24618640898131;7.70330247726445
-8.21960552036806;33.6494850295889;-11.5899447562182;-4.84213609073854;10.4070709586328;9.06522338100277;-3.38446584894205;-0.00926438260209739;1.72973484669394;-1.72073961943767;-4.19795220186488
-48.1197294392438;-94.9211521122230;-36.8703435248436;5.90414537760457;0.743933337647107;20.1936255778081;6.10913623116163;21.6325619534877;10.3642572622417;-7.58219603642255;10.7779723045035
-15.2894300128583;-40.6736501856623;-22.2347447472802;4.25678694349243;-1.04484515827661;7.81904162206279;0.380540616153804;3.60235671038650;-1.48804809486181;-2.47666384456870;4.27836087075533
-49.9946230486140;-74.7632963608000;-6.01335185825216;-15.0525638764262;53.0588788081954;23.2006788364953;5.13934084003441;-0.210363883456224;3.56978173461509;21.1530787612077;-1.63983563961230
-26.4568876257189;-33.8602039191649;-18.4204342364035;-3.19732930785657;-5.78969464421095;-10.2938047558204;-0.337652350180101;-3.18415863720416;4.88150634980186;-5.00354465363817;-5.53848018466297
24.6075715124523;14.7052825137521;32.5649218973711;-25.3788755005365;-11.8478033628781;-2.67209016079256;6.51571738439910;-7.08811483251464;-4.70269729925791;2.39311246564745;8.25117499471906
62.6579481378512;115.180005094564;15.3926504362853;-2.09580404393099;-6.86876158543201;-32.1386408557613;21.0352447786221;-10.3386179385714;2.11356067885457;8.57915756778572;-6.09302666529295
-33.7131112920604;-19.1679230941951;-34.5529466639502;-10.8818562246804;47.8481921872038;11.6952589377335;8.25009397581773;21.2717656550766;1.58341955444209;-0.758150802770851;1.65616711713030
0.938559001863339;-16.7477707917655;-4.20357025946720;-5.75627638247352;-11.5401517201234;5.00504755634572;-5.95276461006815;4.80170661741242;6.77655645252109;-7.04249032738231;4.60163904655231
-49.5938996657533;15.1484940430781;-8.25803139903501;-4.60027005203079;11.3014872523714;13.4724446792144;-11.5854125684307;-3.68590376982078;9.67052863718277;-9.84840223181221;2.53272062327720
-0.504693373144095;-44.1710409127787;1.45658466335988;-21.3723910022383;-12.3486516012377;-10.1849315568468;-10.0432644760640;4.19276579578544;-5.74341819578285;10.8412703374486;-21.3422914528250
54.1623111142151;174.326055375676;-7.07308279851783;-6.04252129738513;18.4076925033193;-37.4231088797153;15.3876067474826;-9.30801282819848;-11.8350018975491;-1.61656611788821;-7.67318498258712
24.4347195861982;-53.5541101771536;24.0024290642622;-21.2419269183582;-28.2104391633672;-18.3565518065581;7.69683054167479;2.12938783071219;6.81684569103632;2.00718209843944;-0.885485752236051
-64.6893186552894;-107.301418849266;-39.2165398303546;18.4565595556845;-5.67264435243185;-6.57857365189033;9.66822692115245;1.78219868544688;8.30071808435667;-4.12953622830978;-2.58089417658381
-36.5188061888043;-19.5622166223987;-8.75732854579685;5.76879726627194;-0.439515877025185;8.47749407884096;-0.337529431571746;8.77923772315458;0.474811168298254;3.49237630984898;-9.47794713395945
-92.6995512386371;-15.3362882864803;-5.74820747538036;3.54231499966606;48.1087304698749;32.4087357558920;4.99440008866332;7.12226232173497;1.42033037613668;-1.20737871976617;2.29538051885755
-35.4131392886789;-156.644724441311;-6.22105312321863;-27.4656265836358;27.4844032208377;16.4495276322041;4.17041816670495;10.0228375018975;-4.98410382844434;-0.770447946794583;-9.05561482335699
-4.21254326976581;22.5802123696690;-0.549818640062460;-6.96482181493622;-7.69759131663530;10.1162067205340;6.36741961426083;-1.77388617405240;-0.728940858999142;5.42091540160999;-1.21413557710217
-4.92418146637341;-104.925539812259;-8.09951210973838;-21.3149255277334;-33.8715903284062;15.1131028859479;2.14651234246424;2.57923425609686;1.23059336356301;1.46577155255183;-0.373290029179208
27.7628799555823;-85.0452017173382;25.8926985177739;-29.6905334495158;-3.00171793796066;14.9446662210697;-12.7646549299844;0.795501266084510;4.61579463037173;4.92726304915830;8.02987232949780
20.8744912767946;111.087246430973;8.49647883775221;1.18780603222388;-3.13356381487344;-10.6865598159757;0.457334447266526;-4.98863837161077;-21.2192272608856;6.52619945530100;-6.12687972071307
67.2893974500375;154.930154259349;18.0489274933004;-24.0554701372110;2.22043261051453;-24.8955384379553;12.5348012287973;-12.1273228393635;-14.8620234299689;36.8902815229150;-5.05593857029758
-36.9221080462670;50.6682987409047;-2.02673524962837;20.5950709944051;15.0461375715569;-8.90390962213349;17.1405647594433;-4.04491090663672;7.74261589120643;13.5861951332005;-17.4414152810722
-32.1329018148434;-113.598897271052;-33.5753228417944;27.0401767219611;31.1278850469671;27.5087498690082;-1.75328952810328;29.2398497670414;1.29488859086713;-19.5186888967477;-3.42351765880644
-82.7776303678508;14.4413049569023;-26.7085044049131;21.3591612868022;25.5121792074896;-15.7028500766973;-4.03643229970151;-2.05983245090639;12.0788284127211;-2.72503696677452;-16.3520201485271
-52.9207780842310;44.4014673900575;3.71215001129988;18.8166245071029;-4.74917220603069;6.46475157966791;13.0535688436120;0.134522398553117;-12.7041196076268;0.329317608421798;2.36030174907225
-42.0113899255609;-95.4127619655401;-16.4267083312155;15.8124875373332;-0.906756540986898;27.4202523188288;13.4486515166873;13.6384369488451;0.814859016937402;5.82272511632930;13.2842984686114
-48.8039911125457;-22.1944830677463;-35.2464422030194;20.2033381953144;-2.53295291889903;-28.9375566138442;14.2958942887010;-2.41097893444429;12.4877420060680;-8.08575661842165;-8.93096139228226
-9.13095367298245;61.8303070674222;9.37785569685472;-9.17999274595889;-0.163007443094718;-27.6661404030573;-1.98158897493812;-8.90847875949868;-2.35330459203513;10.7908693939050;-13.7407484203158
31.8555798696085;78.0414641085338;20.9020955375053;-11.4197012915000;-16.9123593742871;-7.53276971579297;26.1344149716201;-5.59853679403713;-3.20414707633601;9.20680120933251;-4.82792331813529
-36.1269581466763;24.0224942311503;-10.6274478304749;-6.97431831116989;-2.69138423696775;-10.7261099863685;2.01066087966514;1.69714167529267;10.6629523087514;-26.3429863643636;-7.04823457495364
-26.1938027771576;49.5229171667194;-16.6021584432369;5.20864014741643;0.00320370082267936;-0.447720086049601;1.65640903916131;4.98910256400813;3.79246030777894;12.8482600008262;8.51335631799379
-6.74788585286826;70.8011308050088;15.5954017819627;-4.91228883839826;14.3419203697385;-37.5761822013149;7.16304142471025;-1.77185047010406;-2.95625511248330;-6.64984560976315;2.76374952899693
-2.23873487018663;-2.80566152264270;32.2462019848073;-15.1985833060645;-0.817039278861920;-2.16312674563401;1.03071979722505;9.46063581439696;-11.2621339289543;9.10322265105238;-3.09727725258017
-43.9851282540025;45.5166833945558;6.35454857023392;7.90019339135179;-7.42445274921866;4.77073183493573;16.1769910696445;-10.3325514533250;-2.44587329074405;4.09317907186326;-3.17360193316701
40.1234387385203;76.2781793660801;31.1816370343272;-0.524755753306579;-6.38285746662931;-36.2396820264349;11.8886151735447;-17.7059338773078;0.670307180539142;-3.34357161857452;-5.95290894867797
40.1232038866380;19.2097268845857;25.7319651152056;-14.6807756788754;-9.93689204148224;-16.0160431258911;-3.67573003716740;2.39813769355419;-9.62017781252671;9.70051976705520;-6.51590166761590
-3.30408090400370;-26.0904013330284;-18.3645348040233;-4.86300125391955;-7.79761678409804;11.0215910930336;2.06258684540662;3.45331497186996;-1.98000712804441;-5.44747805275819;-0.496722985597035
-78.6856725041986;69.7613919863660;-31.2436825908453;62.8935559806650;7.60672501937453;-13.5352070755247;11.2015857730615;-10.9896225999194;1.57516456984121;-12.1248243264564;7.26278211916238
-94.5304804152065;19.3132895751057;-9.75069900644122;11.2844287329411;30.4734658788310;-3.72882544300393;10.2015654688542;9.47138927920638;-7.08249809219506;2.53898063076717;-5.70327787638575
-48.1427210756614;-80.5759606185275;-30.0288588004230;22.8356989837634;-5.44324564673410;39.9250754265626;-1.07739696511030;7.71482692566891;-3.50779092484067;3.72931504490708;4.77183107675499
-36.2566673667360;-57.8514601820839;-7.85234417383536;-25.1297794800143;34.9105816134160;32.6504177442869;-5.05098167068988;17.9174485515346;-3.32631763778090;-7.88937068241339;-4.48460020534789
37.3604664981388;28.8430958678800;33.5836624417296;-23.5943586267755;-13.7494618598131;-17.0350277009079;-1.90482036144122;-4.01652605707513;-9.86273215172127;8.34429158184817;-7.16270190049637
24.2409212967517;129.751490991448;-7.47023025502098;10.3963016999162;-8.77121659468918;-20.0083447631966;8.81663393146767;6.78055190340790;-5.24126296375397;-4.73115885360169;0.206078005324541
-47.6338432681812;-20.1640917551814;-25.7193543309205;27.5986975750869;3.09301474051137;-5.85706633174870;0.773314651944604;5.95749400801916;1.85050305730488;-13.8387560539422;9.48725846050277
-102.531600424471;74.5238395059801;-29.3098285691985;18.7726409927698;-0.197915329536036;-35.3404412594848;11.3983468657549;7.97875481144519;9.79927867577188;-10.7946559718916;-20.6065487029356
-23.6195691173824;-130.407494323917;27.7694798053712;-40.5841124591576;42.5601265621355;22.7710183606715;-13.7298318765688;4.80690586925306;-4.57929731972086;11.7227313894619;-4.17645484388491
-31.9331946207556;55.3092952347757;-16.0224515560868;17.6010960257513;-12.2300924601167;-5.88051405454063;-1.02656080327175;3.81794094650393;17.1929377326691;-10.2331857488981;-1.66135869350046
-34.4253936287958;83.0324133120150;8.09645235843143;-0.132272958380115;-1.06969322805721;-22.0054203110079;-7.02070885137421;4.97357253212219;-9.22798674711614;-4.33830909714499;-2.58063223942703
-77.6914449380103;-19.7229781097540;-4.89208240001324;25.8592956351933;-1.81764326349331;25.9959218623410;10.7177512356443;-2.76468405288123;-6.94146933301068;-5.84979030182054;-2.00881529734340
-30.3246740474774;-14.3913246503442;-13.0411324991798;2.80543836311747;-18.3380647336625;27.1993768168213;-3.24252294338252;11.5378054978058;5.94892868356512;-15.0696088459392;9.62557924461420
6.93525368327164;68.2398854570529;1.63762035659870;-28.0343131764641;8.66508618851701;13.1773880100001;-5.71182623598913;-2.07729664139586;-8.74408515343541;25.4059448102997;-14.0866916006612
5.96382923546998;66.4161739283532;-11.0920489956680;5.52756952098084;10.0278749823167;-11.6439057321832;7.48279529818418;-8.67700508410368;-8.31961291957840;-7.73198112515324;-0.0570534154306257
-11.4550068648984;-30.1789201217329;1.20721620765792;-41.9775553908090;8.13415874182793;-27.4890693304964;-8.82100673903956;-5.84612787085806;5.94038539970068;7.08975126511210;-17.8414588316579
27.8451510662849;94.7301370511623;11.7117793933320;14.3542021181557;-9.93140737867795;-1.89409221329278;9.85855405995596;-9.53947096437780;-7.96177921771697;6.49631925677178;-8.18020174103795
28.1238679126506;141.659740366431;17.6078220570176;-0.895608424193956;-4.34150849307107;-37.1935038637848;24.5767529729455;-6.14591488406046;-7.33490585781774;2.35461122722051;-7.62156941145972
-60.5115914066959;46.2852879391576;-21.5439805583347;-12.2161509782247;-1.41219879884288;7.59457705462769;-2.58065186402643;2.02256616217846;-6.46636797562911;2.35266370893895;-5.04073863501212
42.3652633088343;35.8067233213488;18.4730336759662;-14.8006930519570;-25.0267027633108;-12.7580946763230;0.418133912672958;-4.67757956774861;5.42292982113456;4.46245698421434;-0.287680213384157
4.48941461212245;-0.0659016666506220;38.0751314014503;-17.6309190004084;12.7849599397249;-16.7031830772170;-4.97679894437948;14.0866121650051;-15.6824014990594;10.7687563905663;-10.2576778228951
-65.6520577374661;1.67501352097796;-26.5591804991724;5.47940962488962;29.1658937997463;22.8678175535943;-4.77511795916291;-3.73318052280634;1.90618236637568;6.99880184018658;3.41581172665044
1.96609332447108;111.206496377436;13.2162641298842;-9.02966481124864;8.57481115808783;-35.0790790533858;10.1211057665043;-0.931520519757121;1.20772108086598;-6.67238369384692;-17.5548590809978
43.1820143557924;32.4672923958617;25.3170719693658;-3.14972616301900;-16.2906093095841;-1.46993967413444;6.31465913246780;-9.86237552444535;-13.6208765973199;7.21391810223125;0.239932058454331
43.7124563357610;115.331626381164;0.851797228540146;-2.64621419966399;-3.97309362521551;-18.7566153999731;13.8456137813965;-10.7293276638123;-13.4529167995499;2.35522396407735;-8.78326545965951
-13.5189748301149;99.7357483393314;-21.3012589258324;-15.8275912403724;33.4937148620081;19.0229990287114;-19.6809511005368;-3.63755971333069;-4.17001494724545;-3.50396263631773;-15.4303502809918
6.00544386911351;-52.9345420076628;4.82978618568394;2.93385906469036;-24.6187195076110;-9.48148996273658;-10.4778756449750;3.28080013651971;6.69406425138195;6.10988467603900;-1.79479526392633
-40.9809567369022;-61.6853692404741;-13.5287577547421;-15.2144129814929;1.82937167130087;11.4407119367403;1.87430394326850;7.35971124983068;0.695157387181638;8.06415205063007;4.80059650453044
-16.2216819415032;31.0666418819359;-30.0575585764276;-0.630974508412301;3.98179828851680;8.08003311388111;-2.29464488732743;9.88076731087781;0.152999047293604;-4.11859550348467;1.51461414615436
-29.6680750064578;92.1544927680293;-28.9001010018563;15.7400618981410;-1.05239899820510;-11.8508381453046;-15.7170522652375;-2.05845514150425;0.421120271112484;-7.02913421140244;-6.52082927476857
44.4803492602527;65.5931617672705;28.7196550181245;-12.8490669529250;-18.4045318115348;-19.0182109742258;10.1656944097782;-6.60977830739609;-16.5396252271204;5.33288625674027;-10.1670261405707
32.9548275748148;39.4215897272567;13.6646786007446;-6.82652813549782;-14.6194112147572;5.80933886350809;1.99161861404446;-0.750352956999842;-8.55642531745660;-8.71440684519400;10.8333744447715
-50.9550794804338;46.1273628356006;6.52541822162293;7.48592809795175;23.6233648577384;-8.90537108664642;-14.9613502799275;7.03920261373544;-3.62628416396010;1.58798476028320;-3.76565476009735
-4.36211745711037;2.81926330348542;-11.2225894926414;-4.83415046114574;-6.12797790970002;12.7141435944206;-12.0508326513110;4.07421640357680;-2.77451761555846;-7.00901473225008;3.04161493933770
1.00366173291418;6.24442234835530;-0.698792800083955;4.19428665838549;-9.75095489637228;5.67224520606713;-7.89834760002157;0.841552951396865;-2.59838661874758;-13.0363783782225;-5.97586025948971
70.9288154590098;120.478006947708;52.0650139932167;6.05879043129565;-33.6870832271064;-45.8932552020002;15.3434318770414;-13.9924508841537;-6.24479677806430;-7.41322081056941;3.08351519129849
24.1460416368786;-58.9970069137545;19.5613054601173;-45.1430176971884;-28.2930510061410;-2.13033419556439;-7.46992328111636;2.83005650452847;-14.5235036595369;2.63460546276205;-12.6322619848763
-46.3810838546860;-40.6265030246911;-30.8922789212816;6.10713874556167;-15.8228167078368;6.37974205953063;9.37498344395601;4.22996110456828;4.09693647854091;-6.51826382959163;6.10054842896774
-25.7040488906627;-48.3529206675659;2.21406728528623;-24.3837997210135;0.277771691233841;-6.54035298538116;-19.8525153050810;12.6174166837012;6.20780047562390;-8.98667719659610;-1.46425144267108
-38.5495193018755;-92.8943512436607;-43.7153199348043;6.26181145875342;-9.52290521687856;16.7909089859083;1.29537652033108;4.00697809002475;-3.54326270928598;-5.60292587308780;-3.46897226614694
48.4086317834928;87.2867915189879;-4.54507838787999;13.8431516044875;15.2229204041251;4.78899652795380;2.84693170349059;4.03535103650853;1.03038711987564;6.25636529231767;4.64776186641389
21.3376086595304;56.4295506409731;6.57608817387438;-6.40584726423656;-2.22177400012105;-20.6136137504419;-0.469032944965341;5.87194455022156;-1.57328481883580;15.6421054261004;-3.44948925696335
-25.1341554760672;-37.7872810380725;-9.64795400864234;1.23437509803320;-15.4210754732599;38.7623435148594;4.81145765997111;2.10528511978584;-1.61840793775373;8.69668755431508;6.33861787350829
-75.5206738536660;-36.2203258941268;-34.8850238741382;21.5043883297840;-7.37727464140342;4.64883548181384;7.57828839240773;6.29312738472362;13.2923347441705;-4.85464700673616;7.34142187073498
-7.76706837262545;17.6575587807397;17.7763971648334;-18.2918846125009;18.2789470628303;-33.6481103023441;-11.1883970634749;5.07131864774047;-4.35488969628505;-9.91233182020663;-7.61840908976766
-17.2125578193062;-9.83208117787890;-10.3717480934352;3.98485703853681;-6.08415173127047;32.8183736009204;-9.50380832624291;3.81955320231785;-5.71616157368854;-10.6358311937891;-0.228011968302340
-10.6751790048313;75.2579081838152;7.33362820911793;9.12901573738288;0.333798378719415;-25.1314556199396;-1.26325889373424;-9.63398041707809;-2.61583305046941;-4.47529901169030;3.99733228327933
-9.48122339316506;41.5171874986353;29.7615302631189;-25.8828147104032;6.83355586255431;-35.9505204680365;-11.3443466187590;-4.28258720822046;-2.77516897612381;15.2663703140803;-10.5878387750816
-50.4218610472692;111.486480716768;2.16299228438382;5.98489683171314;26.2171742551263;-25.8826057179305;3.26250645333995;7.71228927441952;-4.90324990272532;5.58238267590162;-12.4968773792060
-12.4648408574901;-34.5165747089270;8.29333022144449;34.6084426449499;-19.1740930797174;-22.0721230456207;41.4084233939602;-2.30936780855282;-14.6786199091619;-1.26665562657784;3.61680362380903
-30.1374194843716;105.456376445847;-5.21564182254365;22.7517802467025;12.1060624766126;7.18091078990633;15.7694559325775;-9.28714086128559;-4.46100529935431;6.71651649704806;-0.754639098469332
-51.6731189806858;-15.2024080230404;13.8406212092216;-29.2363910855890;33.5891279916984;11.7215319400813;-5.82576207339343;0.202943020465264;-15.6782201950326;2.45188453783101;-21.1586590184746
16.5168467273834;-24.2798559010673;19.7324862811474;-13.5194335666476;-1.42682434193412;9.60327934873027;-6.83698615633024;0.772849540731273;6.55770041736735;8.45546022091718;-0.0374687618357010
-73.8454831807003;-78.9845628064321;-25.1787252768865;20.5308864334626;-4.37303866068917;-4.17775527719028;0.862966367984272;-11.8717483455348;10.5005845408803;-7.88671469317152;5.40127710639906
-68.9834287762196;-80.4641844162223;-22.0959196111395;1.05421906129464;-6.40626191787186;2.86934012905198;3.95256007543570;5.76795477520233;9.09082241341701;6.07189286637563;-8.89803641787361
-18.4667185029940;89.1550343184005;-5.83007480250993;8.82949358664873;-1.79808586024292;-27.6130168196734;0.333989976104823;-2.28356747183055;-1.09438599045301;-1.10133027350473;5.18107644081916
-80.7265156710428;-38.3292495010708;-14.3917577834060;7.08212412084849;3.98520408591419;23.0342874510824;-1.87373680363791;4.89635072358749;7.92517678318683;-13.2758939562231;2.80983906478624
-5.10114065225720;-116.803163002142;15.7923534626246;-1.86243868377299;-10.7506844014794;-12.3253166297916;-3.46153737555149;-4.34687989832532;9.21669051252384;7.91466691677531;-2.29400565600245
-39.1226522493612;-90.2260882367706;-3.66661447731190;-15.4117299682571;18.9487358279026;42.4266051814380;-6.21890069989890;2.79914735261053;5.37748083587445;-2.70771682479620;11.5512139575274
70.4417563051858;130.937748901681;39.1028589862587;0.851011428414012;-24.4269578138150;-48.1246326974341;18.0655849139079;-9.16349573496536;-3.28057878265829;-5.35118901877821;10.4367275967650
-39.7309240823994;41.5219714708291;14.9606562333194;-5.61624301112969;2.22362984065150;-38.5602764822572;-26.3098102338998;-3.70436391891966;45.8866862691027;-5.46302472968719;19.6302588902895
-64.8338187711357;-54.1557278759299;-19.6439970064687;7.59097690184957;0.503709138938312;-22.3931824085599;7.52506329741578;9.19083687854737;-0.993381929044174;1.14752836838181;-3.88977695239225
-30.1890256485769;59.2802407395806;-3.47530648522040;4.02321090952473;-8.14937422148173;1.91598048030840;11.9040210140694;4.24575973043435;-2.09657751709848;-11.3913451133763;-5.65679056018233
17.9145794018327;92.5182502547837;24.4461768877239;15.5800663427602;-12.0120256756280;3.94746883106752;-0.767766911028282;5.65022811556750;-24.4779430742876;-0.461626654907305;2.33066355282826
19.4024224412630;100.090941272619;18.3586464744911;3.32271599161405;-13.9692658678992;-27.3936855377416;14.7186130800773;-0.530137802043401;-6.08187808454616;-11.9821023744168;5.01169246210556
-17.7878653310116;62.9527602222505;1.64680185728669;6.50322752444730;24.2462190395019;-14.7850941121728;2.19071037638246;9.09982220696768;-6.45591014286015;-12.2023134167802;1.95538419346302
-31.1273256607002;-118.005082900530;-11.9822830192548;-7.15040149110358;-20.6805885583183;-7.01594834115599;4.13610218601323;-12.5208755312449;8.88935584640478;-23.5259994252726;8.82389761811298
5.16198101434698;45.0421068944311;2.16062649658959;-25.0352768409539;-23.7905531126168;-4.73589448131141;-14.7201794731543;-0.139697050457286;-10.6100421580799;-10.6760407382865;6.33199284514509
55.1725708924620;95.8224754301565;24.7879461262031;-6.20920501381347;-17.1634577619092;-20.0101514406593;8.36719052574375;-13.9181676040411;-2.06796021474686;7.63587268886869;5.13716330347805
53.8813559917230;58.6331560545940;33.0658900040726;-4.30990351447905;-24.9256596440962;-15.2245790373424;13.5558818192696;-4.03197382391463;-4.21476251506494;2.58769438853597;-1.57497180310387
-20.3326945648376;-57.6112602378650;-2.31119737786522;-26.9478810366285;-26.3353256744885;0.949574901597403;-9.45043997354849;6.22488060475310;4.88691604488066;6.76360846705971;-13.7755304208640
-59.0561353286696;-18.6833082660840;-17.5886677873162;11.6708458119626;-6.89844265572012;11.2161040237173;-7.43790216622319;1.05670856982074;8.22369482260315;2.05380841179487;-1.95493981261279
-45.2613410368628;-64.9138386392830;6.74840592581247;25.6015054692855;-1.13384072659577;30.7435234668460;-5.46806224392356;-7.25332867540920;-5.97105428446434;7.88986979519218;6.06965177935397
-52.5203931517223;74.0481580516178;1.41691939809486;-17.8519226911488;14.3978565863330;-0.757568312251987;-3.34942520529738;4.82186195046087;-17.7355571625320;12.4890593270941;-9.69134872096047
-4.35036673081239;66.0009752741392;24.4428267581448;31.1688319700941;14.8103139395750;-36.9941579886676;6.84697010547654;-5.38219519938912;-1.40426081999837;-1.26499321840075;-17.9967491371373
35.7455301835196;-0.374506543223777;23.0309287458057;-14.6393590851078;-20.6774530869420;-13.6077756745707;-5.86214009525915;1.25479590199934;4.96557240852072;6.78238234135514;3.86501114913925
-51.3753931337291;-123.903390188019;-17.1218809151434;4.73186753420392;8.84798047698031;-13.2162293605230;0.861607528747211;9.07517022575082;-0.528156321565462;-7.45796640483884;7.96379521996215
-23.9965945992880;14.9442441606184;-1.15538329121346;-8.70480958046835;22.0274636620775;17.1310153306679;-8.14953936668023;12.3128224302652;11.5141139648490;1.81616517054815;9.65171316698207
67.6535028924456;134.913911020522;16.1051684157750;4.22402567254440;6.46676819759652;-42.3163301798711;17.0202082921504;-15.9940116019656;7.21589927147098;-1.94610202795692;0.544276270344767
-22.3564345965069;-24.7495980396951;12.8835342696781;-2.84842379916834;-0.989109818589774;4.41264346940602;-14.3898375277268;6.11833691912846;12.4054340012824;8.78831247724472;0.541057242832223
-50.8711456609915;15.6386084681560;-3.00104294396088;-16.9663632750680;11.3127803590611;-0.937845828199335;-10.1221518288769;-0.715402915492984;3.11995215424562;-2.53312664793031;-6.52281014116077
-39.5704540523022;-1.70878592541802;-0.759013687949648;-9.15727394079977;-2.35703874336905;26.0770839457736;-5.17364109470757;1.40481252883480;-3.46179277302990;1.46934342431618;4.41267177430425
-8.04655813836615;29.9823900940666;-19.8777505542068;6.80975988024925;-2.96562624733334;44.9407648385676;-20.3223035041659;18.1562257152407;-1.53722566693639;-6.85072909129269;22.4795816229825
-20.5332612396565;-63.6258634777661;0.445793100383311;-27.4545161254690;-5.01780226115189;-1.99399695116698;-8.53390135107753;-1.11047588303325;12.2486769542567;-16.8343479620557;-0.257583545704437
-45.2880460661676;-42.7555007551425;-14.5037365465602;-1.53786659977378;7.76942142306190;17.2525504065515;0.110988336276468;-6.86561344446943;4.44526708311304;5.58220766082361;4.83687891851645
53.1140455613722;75.7719800272058;30.2511864519439;12.2164338599807;-7.29695591207042;-48.9412754535552;4.59033896115642;-4.70851808999495;-5.82422921745108;0.577214253140612;-9.13301674809918
-21.2489161285851;3.18718036080767;6.92809082059603;-3.02029099557894;1.74989061539111;9.48084322191368;-16.3070741375349;-0.209156208734476;-2.55049560970224;3.43991190095628;6.87937082143661
-111.919572837799;43.5157725194324;-21.8070394324810;50.3689672123555;3.60452254413303;4.50068425830466;-5.81146486341636;-12.9061449316451;6.82268916933886;-25.5910088274857;18.7305974887191
-36.3442395394575;-108.024128150988;21.7477969193852;-9.63411908286465;17.7042683035047;22.8667466852695;-1.54608571574693;6.38700604504076;2.82215981248336;5.92402625975321;1.67535027673968
-55.1171052243662;-43.3749260949622;-24.2247201786282;22.6328778668724;-4.31224419297882;5.28082906557076;2.98220317677502;10.1650552600750;9.43932437234518;-12.5961911726095;15.9881375737621
-42.5732832726700;-28.1980180114922;-11.3332606596483;24.5458564621624;9.27889417375709;9.82957450299783;2.05850802331091;-1.33720760360228;9.28689525111312;2.76502813597785;8.83463415170603
-36.9912037121135;-105.708816874168;13.7905513635211;-13.0868564193400;-26.9049514173031;30.2664382202709;4.20893332513978;1.71366431249107;12.1998591307604;-6.12733352635141;2.54584449856383
-51.2852191693675;73.2101642284685;2.03036945353660;18.4520748848851;15.4893233828643;-0.788349745741946;-3.83997030224221;-13.9020527124467;-6.14464833527793;3.15852949116285;-3.43670323257049
27.5751172317452;-27.9279387539217;39.1644223405143;-15.6486602104177;-17.0415870246605;-4.32352541072236;14.1242113594662;-2.36223717204192;-6.95753835442191;10.1904935402378;-4.35703851520348
-12.4648838001033;-65.9737070271939;-9.14643947830547;-17.2374786163020;-23.4617439229567;33.2323954376094;1.54675328628572;-5.30066553404360;7.53427879337107;-7.46262030278330;6.63315330160808
-0.218711678453539;60.4506835901649;-10.3375097854758;-9.22332218957726;1.14870803889748;-4.97782805484623;-4.28849216664713;4.25459183388704;2.56484387513780;-8.02888866354153;-0.925867794818101
-58.5488404335494;-7.80365614079798;15.4088515507438;7.34267168216428;27.8655735632472;6.47346580703414;-12.5873518205220;-0.592289435865383;8.34945651249319;-1.90915241163260;-2.31422378586281
-60.3511537502502;-31.9680714017945;-16.8292927831382;24.9770136652347;-4.46485779409109;47.9037791043860;-7.44805255344055;-0.941059540176440;-2.38850425849504;-5.50484694597737;10.0183427064192
0.263525376563980;80.8833902105674;-5.30431501396669;-1.80941479188062;-6.24189393601075;-16.7309813205898;16.6364786699674;-0.927627963139932;-10.8618920300029;1.93442305511742;-15.6865278617800
3.89013559130643;46.9427534090338;-10.8496111071638;14.6785778630926;9.80875775970070;11.5875546708877;10.2773547688396;-2.41675115753272;10.8687212953375;14.9545495363825;13.2046017376177
-8.06253868167270;-23.9257641584153;15.3135773316909;1.54019580770143;9.08911628086756;26.1041706613561;-12.7670261647183;0.498529287457130;4.09701365918888;4.77139371584432;-4.01591241086318
-43.1892065058270;-126.428776445727;-19.4485248290089;-3.71258899211371;-18.7164487652234;-4.74009848850810;-3.74028943862555;-2.84883394065133;-1.44883229460323;2.25785337307558;-0.0364164386136956
-48.9648983171115;-107.564983749330;-7.92293927828066;-7.89462232910809;-9.56147256777089;5.24900372756364;-5.57120158121541;-7.03524906406320;14.2395696156110;12.2439089690547;-11.7905390555197
21.3531815943868;70.3971440973018;55.0430610348841;14.0544556071246;-17.3625033462717;0.392505799239013;20.0299297805423;5.02731546248269;-21.9258781675653;3.57278251400412;18.3940464117917
-103.217461957017;-105.822726620968;-36.0589381441854;23.2237777007492;-17.2569386057716;5.52955051001591;11.1491122766171;2.26411141754945;11.9790655383088;-5.12076068725342;7.32387930802710
-3.82229313068899;-21.6575871304424;2.14122126134362;-8.53089344154915;-32.8082023912619;22.4789487636198;1.64359215945005;-1.96638401817689;-4.85538834473701;-5.16203830311380;8.57857938413798
7.20604950210262;24.6663681568781;15.4344995545756;6.86965484813441;-10.7462938299045;6.00159895179800;-21.0265199889150;6.33200906749967;1.58139900788070;-4.87977077782009;4.30988499326589
46.0343636792209;129.572149589543;25.5046494479810;26.5071789568933;1.07985040354731;-62.6971552338892;-2.83165504394194;-5.57066428492346;11.2449661271711;-13.3505997262976;0.358512594775505
-58.0011751078018;-55.7688474799320;-19.0987964862159;19.3117610167502;13.3683597530639;-0.237126188749311;1.73592835264377;8.52821327088729;4.04351326009332;-10.0663535194500;-9.94514448523378
-22.7124316461465;20.8656525480196;-3.95905465540524;-26.6344820480314;34.8143454726892;-0.370394401077212;7.09239129332465;1.58664558503842;-9.28527804559426;7.09771854112775;-20.2277638626156
-44.9129957323571;-75.0358738640419;11.1057120243227;-8.72567396016400;-0.253394444121152;-14.1790976410441;-11.9912346706650;9.12234229841076;9.10985955494347;5.34759201915903;-1.36521423465898
-39.9544835249472;-49.5228534253650;14.1721949055606;-4.02961056220520;-9.54383467397763;13.3495540653804;2.97661708994256;-10.7444519364722;7.67555403497180;-8.38263327345186;10.8095860917231
-27.4860298016278;-8.56189212033707;13.8524006498318;-3.26999009386872;1.47533392791668;24.2811275326798;-3.58516676922620;-7.79479743728858;-0.249774144080083;-2.78915844607046;3.00456761682151
-68.8934463277506;-53.1015250065155;6.04248266292322;7.88817062885177;5.39450143347192;24.6851053894259;1.37087393899439;-20.0796136055527;-5.31171319625179;4.29176238918945;2.04103895165283
18.5197670298518;74.7804294529286;30.8487856372014;3.70213963214983;-23.2167883023994;-23.2982898043780;11.7767827775515;-9.81472294435208;-12.1268005509412;4.33436833531961;-13.0411926071611
-56.2040421032381;-11.4006616023451;1.77342473365418;-18.6650185412486;-14.2983659128416;31.1155587558415;-0.923721426744305;3.91441571707347;-0.842962180081830;-8.44231909102822;13.8952740725925
13.6242262619035;-214.029098960085;25.0325426120618;-35.0453969509613;-29.4503828700412;-14.1306368647226;-6.43280245238015;2.48162545904569;-6.21452229223954;12.7566045017908;-12.9552955891403
27.0991152460878;35.8623105179469;19.5010886354795;12.9725411686349;-7.03368782810353;6.93765510713440;-19.3772670237163;8.72517024239767;-0.293010672972612;-6.60903341541694;13.5055601599219
-74.4625610488007;-77.9630410497450;-3.83263179556551;14.3775973176966;-16.9656357185164;18.3377511246534;13.7782523027392;-13.1798044010255;13.3727457127352;0.523346572349160;7.32594236655274
-18.4274710625717;35.8510199776408;21.5895960638060;16.6521091174665;1.32952078657032;-5.85084900860538;19.4647228147648;-6.00226496177551;-4.05656765809168;-8.13139863686350;-0.762487531429673
-53.3774192904870;24.5465478700808;12.2203653445276;-7.42085560005544;16.4744977395852;19.7925499693969;-16.7712218682836;4.71871926928219;-10.4491913366280;6.66887816190310;-8.50757961457621
-59.4239695238199;-82.1409979214027;5.98977305938576;12.3410746352861;5.07053026254545;-11.3817120172216;-5.64719230432427;11.6603504870389;4.57693406571273;-8.18057582121650;-4.78903316639208
-50.5739702597664;-15.9693401500860;-14.8414692515265;5.22357625243527;-4.16965864395066;26.1971312308632;-9.40966498205281;4.33228773594256;-5.79508206833377;-5.66645873263769;11.2992921143424
-44.4919917037140;-37.1822935856269;11.7895861187168;19.1402352176039;-20.8489041429058;-2.09615745303738;8.85312445099125;1.59363634583194;1.74951695700300;14.0124934623379;6.38285082188999
-9.39500318562291;52.8203651163877;19.7801519769077;1.48581750844405;-7.06245125196237;9.06504870290911;-14.4487293461884;-5.69961346041261;3.09680834285196;-9.35298407668108;15.0263758484683
-61.5206327910395;-135.585159053539;9.99434500858440;-1.49940886348854;-19.9688261591233;7.91125185724683;7.83854034650452;-6.37154988398327;6.30942963729655;12.0766174877960;3.36803191351080
9.59299269497355;107.899221441620;14.1791068868461;12.5224633392339;-1.30262878135220;-11.0075041806029;2.84804869602482;-7.04865148549229;-17.7548989907927;3.48608279816576;13.1805264437488
-27.8223132423881;-119.650206415286;-17.1627760168855;11.0840769043590;-6.13829738983308;11.7479370660361;6.82125422147786;13.4885264949994;2.01464269235040;-1.95136534596376;9.90836832005355
-96.6885253447190;-125.896721866661;-29.8790880045121;43.5666839032985;2.70784153799216;30.5545963385152;14.3796588119722;4.23526476412035;5.58827920006566;-8.80762861384730;17.3781536754005
-54.3581837662138;51.3408009518365;-4.18289773645841;16.7267522847215;11.0921565127541;4.29370787083133;-2.35991610168659;-11.5164308346984;6.36154443785600;2.61210567727876;14.0027083924689
4.53874607858397;-80.5573361199393;10.3587905318165;-23.5508917475709;5.37658746050326;13.2909409983417;-1.71751225825728;8.86933406000120;8.20874985513889;10.2286241660677;0.543447548149573
-34.5553715290410;-43.5802472365957;-5.53825180598271;7.58488070123458;-16.3800369471733;-10.4924737721762;7.90102388144532;-3.45639728356742;-6.87973399070053;5.70556567767342;-10.1596801701077
-104.047795323666;-57.8806602653522;7.34039418442935;35.8310494512498;14.3961387798585;19.6370495594533;7.86107695399126;-2.22309018816695;4.96526021616729;2.18211607886329;6.59443245637614
-29.7520572172676;53.9855258641889;10.8153780192208;-20.3605972867829;-4.25546378261761;-6.69447055375865;5.56837078181314;-8.20538755721490;4.53071190650135;1.47569973173663;0.00552723901859928
-44.4269842416444;-85.4268574578893;19.3924332534275;-4.14212133024624;10.0542856553871;38.6651293091376;-1.20592708645779;-4.05314562174675;0.0407006784765956;14.6350979127241;9.94941411893067
-43.7648248710796;134.565420485497;-17.3830535453159;5.00321848551110;16.6615261515950;3.70140580092369;-0.699540016058380;-4.56725212627098;-8.20649888853928;3.82683514915010;-11.5751093559916
-7.95419673832415;4.35701232631801;12.0162892795102;2.97805619987545;3.95378141538015;16.7488010835746;-9.03555947784943;5.80731877922644;-0.719266609761842;9.10204888487103;10.3962190584358
57.9424220317428;86.9517286786411;14.7654817856538;-20.3691895283746;-15.0998651664859;-25.0584103164399;-0.537810257525700;-20.2417467821298;2.56866069356682;3.34586230566341;5.83480590475516
-66.7577136244884;77.6303172993770;-0.775693634689518;24.9826646971009;22.9636821359249;-12.2416521715036;15.6182467500895;-15.6300445318449;-3.71534183152321;2.41182602766000;-9.64975221084918
-56.0571667090433;-59.5589704081331;2.44738712245569;44.2429555523751;-1.50266837460513;5.98756698967956;1.27518332360032;-17.5540849200706;-4.79347594273052;3.73864703680477;12.6352247462208
-11.6275589555654;97.0203180093715;13.9619612603078;-5.78072458488473;0.815661434489506;-11.4239690849831;2.48291146506277;5.28152706352551;-4.93271710281072;7.16637813248231;-3.68440528910198
-21.1972742411654;-4.10481343769642;9.02197434930372;11.2802746395021;-11.1293183653688;-5.69473420097365;3.59529974308963;-4.13718207872733;7.31845297497941;-12.6431545715462;6.28600985562152
-8.58733650175605;114.055553204491;1.49812867984947;21.2401473866251;-1.22836625870396;-33.7473168934320;-1.62560256155844;-3.89715589425423;6.48038744778411;-5.84581927878283;-2.87282375546929
-46.8994718181670;-53.3986412631129;-17.3330933409791;7.16803648543969;-21.3904269332213;-2.97328980100346;3.46180069748227;-4.38379336295257;1.07356378346803;-2.23361251542100;4.82018004126476
-11.9754247773289;75.3589041517360;4.85460171530326;15.0790447254577;12.3024174993022;-0.0685663250523473;-10.0859203283607;-0.515018305833331;-9.49122974320959;-10.4721754168644;17.6302144543889
11.1992941501199;108.139613187591;23.6312056933562;-1.55887343769650;-9.18520734084949;-6.96898964800001;-5.96404733845352;-9.45363023047037;-23.4636642770036;8.45938209417015;5.08179782082814
-36.6075696011988;-36.1103569709629;23.7447137441759;-8.68581903350445;0.521013414188200;22.3079139215429;6.92430340634821;-2.82400523246082;1.95149942773506;9.60386352824155;-2.30238394616153
-2.97175456436636;15.9451535032952;25.4217027892516;-23.9358661247159;-0.303383528278886;-4.30132270782966;4.19328936705695;-4.52837363009705;-6.44938346772302;16.4126984054630;-2.25264467274074
-77.0756034104388;14.0541026542032;1.30967777546186;15.3967401453323;18.0888539057416;-7.85779378370367;9.48893747541441;-10.7104460208106;-8.15660137757185;-2.01719013609144;0.172171703045368
-10.1772583758338;92.7913502184674;5.35055994202089;11.3673689192297;-1.81505578161691;-9.21951399623705;5.92626973688449;2.81370464633555;4.56313086059218;-2.83815964104370;-0.907505606331258
-30.4605871973039;-47.4476834462947;5.59525746229496;-10.6163429537260;-2.95913324877591;6.35761169935222;-3.87366219763905;1.25394123298362;-1.70865567646134;-8.86214900669147;5.93776988574875
-56.2689053347759;23.9862900353821;-10.2486550536136;-18.6794787871173;2.43648355916897;1.61389166710346;-15.5055532759981;14.0195591418569;-1.02307503925970;-10.9060861347254;-2.08569454080031
16.5762013963014;110.238784574630;40.6374070599041;4.49320796362552;-10.0844505062018;-27.5884614659871;6.14741256047626;-11.7045040904120;-12.0934099649475;7.89826161279843;20.9441058851977
-37.9737837474293;-30.4917895585304;-12.5344143060531;-6.81919105394694;6.78208643208053;17.5185243619390;2.20081860676916;13.0237405749646;8.48501853979164;-0.0343046490737917;-9.84945207205172
-37.8050024800430;30.1657331755109;4.14274819932353;20.6264934115985;11.8884288884928;-10.6512667038193;-10.4227283958629;-2.88238043149480;-2.28222091595482;-3.00762779307732;-6.99374067976582
