2.39825168819082;-1.12948206454326;-0.0582260748507698;1.20110556242200;-0.267356893420662;0.614810302202585;-0.276602375056085;-0.566556695926839;-0.461187674102478;0.642411651837133;-0.328142772065308
1.59822536511532;-2.67326835558316;1.32635036977883;0.296249717028449;-0.289627776724904;-1.20520218330240;-1.08738629218839;-1.13113454755107;1.32247382749920;0.544060542998400;-0.786584762040066
2.87165228870445;0.282989173944809;0.986456860409620;0.00509251905302897;-0.887860368008560;0.305209886090588;1.97304667903407;-0.658910544039753;-1.40788543828683;-0.438818821326968;-0.712595851345249
1.88042968032092;0.218413580949984;1.49047476511005;0.470170008253571;0.392283324820220;1.37849696394527;0.228674777341665;-0.0828258813131962;0.0616639419772831;0.316877860563036;-1.21768406827450
1.97216618456887;-2.59556921472851;0.880275030812058;0.498233957171168;1.14560035693822;0.618770692885474;-0.0374788765551580;-0.301210316709759;-1.00409481958552;0.163311027139144;-0.339292442241313
3.39219319684988;0.751163968485001;1.68298659858613;0.467512887591939;-0.463112884334452;0.371315862026376;-0.356218297311995;0.471551949497593;0.743107280654702;0.539542387086104;0.218534638289574
2.36639299400461;-1.20485386381675;0.818197535187320;0.0620339314818049;-0.494420626029990;0.618511246649678;-0.547847228145056;0.0466828868015894;-0.402642099162988;-0.179599154412473;-0.131463321924927
1.67266564909532;-0.849205445873335;1.35756340485585;-0.407067775550302;-0.233402949692401;-0.0206409016615128;0.151681044941323;0.259441493740317;-1.76806355574089;-1.08929194102250;-0.804530533438016
2.56947687145857;-0.388394375504548;1.14319123117374;0.539572002320104;0.740895159195573;1.66556604731076;-0.351440691621426;1.91740868697224;-0.625770959841858;-0.136572318921688;0.444162156410311
0.866256837548141;-5.49839925444843;-0.214568691573217;-0.490928375123267;0.516254653369506;-0.00609678105744047;0.393915481896190;0.365968811200303;-1.64474019187704;-0.675057235913539;0.222335897932766
3.15229582266092;-0.179571373269031;-0.00505091681606979;1.14658166894233;0.711531510202570;0.303320937311328;-0.193185532290902;-0.973874363894381;0.660865602355629;0.302723580423716;0.973975104968536
1.85468922958489;-1.52501660258271;0.0335072119603393;0.351444918327672;-0.604445536582596;-0.0728629488627852;-0.0100619592659619;-0.192782750338199;0.622660732415472;0.154335672615956;0.0766305059088863
1.24695173747280;-5.22568259847302;0.797923688928008;-0.367833571202440;2.23846881379460;-0.714970050156376;0.544632998264500;-0.845508204787915;-1.79306764964100;0.796933749095163;0.0810958842439836
1.92381649589070;-1.39779600532118;0.394160709208496;1.79940970877806;0.403453377704695;-0.465875926151310;0.427837299646873;0.870617462125580;0.831132190343594;0.492209602593609;-0.0716311855856573
3.25515888057696;0.838257098661359;0.637863820234102;0.979594693719407;-1.48226014383492;0.266077328331086;-0.00306798337281018;0.570190581061264;1.22140548340374;0.752376738777634;0.246847414995009
0.608158918603579;-2.59162998920552;-0.0555126896249487;0.605196128218416;0.774562245825406;0.469106297069786;1.40243718333011;1.16335002131661;0.278774483563798;0.943925386101569;-0.321928395892254
1.13725200398804;-3.59257402335540;-0.930463430216416;0.315662052119364;-0.846814903758217;-1.77135649983376;-1.64228523015008;1.33059500606217;-0.484863953068759;0.302831102490939;1.21531207966528
3.05803838712216;-0.139948229790226;0.847906697346844;0.604044519273534;-0.609319633378597;-0.432559616341115;0.00511939575489883;-0.385588217637932;-0.909560239446574;-0.459673726716143;0.00828264122461742
0.400040610117141;-1.95558684492060;0.228360057804138;1.25933257044876;1.06831026835700;-0.828441229773540;-0.886426446646978;-0.0318173116285465;-1.17582265196219;0.0982371044767983;-1.05988936533952
2.89708887255444;-0.848370643233417;1.19051839053251;1.92786937350439;-0.714003345757883;-0.565518708609298;-0.159356271992262;0.609999013794785;0.532919696107679;-0.124660224792651;-0.551915327101912
0.908619965485365;-1.49940148729257;0.179717244124372;0.294550093265422;0.151325121793957;0.510281439925010;-0.240171966712542;-0.0237384774433975;-0.748107146182281;0.517389087894650;-0.833030772067301
0.894804116955703;-1.95968015637594;0.0138630555860501;1.68680890040179;-0.0575244124595637;0.0688057752119769;-1.25128447964876;0.570854250793242;2.06120713308369;-0.275910962806957;-0.540963264542204
2.04001202498272;-2.52169347798394;0.597884310861047;0.688828965290361;0.314976347402807;-0.476756821870483;0.337686582110147;0.321662283569701;-2.24847059592939;0.0352710472161086;-0.325815444625275
2.71979087598461;-1.76204641397237;1.58709435218644;1.50314711785023;-0.337434317412778;-0.867648450797372;-0.243787507375579;1.84867380566441;-2.13093203633905;-0.0453168337781721;-0.568554722651965
4.17768122122785;-0.834811761225675;0.466967834118869;1.04096967694908;-0.860304678102467;1.40916865369459;0.0328452553944852;-0.00233085959746048;-2.14068907515015;0.963123255163728;0.138944149459223
1.38310503320365;-4.82133999800346;-0.0872098712140536;0.687345715044025;-0.498366920927085;-0.537143459950085;0.310553908307697;0.571665242534930;-0.832772440168244;0.369638654858418;-0.323059078844454
4.09487473858125;0.784706773830365;0.842841776588648;-0.0562796445879494;-1.14348222613308;1.57792124492707;1.12556574903247;0.377365449057776;0.0464850914791992;0.677434201504125;0.761791585432716
2.61558825326737;-0.802341007678810;1.17434826765140;-0.0787126508953622;-0.697254293048119;1.38807484753233;0.854136020473331;0.0626374163183207;0.377097267495354;-2.01940827641474;-0.345671172994313
3.01787378712588;-3.14535569113717;0.442834142484469;1.08806834898762;0.379107184097008;-2.06640004695815;0.451503610187736;1.08347264992076;-1.31280404273665;0.471230066094230;1.34215169819063
1.40490095358955;-1.34127737877034;0.434063957355538;0.640943383046630;0.333547978596729;-0.625134060223886;-0.0362787970538309;-0.806261616784025;-0.737458558556170;1.03839563073824;-0.778959209434024
1.19250491002831;-1.43318856362154;-0.711594787528313;2.09063005413712;0.0528650952816099;-0.784172633492136;-1.12926409748258;0.505264121883222;-0.312694224592853;0.590416523852317;-0.248139158669252
2.86682273009382;-1.37162322216822;0.0461770714621005;2.17980841667980;-0.438870923933802;-0.532628941760114;0.709410334524299;1.78102821883733;0.962975373567080;0.487388256215601;0.734699837147333
1.73004028322664;-1.56037792880619;0.604999410944349;-0.0729486891691526;-0.123447078913446;0.669216044861892;-0.805475701190205;0.481967933522589;0.121848025712984;0.166422840119304;0.0515965750033081
2.41245860863929;0.0174902562538446;0.250297159468582;1.98674384822727;-0.454814864587994;-0.997926279807972;-0.289281712679049;0.341737851037556;-0.316124500600666;0.339737617032220;-0.276315355329229
2.29435967963557;-0.115907928360302;0.403056994546501;0.940143373567650;-1.21285071760288;0.804024581428364;-0.133123548846113;0.930945094173257;0.507667598018262;0.583114138238783;-0.366404353347353
1.81204370575977;-1.28823463688380;1.04507714409411;1.48353934954573;-0.285899186520177;0.290415576427413;-0.0305665208346885;0.440411035593158;0.365702170261882;-0.605583274593156;-1.20963406964792
1.62794112274566;-1.29011094570493;-1.22369696280524;1.64270993181872;-2.33473560063821;1.32654188576324;-0.938809735536126;0.154316220121868;1.94032611604478;0.983302451987919;-0.668012414869686
2.85225191234861;-0.0722748578495590;1.41726989109795;-0.116142146731297;-0.148332923285779;0.561677887343608;0.259471295253564;0.242457143503451;-0.203247295147268;-0.227934892325253;0.111835193959183
1.52750241333728;-2.00299974360289;0.272501840888784;1.05276077851799;-0.121338436540934;-0.707103388300701;-0.465911853720881;0.147666992619088;0.257913674978826;-0.641613466911281;-0.256481860037806
1.70355491500737;-1.83902182222640;0.213577484378490;1.32572267765938;-0.0935931189133340;0.448418340665322;0.290837833500706;0.803680474818011;0.789020946487185;-0.258318707559747;-0.299406442196123
1.62105839401465;-0.640584635289692;0.925281432604206;0.506958990994714;-0.448804068473075;0.125320419481769;-0.219026309358102;-0.123539555002629;-1.26159493915449;0.647766533912678;-1.31427785001860
1.71360353711565;-1.25206483489965;0.753862257448235;0.308077549424241;0.649900286675486;1.05543131520914;1.04896368685020;0.937630622396730;-0.855447059585214;-0.305322680005686;-0.299696194025574
2.79290928243427;-1.58628113089095;1.31145163612425;0.382640794475768;0.394986274829705;-0.171205972142209;-0.159075944278889;0.657345041882681;0.398191141482643;-1.26265391026340;0.722876848749457
-0.274743403511908;-1.67918610796295;-0.194263662448308;-0.0828213350073257;2.23307157157879;0.993640960360365;-0.637268591406459;-0.530853951464764;-0.234426947897006;0.0779120357751310;-0.422738829335082
1.48832732248014;-0.0933770891103590;0.258372677739404;-0.139674324585347;0.683644646928036;0.221733607210849;-0.661151143810265;0.316982417488266;0.0186253684189811;-0.876636644971672;0.657906039041113
0.412057120128772;-1.27733822994826;0.0231443834816704;-0.145637010273545;1.51463600465463;-0.743861563999069;-0.179070286168628;-1.67349804891265;0.0543996301987035;0.319393323985606;-0.286178212419290
0.819078725843982;-2.80580656837767;-0.764492452835355;-0.530474025924226;0.518675628978973;0.583833654991086;-0.186545751312096;0.0597337971333819;-1.36224791235177;-0.916057873387758;0.521150960185876
2.46430226236449;-0.427297196854121;-0.237064385844238;-0.199590642246434;-0.476949512272311;-1.07077521628058;-0.658232956286755;-0.0804518307024015;-0.925935076964364;-0.266250242201892;1.34080111479397
1.42422652405850;-0.803641422971317;-0.734594377510667;1.09179494899105;-0.0826592313452890;-0.398618437669873;-0.626299310376594;-0.322368550516881;-0.101640611633285;0.911657941798573;0.0542517448766053
1.61998604757758;-0.732124472449493;0.542406020031022;0.177446162534198;1.39383256203820;0.269985918648042;-1.16696631493666;-1.22547885338593;-0.919074637297225;-0.0880729176373279;-0.118743915443795
3.59940265442881;1.73375211967178;0.558864384724995;0.126249448902756;-0.950012080538045;-0.878325284187138;-0.0299704783389255;0.310275098720970;-0.0690415099260520;-0.567423578939191;1.44075600482891
2.69409128088605;-0.332558072797671;0.545776716589700;0.234351085274304;0.0559026803153173;-0.143024944363216;0.0647629638865819;-1.52554311710975;0.0954545231115762;0.326337775907299;0.135732796831343
0.781097813635710;-1.05647746848512;1.13188334899510;-1.69362582178542;2.13812524879930;-0.228315175574008;0.406765700335492;-1.75681060667029;-0.749462810927782;-0.806254050670137;0.0367182828212482
2.75011954009997;1.17769764036514;1.01047746397771;-1.43078277314907;-1.13873154769165;0.771742924534213;1.82990703681290;-0.00223587111265086;0.229534939758329;0.0811336836118185;0.411911914339846
2.05429197717296;0.900215238496755;0.680220461630157;-0.915138091135737;-0.0178446519578591;0.616911320912772;0.0656093283510166;1.17247505641329;0.231283763556548;-0.428106664139617;1.08651036019348
1.87080046937733;-0.583993804564883;1.71543695885133;-0.733391970787911;0.340544894781617;0.532842925974575;1.23967150750829;0.0569567450557535;0.605722505873007;-0.547579834201143;-0.340334324599518
1.12433950865382;0.354520710383061;0.479598204066952;0.726987224192036;-0.317886111752843;0.749203720133928;0.0755602829929108;-0.178429037633849;0.749863462572198;0.0386201023092332;-1.21667406005732
1.75183199053043;-1.46346209121558;0.210054503447180;2.13364653776902;1.17453073055823;-1.47932235043059;0.0404570685997047;-1.41955072148460;0.656296940734304;-0.253025557218317;-0.450143008789095
3.24644009744195;1.12592486436957;1.47165522901734;0.0583382935052647;-0.509912174730347;-0.515374059264614;1.58912460315477;0.147728488013013;0.493346476402328;0.253725792868745;0.342233645126292
-0.851089667773684;-3.00560394092223;-2.33494463939255;0.464789689403200;-0.693325747930134;-1.55380654508058;-2.50537055230512;-1.86286264507119;0.828298957207471;1.52785821250634;-0.349171139344882
1.24906306583642;-0.861143975794726;-0.450953144944607;0.553008042046011;0.791401327135539;0.629895795097826;0.497951598260171;-2.18806707638690;0.501397475056942;-0.677745423577247;-0.515706445149884
1.54678690782616;0.192470643736461;0.0349442900782408;-0.843508561433479;-0.130285584198914;0.304766209502300;-0.780321746560877;0.424859923097155;-0.0654246558038514;0.169500158456245;0.887113888569232
1.40621081384729;-0.813038935829883;-0.488401434912608;-0.235161264928021;1.01056552751936;1.89066148229914;0.0935493746104502;0.138877829377646;0.341118052200587;-0.660837931060714;0.823771780000311
1.68795677713899;0.801737992196061;0.556934867397788;0.818246030823121;0.948440135414628;0.169379726296686;0.855309316017723;0.507283034901271;-0.435260688677411;1.14534137903601;-0.212217861779894
1.96847763021753;-0.193557816832333;-0.268669786176172;-0.433422225634211;-0.882548134749365;0.686264534321609;1.75941111980022;1.04184143038803;0.387288802496567;-0.237142402313628;0.789017341958080
1.84152437265407;-0.0706848879842421;0.600352517450639;1.63626802925650;0.167122103423903;-0.306281027192098;-0.0278036681770774;-0.248746158020095;-0.217076921022220;-0.427872510605031;-0.925387923035445
2.23098860701815;-0.216751071091563;0.874033449129883;-0.512769763596154;0.149776720994610;0.354984878014426;0.334609219636975;-0.0946322905491611;0.551754386199473;0.0862402783740230;0.485994661246284
2.81924157605497;1.08223528103894;0.889982056294263;-0.723033783763363;-0.468270437583998;0.292044602916867;-0.0479348538152414;-0.102316877468814;-0.747920714551819;-1.33879476337717;0.672012462026886
1.56539394725244;-0.673014742676591;0.0284091950927980;1.83429462420270;0.783457932447208;-0.0231449364435639;0.881681057971015;0.129949083393497;0.00602727233471735;0.200524939390176;-0.552884196826051
1.19293327067733;-0.538969425119890;0.729602070129440;-0.148128725719961;-0.721944860818088;-0.203104686711609;0.227358378333664;-0.343120655031623;1.85195065368889;2.01762984681907;-0.697931769043260
0.985930827406428;-2.25246757611723;-1.04218545729542;-0.411142724259362;0.672943920696675;0.274399623148377;-0.0791431987616302;-0.545348853464649;-0.640344221803292;0.0815812121111797;0.828080414592562
2.34341959269151;1.26529915227704;0.402258966259158;-0.457303045038789;-0.438888339328725;1.41987600522733;0.765241372187380;-0.227114425315258;0.901930733948701;-0.423864992719787;0.332221441646408
3.10967994177037;1.51730005621597;0.963923736207570;0.144048302027811;-0.631975920826532;1.32697253671800;0.509992024150182;0.347977365019075;0.243133041736808;-0.353428065774502;0.192861417961996
3.29031526838374;2.08218555345857;0.775110203672063;0.0849557649338909;0.174583149674059;1.34397994136329;1.43927368799064;-0.0455905388794947;0.162258387928019;-0.716611622583175;0.661392593677697
0.839333314643560;0.550400174827236;1.31215309096892;0.216518450949731;0.560097604167925;-1.34640801077268;-0.0839798082948627;0.564128265786186;-0.351103714340375;0.465669080320235;-0.725909462422933
0.819913990672473;-0.389352388877116;0.799175157428037;1.92212413312095;0.913758859087041;-1.53960706414840;0.105317935133769;0.381650433029249;-0.0815858852260195;-1.29964176698997;-1.10167964652774
0.426874585179539;-1.05810356430455;-0.714742040119068;0.734428986088901;0.446872275890451;1.72329189979253;-0.417242812770302;0.0323850246139448;-0.0829684222124589;-0.576750061516167;-0.741220406365757
0.869716448499822;-0.161995291488597;-0.753353777266031;0.0291626280231639;0.109162256648719;1.22227491272771;-0.288605277128905;-0.660909544372247;-0.521774518302121;0.0670276089628817;-0.329719544108555
1.06698964871291;-0.949789773870414;0.322526335103434;-0.396767023045389;-0.183367847021106;-0.542991935173849;0.612820775998171;-2.28229921753934;-0.615242527255143;-0.987232429109275;-1.12346477239696
1.64130397588471;0.708202080984604;-0.358922275394783;0.379070351271543;0.114798941181538;0.352476728977681;-0.963827792242905;-0.636908387978330;-0.177599241912281;0.188202613113607;0.207525891453261
1.36827813641544;0.623942323704826;0.320805615263331;-0.302458706318210;-0.794861076523536;0.425789914223242;-1.57395904211127;1.00789798722563;2.13168524150666;0.176661748198226;0.604053731055644
0.832563095928510;-0.389746598969673;-0.252060765524043;0.445669280863725;-0.147971150745599;-1.16473475426939;1.32858806117180;0.797206286275352;0.154073702587145;0.0277919224379575;0.0460204458308521
2.76528975859184;0.817084619997760;-0.238113641593324;1.01722705548219;-0.00495953615762085;-1.15051168614304;-0.0281604914923893;0.312776850563000;0.701208158856786;-0.922331151354108;1.55381400914201
2.37013402545275;-0.164139891050536;0.750293735384362;-0.336128822599096;-0.0523866450389882;0.334443180962200;-0.239758019717920;-0.444135695706926;-0.889545395172841;0.133285911093774;0.123487589929421
2.28201248962292;0.872920520260029;-0.155868851583273;-0.716050279197452;-0.895985252085800;1.03681963178531;0.289719796950261;-0.884401995584779;-0.119259407851951;0.351441987246676;0.321751404350034
0.470348179033384;-1.77211457428459;-0.208532749063785;-0.202498845190584;0.0372292033246481;-0.693215305970555;-0.224087472285118;-0.450086418497604;0.581163484376653;0.957294928925039;-0.190858511584003
1.46045772849462;-0.686002580560548;-0.135272267450680;-0.831688094105664;-0.372998304197367;-0.198090672369733;-0.0279211007855666;0.0331260608109836;0.0791474678074474;-0.153752638220592;0.768215279971806
1.01860566062911;-0.784254739147670;0.756486438108290;1.18278118082885;0.961866294517698;-0.357862440855326;-0.587341860083376;-0.396980116013141;-0.943199041247926;0.0215868113485479;-1.23288625396682
0.519938978804327;-0.0420481134754611;-1.84520331870587;1.31232384841206;0.280730028631338;2.11534093536428;-0.751363571131545;-1.08561903879612;-0.0983120050376724;0.693786893520126;-0.769324505130518
2.58966456292195;-0.310589208387095;-0.353338726209131;1.78153875722933;0.265106499349913;0.740597923292415;0.103268262872182;-0.508145898905195;1.85469722898176;-1.44820849060630;0.536674684787345
2.01741018367091;1.44922890895932;0.594974676266953;0.331562391825965;-0.325253030536952;-0.656953213803859;0.0277754887164890;0.194685239892852;-1.35670697060925;-0.152366341205806;-0.182230395030153
1.18662028473252;-0.0229010029959526;-0.278702418192697;-0.111698949212502;-0.691017341279226;0.723148526100508;-1.93717027033379;-0.289582089311224;-0.458865000552359;-0.714033947160599;-0.188800000746303
1.32752262131296;-0.897705074648993;-1.58071994762134;-0.0617230710532561;-0.826212690973468;0.163869014286914;-0.270861244795348;0.710727877923142;0.638527118807228;0.135610165298296;1.42884341743143
1.97986198394810;-1.02158463367567;-0.193725529857323;0.537174589747594;0.694483739121908;-0.368747472228839;0.868013316942714;-0.576885403152968;-0.171978825239429;0.895239568382681;0.500742436502946
1.46360663219713;-0.136276360700469;-0.105409721787085;0.0698409920799535;-1.39156381758764;-1.16130872919878;-2.27087535977685;0.741657068371092;0.824923485365864;-0.570428108537024;0.713531236653914
0.491294609938155;-0.923444114150198;0.719763426482379;-0.621861362664211;-0.221952316021052;-0.528460865384189;0.589202443222706;0.540719038057787;0.678638882077194;-0.758195324336203;-0.438152635676311
0.455136114503408;-1.80776475609747;-1.02340174926887;0.698683089366018;1.14708066807808;-0.572505792802100;-1.38146098122994;-0.365802204608854;0.472170351872470;0.443697349270683;0.601125161892648
1.14192862494104;-1.50430823280258;0.495221201288409;-1.01245226042781;1.26706905261110;0.0351996134080626;-0.0223218530532164;-1.39300284640987;0.156569682533929;-0.203857984832886;0.290212065426120
2.26898375280660;-0.578170737113684;-0.0729582581494674;-0.494849676504702;0.0710769116387184;0.511887489541778;1.07636372867233;-1.21847424372539;0.524540260045320;0.157480507673673;0.648460661941399
1.76101376233555;-1.02993458547415;-0.238376608835759;-0.523959592510635;0.233209492816446;-0.711679787208662;-0.808557304522320;-0.118649842508013;-1.29561708477543;0.378989861844473;1.07780295469595
2.06134647752803;1.12295649053813;0.0724637649899826;0.893542186312428;0.319142879119703;0.100245801955127;-1.35192711541204;0.244810741263599;0.194947096389808;0.275653546138492;0.537613053064223
1.65586735150162;-0.531966149660170;-0.532206805963446;0.915356588462857;-0.636270995230895;-0.213035375791790;0.0255434861399952;-0.268420310780059;-0.772494407533953;-0.289061894300526;-0.268340256791286
0.840105308728004;-1.32814513359785;0.110549025656020;0.0567373847380245;-0.633555799364129;-0.464802476556206;-0.457537277383361;0.644929319617197;0.543445051949569;-0.401335578723556;-0.163168890761973
1.75305207753814;-0.262263723195922;0.620519810469689;0.695338932594994;0.285893720286249;0.141963992852281;2.27748049851866;1.06571883909720;0.0364389655939327;-0.291034749498200;-0.230805254575087
2.05237199183694;1.12810123530820;-0.418346241162901;0.815433941569900;-1.34209762730671;1.00856271484507;-0.407496620558115;-0.466380526957715;0.367770792407537;-0.754629780061943;-0.410349731305695
1.57059199130706;-0.610497605089028;0.0190171937896151;1.14468645777341;1.38519667573252;0.120486210050000;-0.520247939008158;-1.41162064514401;-0.445270737468768;-0.971812140780785;-0.305237361362566
1.14886504153211;0.404269023679967;0.452596431460958;-0.157202999066028;-1.08873259821117;-0.588123348096994;-0.237342156590325;-0.0259369146898130;0.518555002896933;-0.218601052316276;-0.541799235384721
2.36629134571259;1.17979931697596;0.841223775949781;0.503205140276093;2.02924368813068;0.556042653657489;0.354550934910265;-0.815532625710021;-0.938946702587863;-0.167584709080487;0.266092420589332
1.50963907430656;0.289683841793860;0.581478535931381;-0.0881370851308706;0.927692515128755;0.160504277670850;0.689060585619633;0.560845606616977;-1.39469776524904;-0.456903278122115;0.107634003497803
2.50970197436309;-0.239728633987637;0.907192402157228;-0.418125831009071;-0.420729779673401;0.326083413135873;-0.150433631117632;0.668552303976006;0.0991983187989485;-2.06764979295302;0.756823402853899
-0.424584916319132;-0.591225170542713;1.00194845629728;0.143587723950758;1.07420235019561;1.09228616665864;-1.24561630595605;0.915648414616280;1.08647440395911;-0.869995289570635;-1.28350527875268
0.980538404869153;1.22539326974839;0.258647950419483;0.139889696450784;-0.0268458385605806;0.857784712585010;-1.45515609812970;1.28577491259378;-0.105517015158758;0.485243175893598;-0.107969836737857
1.13484915119048;-0.216546341214107;0.275542382836843;-0.853843154849914;0.564771562722247;0.506147853926704;-1.44207512874048;0.440485514243743;0.523082900615738;-1.46704488227235;0.944446208551290
1.03984787971339;-0.545044471983471;0.168792442652652;0.347398093049723;0.797831622355551;1.18995444822568;-0.0156544613789934;-0.309636586024318;0.800960383219992;-1.31676528690517;-0.321652183293251
0.951901488236105;0.857063826395287;0.736735546473252;0.460650275338475;1.67640601381687;0.379955613811058;-0.753512735592168;-0.396142722883761;-0.425405905921969;0.213051837482804;-0.555000730230739
1.69898298796659;0.466967876252035;1.15632081878458;0.240920100353508;-1.08359350885477;-0.302118651721151;-0.457211696305803;0.0407256421947053;0.451101174942072;-0.399628945081321;-0.929724900233327
0.820509473849631;-2.07542287754460;-1.05848589143881;-0.133128861963284;-1.06585604535985;-1.17953795144810;-1.64687661678999;0.0973225639215870;-1.74869793473238;-1.67687486706056;0.410235917383975
1.65487905586486;-0.643039110953270;-1.43729088879680;-0.217599218051826;-0.614636709308847;0.311730632661625;0.526304965131159;-0.884761585584907;1.08550369161709;0.0907492656979274;1.11622492814031
0.629420085318621;-0.969343055795403;-0.565774687508067;-0.0335184794221907;0.793549120145751;-1.50612967902794;-0.383121843334684;0.914272968894053;0.459286082629834;1.02332284581007;1.27307129516389
1.57763994157197;1.04812900089162;-0.0107995247749235;0.349246826756484;-1.62522893415605;-0.821891271272271;-0.203229849942383;1.71903626074993;0.753699968596173;1.02783108739277;0.351848753940433
0.0670402714600332;0.0300486588870359;-0.677403733207333;-0.997755613046412;0.865364072924077;1.65708612469667;-0.217858025002800;-0.744891947110697;0.545624454119289;0.701662200516141;-0.0318737889198356
0.300418170893383;-1.22505295717642;-1.66634927809290;0.0693260316956140;0.553580765229183;0.426649739452854;-0.0497792755159384;-1.44496164161948;-0.333479578853833;-0.493223432996961;0.0904259658972099
1.23670782991205;1.00235917764387;0.241843168353507;-0.350459374617793;-0.941628084660258;-1.23184806114692;-0.00980269557306751;0.321525935760207;0.647416615207076;-0.0958167123776741;0.217342507654518
1.36286056152830;1.08370182435640;-0.647847601039301;-0.834111384340358;-0.558390892113400;1.64328032539185;1.16377868761975;0.406839056896806;0.0655916708989766;-0.682691722736422;0.501861822150557
-0.715211008955482;-1.89435657616534;-2.11654791431995;0.219755987280371;1.33057511324296;-0.317658540088093;-0.928898675500485;0.135820686705533;-0.122877147154731;1.16323991558265;0.784514128483030
0.775928143632087;0.622404008129559;-0.123598554886374;-0.240883359161497;0.0465785912710623;-0.566093944461186;0.713115646023936;-0.567062332013950;-1.29125341002181;-0.249532569833744;-0.506792768785767
0.902235431124774;-0.501862379285499;-1.45415077719948;-1.65128234626166;1.23079908644657;1.19552180134291;-0.00378149548814168;-1.55920789790655;0.486451368466909;0.627114202388354;1.68770295164747
1.48954281621029;0.804845510435247;0.194877561419283;-0.653604863939592;-0.781819102420324;-0.103671361269193;0.0147778664681216;-0.659898919472792;0.695926265960300;0.100375698339920;0.0213471045821853
0.303537577451974;-0.127043651169292;-0.179835455751047;-0.583978110836602;0.275958919586900;-0.882561126755057;0.664479400147419;0.164235528811864;0.732817929713554;0.0124866869536962;0.274092865924616
-0.361530056856281;-1.01881887300993;-0.786344306060841;-0.219042193559866;1.27591410166095;-0.119955593048598;1.87754074319780;0.840490984417152;0.424467774883326;0.382947950302171;0.265244294333133
0.846542020543476;1.08657797168928;-0.752879430951135;-0.408023287066393;0.202387598491844;0.633168670310331;-0.343375648341752;0.474128699226588;1.32127093157776;1.56816612421007;0.911026566590775
-0.563359468593489;0.181522841031375;-1.47500236436894;1.34493269173025;1.04476480120018;0.350374685427852;0.0343408637663358;-0.0694927745239255;-0.539077299970188;1.73282826709275;-0.984619807018818
-0.300102599146534;0.387617297769708;-0.0284178067443624;-0.120274138860176;1.85923182161394;-0.432808019767007;-0.370017466199099;0.459435804662861;0.0563479926175810;0.477224321560178;0.0722455267031420
1.05153787170830;-1.30339374975274;-2.24016316895492;0.399791882581734;0.409313784686836;1.11881003624704;0.508754156025500;-0.0531288077529590;1.00390161066313;-0.419051631076646;1.48381110021006
1.26580721841685;1.05039755241540;-0.682162003465912;1.13508070903605;-0.746586772788137;0.628133546625884;-0.262681196629984;0.455084717480740;1.07532262795020;-1.21016614932236;-0.137478520806249
0.198513754069991;0.504753221214424;0.178678970326276;-0.0991888140191424;0.358637897772544;0.176111435519283;0.212095751220994;0.720979801936937;-0.695801893657591;-0.0465946598336077;-0.708621623208997
1.00448090272677;0.812853428565307;0.340730472170529;-0.560865599362789;0.144021823390688;0.930495761891257;0.0504945234726453;-0.655487870304571;0.961860749156526;0.154062686692906;-0.363169836944882
-0.110890696385982;-0.591684071904661;-0.818578426501871;-0.0553723036295428;0.0825467439981473;-0.208650453971188;0.132599039681828;0.0978893140422112;-0.0559285619432791;-1.00454295558802;-0.249482128213841
-0.376710392670237;-0.517390769072917;-1.03919795349525;0.915335797772690;-0.150601104320790;-0.662570576884335;0.670194690644267;-0.325455975205421;0.417559738869602;-0.165403188094746;-1.07471886270077
2.86589881243598;3.05576529486568;0.393514846242476;-0.419636167032724;-0.435418909223403;0.423527421964885;0.127273051380224;-0.881347509875835;-0.554383556619266;-0.623343361258552;0.577921983383245
1.11344993493578;1.00694713932120;-1.32503091869377;0.513750978815796;-0.803650746061111;1.30301539450203;-0.121104038424523;-0.599217941869767;1.52713521989225;-0.0720621436596725;0.0226518281414964
0.214032398816422;0.619483354097601;-0.841489017066924;0.276356512123559;-0.00276547826272633;-0.0995769688795883;0.437807596345959;0.0160422206600383;-0.247047689785649;0.254825193725830;-0.421794355668632
1.39319809655696;1.08264358793715;0.0116102348204635;-0.0839948305660427;0.757441152724751;-0.829678767446864;0.680009610935361;0.274771540088336;0.954895774966657;0.476224962662556;1.01988997117216
1.46480518847701;1.90903840587380;0.210516396926379;1.23442101964160;-0.572517809761864;0.676047072401134;0.837302242945241;2.33682208357865;0.241175348977063;-0.452276427130973;-0.314115537226905
-0.369234366351114;0.0565563290147679;-0.552690587639671;-0.0976378065300475;-0.440315098276789;-0.647419716432443;0.186056842234490;0.0879121748850319;0.612105807048822;0.281222283030983;-0.733668147061538
-0.609395177680934;0.430415066335927;0.0159058229446075;0.795581557002406;0.0897668122106223;-0.601763456578091;-0.474745141730652;0.312245491930947;-0.0444466685216232;-0.846879483286922;-1.62023354381622
1.82664165049398;1.48549820142589;0.317813930953597;0.768914424689962;0.691416117805086;0.334074785102852;-1.29274266673996;1.00813147735092;0.903689628249760;-0.734548566424112;0.837177722126949
-0.996053576016366;-1.31720086181787;-0.841527093211004;-1.14899169591720;-0.659918509457353;0.388911294232198;0.124877307559472;-1.02615960664911;1.26643292395031;-0.300282173586202;-1.03836098907769
1.26183629149353;2.16253933678739;-0.0109915872066277;-0.593443497247970;-0.320120789851801;-0.284556010714958;-0.895809599400220;-0.438235896343916;-0.107682143505147;0.964330138221138;0.222327373141052
0.634259655582177;0.979594912662947;-0.952389142592501;0.594440470842793;0.937167718414011;0.285850596914384;-0.0521634956046230;0.0981160498405111;-0.506286598552122;0.443461980511027;0.210080819235772
0.892809681426528;0.556990687606762;1.39489051498838;-0.457812193283921;0.555937171005953;-0.758785276279478;0.155897376828857;0.385400492676026;-0.104496780997217;-1.72612849831931;-0.416057768604731
0.221074960038719;-0.0467099815782255;-0.637082001395911;-1.13836130725752;-0.252799214796026;0.0129737459921214;1.64797735893403;0.0590621994493827;-0.835583258176300;1.74776685973332;-0.204662257290451
0.858073819408999;0.572683540548958;1.25491100204941;-1.42613372001588;0.898328427134786;0.0122624052808743;1.41769205429682;1.25488958165829;-0.840706831859419;-1.63786542475379;0.239009004327404
-0.499346572306601;-2.23671247630739;-1.83313231754657;1.04311121626443;1.98216063794922;0.256457980728988;-1.19786678325086;-1.83452224294373;1.45286203920492;0.211969006723495;0.0252922049672632
0.938092415968487;0.463758696844709;-1.23751144386636;0.343555589575600;-0.470728060418823;-0.295060402437649;0.382728735794015;-0.00698757422161130;-0.143531786024476;-0.581312762784413;0.374456709217435
0.0365957827318178;0.508541510430840;-0.147930462839850;-0.560782914053321;0.495267538467807;0.224721735967264;0.628947185586868;1.53236859243836;0.790108514112023;0.480498144723574;0.322034281125077
1.74136961458582;1.32982918760844;0.807899656902610;-0.595220087765217;0.590313452137326;-1.30795485678110;-0.866300299520894;-0.451842518347736;-0.469383043764929;0.228903675503878;0.664210717565632
1.21200936481086;-0.206448598760570;-1.75580898607085;-0.102845175851817;-0.394052966111510;-1.12501322892968;1.09976424276120;0.0683649986420782;0.910272916413027;0.601141417150098;1.68879900914200
0.653634799193515;0.0452733429423825;-2.02574797900829;0.924664422491279;-0.769970167454735;0.365209058942161;1.00089898189232;-2.23950550627616;-2.07461601247661;-0.252261150441910;-1.32844465310360
0.669560061711043;0.280318244901581;0.366047509582090;0.370973113372212;1.51906347161250;-0.916906058202819;0.977739850326347;-0.169869206269085;0.704887846407393;0.0134493925628537;-0.0165729034301900
0.677638024262361;0.450708434125736;-0.183483041081959;0.142629880387014;1.40087093722090;0.154465285503478;-0.239697790344405;-0.853692805319223;-1.44522209449088;0.215279195331347;-0.373343632306628
1.22576318141353;1.61576661197215;-0.146164832767859;-0.262458016349766;-0.157260949695643;0.359058008512686;-1.39997853153342;0.124423786981887;0.349429195359420;-0.181479630633466;0.440244085052467
0.229265246424387;0.747293741156060;-0.947892091406289;0.255720996171687;-1.13486286587555;0.0833911809544695;-1.83892789837657;-0.294040486214620;0.197433150515611;-0.679610594863886;-0.596290593827898
1.31489759085636;2.38429570958335;0.517969055526835;0.221068676022462;-0.139635315406718;-0.808751999358730;-1.69231030382079;0.0716870330247196;-0.581523559702314;0.147673021842309;-0.186915612270013
0.904574682385622;0.407138875312685;-0.388661330431997;0.289184504556750;-1.53755271438458;-0.207865145961430;-1.30622217660065;0.0899132730172745;0.443939167692241;-1.02743188518971;-0.457949996630162
1.57054631949198;1.25313176510247;-0.503903395973685;0.960154020836786;0.801259350665284;0.958769930460905;1.18040006558362;0.285570962186639;-0.0499589445516816;0.622334508355485;0.150509083182540
-0.825284760757062;-1.59492025272713;-2.21923342909511;-0.615022792722736;-0.680088691525824;-0.867250030762270;-0.781701532844976;0.533010786731521;-1.20669146768594;0.0327608125926561;0.436673604274617
1.17963582972736;1.73641749625045;-0.156776449365026;0.348665449613999;-0.661090245087860;-0.807170865365230;0.219860088830147;0.941374879250747;0.710561526450586;0.904641323802773;0.240884888323141
2.13589278373243;1.89074348330698;0.952096360028164;0.739344768645719;-0.745577228882577;-0.153310050333780;0.980168582980835;0.384411594097927;0.217439944604114;-1.16544383196193;-0.634294381091779
0.155714460564456;-0.481164030672288;-1.00480381539253;-0.629864700211066;1.29668666813807;-0.859625701662614;0.390412282532364;-0.701620723264313;-1.28722956996996;0.527635344687808;0.577868392020953
-0.0775772125229731;-0.451067583503926;-0.833572648306441;-0.965651544483976;0.588536575757989;0.181226768972378;-0.0490799403906175;0.189974097889705;-1.03137602552930;0.187365032733417;0.281146055497083
0.461483984803259;-1.17695406726353;-0.0851314294932570;-0.634943650005603;1.72430011739652;-0.489328633745471;-0.351641836947272;-0.430128125658532;0.917949403208937;-0.638191371031214;0.939715757675859
0.452463301796099;-0.298277142498510;0.0352021550928084;-1.32986302784696;1.09608817109973;0.356872372419071;0.0115455829305345;-0.602301831665114;-0.325913494986538;0.223956336633287;0.280428785597665
1.05863608313975;0.0846489973255331;-0.795429590070152;0.588694115336980;-0.423733600975496;-1.18736012703087;-1.07702854373904;-1.45875680309772;0.605562657563919;-0.413099014755278;0.0116026046217332
1.57792650664480;1.76805633725340;-0.385232031822873;0.177704107684516;-1.45188981981340;-0.745574471657744;1.41458996604870;0.739981808713757;-0.222166272339995;0.379087148633723;0.0614027230398371
1.68891128293645;1.92733790015760;0.326959513357713;-0.157214335871886;-0.696526951537756;-0.226663680326520;-1.47043780809682;-0.766311581094198;-0.106358118244284;-1.56354491987969;-0.0743670572386909
0.394302359094409;1.57947214349176;-0.242582436956548;0.677291025342376;-0.344696332146373;0.569120236438995;0.533734355534311;-0.0194697122025684;-0.614190822325549;-0.219542336864597;-1.45256147223141
0.384807321268430;0.458221418642168;0.604509751844611;-1.76791709424928;1.17899135770173;0.581820348925359;0.589776154554210;0.795220592151973;0.740585235281266;0.0434719946330177;0.726068337299736
1.32931548608890;1.42975357579922;-0.459042532162159;0.0394368701726737;0.280453115073498;0.858704707106090;1.03251043118716;-0.350959387249709;0.694914698814048;0.477391020929259;0.197149938150013
0.976242307242348;1.28633318209215;-0.304798991444290;0.0791927581654495;0.234870722675613;-0.393136788312026;0.504707184163002;0.286405465990158;-0.843934474713642;-0.0814149476202371;0.106166462810934
-0.126943468596048;0.208624965513234;-1.45853520123829;-0.444843775575389;-1.10820992905962;0.0113132485153293;-1.50715044652190;0.357382354745756;-0.601737850758624;1.26888295721307;-0.0797301916768449
1.02192436779980;0.627887970319404;0.186147221942019;0.269119762538985;-1.06940846158615;-0.433667866556027;0.732871600886380;-0.176702944567026;0.641297208950500;-0.404675351197130;-0.884035263580679
-2.29390232946068;-2.91273419692559;-1.23453873117045;-0.104711972475982;1.93844431355549;-0.241212442304030;-0.667358578728726;0.156394754436977;0.144449726566562;0.236096043498133;-0.720650789973006
-0.483005170095534;-0.996775889251358;-0.335430538944509;-0.776662271065394;-0.268203590210683;-1.86144841529665;-0.352844915818047;-0.957299772876778;0.716052995548963;0.402774139574095;-0.471226904926721
1.33650675191752;0.165254952815812;-0.794473384903820;0.828080566822338;0.187495707683360;-0.0397548181987529;-1.01376995624155;-1.05466722381497;1.39124416710933;-0.505229319202279;0.392306118372308
1.10724823608287;1.48206412120315;-0.300044125878657;0.0213978322512680;-0.954114438132725;-0.428991481063847;0.280209380670784;0.733446647468098;-0.729711861426881;-0.818397502908808;-0.0528476325170042
1.07940586836162;0.478907118769998;-0.497243933084148;0.757841390930689;0.243440608894723;-0.122176927563308;0.132534608490531;-0.302502081619934;-0.214478710972896;-0.146930347237748;-0.195488348253358
1.51982757680707;0.818113286415794;0.0480531364169444;-0.921160864590771;0.482640355323014;0.638810841883537;2.41724748430502;-0.652655297640884;0.148437083772050;-0.264687149007438;0.338342839410016
1.06443800847356;0.852886161494565;0.117691512628738;0.191013843238827;0.827655080216554;-1.84922949394097;-0.179853463502310;-1.66341580605949;-0.565047039513803;-0.0479644146693433;-0.141722153848089
1.26284231282312;0.837059172647238;-0.753950467584472;-0.592199349406913;-0.823984463064962;-0.281783053139936;-0.649938220636373;1.19318086249131;0.384887348876172;-0.214512255000459;1.36844714720384
1.08497858905035;1.41434209148670;-0.590826733501877;0.949871701511309;-0.520685320958104;0.463175218553227;-0.0575206428934784;-1.06064220540555;1.08928113439574;0.168375176491641;-0.793388563024135
0.436800361046251;-0.0332089099262257;0.489157241011667;-1.31207753379120;0.279821542137984;0.662973849738992;1.20916749143200;0.179095454424333;-0.0386301008831809;-0.951465399684793;-0.325418338500568
2.02374496815792;0.740071971215234;-0.758389050039606;-0.419149496410137;-0.345477699379169;0.421651489076614;-0.696239324476250;-1.12415334239717;-0.719714783131922;-0.0126030956114724;0.784809813920877
0.957175447048530;-0.0476630441601171;-0.348391857924593;0.316560350000877;0.281484437844552;-0.464912755135860;-0.550309641081410;-0.838960345940983;0.513276100571470;-0.361551620665266;0.0210380763642561
0.787664448075500;0.611435299605051;-1.52925896629774;1.22262741383578;-0.929424283664569;-0.112957828268857;0.510058504693865;0.687443843108975;0.433183683554248;0.0566071877659614;-0.00352618840270585
0.589512019530964;0.0750800458219956;-2.18309817968282;0.0328516912588355;-2.16921297196508;-1.09923071455197;-1.72488166392388;0.728853954697497;-1.61586740740705;-0.476695985139109;0.682786436579036
0.867204812133599;1.47239534441972;-0.235670065073753;0.585872529693175;-1.11208477306760;0.433393219280719;0.261286313508197;-0.391340341462592;1.72974088012970;0.662294156681836;-0.992850782522082
0.873403024278432;0.677275017114329;1.02959123231424;-1.25192477590617;-0.787073004567389;0.0349800362323354;1.49519910319343;0.839143209830660;0.00832855293434970;-1.40078512620466;-0.517479241032931
0.855135411598359;0.952224390184950;-0.267404615340945;-0.125335341643118;1.16556532651241;-0.0352892745154298;-0.462550938476347;0.326696366357161;-0.126115152735452;0.423754385850884;0.724089261185212
-0.248831783098175;-1.50981298178149;-1.63566113404629;-0.426555094815503;-0.160511079668410;0.000360501306209156;0.268939264748822;1.25734217575848;1.54968445923832;-0.430302392648924;1.10858704747288
0.509499573028587;1.16050854752890;-0.353140381140066;-0.272816237611670;-0.406207161954828;0.255592881873068;0.417991333676413;-0.113186398097318;-0.497173367721523;-0.148907121500442;-0.604916409317340
0.869780882821617;0.899690823599637;-1.10401858750936;-0.467859099103380;-0.526018247514342;-1.01086417352147;-1.39546542086461;0.668737859521421;-0.249339371491094;0.703903376324543;1.30007541429647
1.21914042607790;2.56947478111765;0.607475265568769;-0.736196662178813;0.425387759472838;0.548362420469714;0.463839128123727;0.623380044209438;0.0384920278601725;0.739494524210592;0.182027102164559
-0.403589241870960;0.704627497235804;-1.10327574398154;-0.403971299701159;-1.00056368260789;0.662165780978572;-0.520381552305724;1.55753976597399;-1.81739814968254;-0.738324471990896;-0.560966078919726
-0.856737818532500;0.870971522318521;0.380390481444863;-0.422566667800041;1.34845497593245;0.503327803612155;0.0819738202309618;1.66506758764668;-1.19314235319420;-0.298099503111256;-0.849633724822639
1.50603969592996;2.74265513056165;-0.280901092366790;0.500655161554269;0.00705623882270665;0.470471535273063;-1.48675408208853;-1.86952309875606;0.234467746254659;0.424243593726070;-0.446522748570430
1.04101468924577;1.99384811999045;0.680902843673237;-0.690163368036179;0.135365293265607;0.657782522949843;0.342306093609919;-0.106017493661114;0.389633092377232;-0.505479273823898;-0.328186102998826
0.367972939702912;0.381714522210635;-0.757241982126056;-1.92816092186908;0.412215153873128;0.702158553253369;0.989816664974562;-0.568914168218228;-0.964502566597679;0.808235766388365;0.511094263267337
0.463231840936561;1.06743693805216;0.406898367284023;-0.983582920953260;1.10039242121893;-1.05910168052003;0.694339481285845;-0.837581416495135;-1.24023422639852;0.238907391449453;-0.167213890012226
-0.533243137768954;0.423207384538688;-0.800793685386019;0.492894144098424;0.482242882232734;-0.201587421253996;-1.03927558169374;0.966110005941302;1.52744033825088;0.755586843013419;-0.0311937976550252
-1.25557615470426;-1.80956807650729;-1.32863336357866;-0.827488677452035;1.78671466646373;-0.0849915048899231;1.30831818474847;-1.70043780907589;-0.280624652195724;0.515415319426027;-0.449802957321031
1.74750794696931;2.42434243682696;0.386653977940166;-1.41376149688489;-0.0824929453019704;0.870075367341051;1.96834557679209;-0.649649396325861;-1.02189096171179;0.343272492238266;-0.00817817982081045
1.02013504167246;2.16243736324413;0.583966704817668;-0.898717779702250;-0.316327710935635;-0.0218643559616057;0.404766790502599;-0.0679866164904135;-0.196831087398616;0.431845956846723;-0.365885536800950
1.19027371746375;1.19821754938461;-0.633099701176166;-0.632232097976582;-1.18707033562921;0.399339864978207;0.822377796362857;1.18744351863098;0.324108430945366;-0.704599614925535;0.707204759789435
0.614215013272496;0.342427819097799;-0.725669834273962;-0.312141892213491;0.0882662659265580;0.204091501295994;0.245347024918343;-2.15743155193123;0.514342752472599;-0.533167408693281;-0.462590485224634
0.417818351439464;0.102121593142442;-0.320902608184393;-0.994616210528759;-0.00255354568218284;0.279556387935089;1.10194893351907;-1.32940423507211;-0.723717285716866;-1.38613602780240;-0.609445997240861
1.38340566308220;1.97077967213679;-0.189344765209022;0.0549777545574159;0.302227731737199;0.889186354653113;1.99797218128248;0.250823967748510;0.0628971318428059;0.206622591216539;0.00602218893530925
0.377646075178599;0.831693099689519;-0.982930790411805;0.167026193589129;-0.394892305516929;0.460058397764288;1.04482838334395;0.347724680289387;0.376575795637078;0.174598526500676;-0.262099496302861
-0.553255314246283;-1.05086278462071;-0.359606044843414;-1.13229590197596;0.0893785877276457;0.400976574477450;-0.482481973978113;0.0533762661795570;0.383375766824582;-2.39018655320357;-0.230501387890221
-0.578564914588794;0.995305547855032;-0.589430754110660;0.404865334569574;1.22875040329908;0.252175602104345;-0.524925597241038;0.174471960388540;0.353658206476423;1.51984248312163;-0.605528806347132
0.324490927511634;1.45647836655419;1.90275363907450;-1.27190239488363;0.582635122421563;0.264528095131816;0.210822381034777;0.719358092683835;0.911676352913221;-1.60120118741993;-0.751716658160318
0.267983168615362;-0.732158774064678;-0.975259812212498;-2.31974986473609;-0.389040873620805;0.824088694156870;-0.721876333279905;-1.19834457398480;0.345625517227977;-0.927942365841689;0.777760963841085
-0.152494256569981;0.979466664353619;-0.462849899015404;-1.22103914528001;0.282801795615820;0.471947406812891;-0.389156419369400;0.155276046838224;0.192233755788529;1.94272478046260;0.0321476611859735
-0.166161355889372;-0.335713576348853;-1.68984324112412;-1.58752537448191;-0.833049023090386;1.23539417230240;0.360822421891334;-0.566897791535359;-0.550582376043007;0.353302616047258;0.154647524066074
-0.0329015381101234;0.676906438500261;-0.902659823987131;-1.26094505336876;-0.280583394100745;1.39078948698511;-0.155757616469279;-0.301994527066526;-1.67604315933202;-0.254971834796431;-0.443316862974472
-0.410078914496358;0.0815456027894823;-0.599044560753722;-0.822795207070278;-1.24252782525788;1.37535259117979;1.00747142712270;-1.09179917572746;0.723788567927318;-0.618164099896328;-1.68635316968376
0.830420170796647;1.51227175473376;-0.857748358304245;0.745300249666479;0.320878804807097;1.31759424229779;-0.488381858006007;-1.88984328795321;0.0334761049474301;-0.302656209711648;-0.967537067961612
0.829472998429086;2.00718477365789;0.382254567487958;-0.491276520911814;0.863084354728544;0.420519222493236;0.459996301040917;0.785971026696936;-0.172466172398307;0.377154221036089;0.172745159465076
1.04458043287576;-0.476241862319543;-0.916247346779024;-0.879766250317231;1.06916812622374;-0.00321766999623939;-0.217585399216509;0.250983689086183;0.191875225752214;-1.41568034124857;1.94998493774347
0.721458319644998;1.30934220121338;0.113623626450387;0.148401544749162;0.575462248627379;1.18097824907716;1.04598138084154;0.953598906328528;1.28564541814987;-0.740419747851618;-0.0272456688737135
0.158567119202644;1.54737826139589;0.253831794064431;-1.56171835966768;-0.647897118330513;0.192777535034210;-1.30508856504761;0.137561913672119;0.181425518162823;0.626496252526787;-0.258625456384200
-0.289259175304636;-1.57766324507144;-0.359134667803767;-1.37769751301780;0.462861409712150;-1.27707620272916;1.03079526978199;-1.13604291562383;-0.221908514875853;-1.83218366204824;-0.0392824134029463
1.45892253989548;1.78215562578935;0.682730544690833;-1.69162601558730;0.272226962257653;-1.00084148196990;1.10518650140906;0.588485899427652;0.274641713454593;0.875614996164759;1.24755008213209
-0.0907080594716029;-0.0214862570728066;-0.280481210883906;-0.712753879137681;0.339285443231987;-0.237923925127631;0.536700608167130;0.921001758548887;1.84643811068228;0.264300037069580;0.486316456493842
1.26556590362870;1.79280475026264;-0.143785889737451;0.810804971236701;0.459862720179680;0.129541159997404;-0.946700380564534;-0.00783697211868656;1.53511544211743;-0.305244728747874;0.320401000946084
0.225188656681844;0.158559551290327;-0.508649293760639;-0.404721387977492;1.24772448603579;1.60534365672498;0.662241333524531;-0.554791376559638;0.982338402538969;-0.640852980437907;-0.0403629947308166
0.523779995599597;2.00259578314617;0.545160169482803;-0.728650515128918;-0.614004213748786;-0.724079413183880;0.393877465692598;-0.759035369890496;0.741495198282081;1.39065246923279;-0.933329707354719
-0.826677956450342;-0.915035722590005;-1.53652735572544;0.406753260545800;0.581566419730335;-1.24702086612236;-0.782606791710597;-0.489827725928939;0.0359009494196633;0.0438535984867137;-0.169232136661594
-0.373774168924306;0.265555092357894;0.318530020523157;-1.66355960019367;1.11934259186177;-0.0239149368585111;-0.161771656019474;1.11105194696034;0.776337473503844;1.06402340408232;0.563812065140982
-1.43427038458140;-1.53179971428531;-0.727410283723159;-0.560817944298796;1.09576447591116;-0.480682199638287;-0.769116942292871;0.290155559156838;0.354107222837934;-0.945503662328204;-0.278952511969611
1.16778479377408;2.43361492333383;0.641357359753651;-1.61169070753142;-0.855285332562542;0.652213777123667;-0.651053422979982;0.454026102454038;0.271374616804048;0.171895170872282;0.168152507259787
-0.373753291722859;-0.945835253446796;-1.46246296151178;-0.734731067339151;-0.573076348209418;-0.0692866066744498;0.486150709321899;0.251546078964270;1.06493635666527;-0.124538192851805;0.330208318782147
-0.408432916185744;0.865619756011084;-1.11728812017117;-0.863943158102967;-1.55511552289519;0.604719693842432;-0.0704475873849836;1.03766738007687;-0.667109983209968;0.802966648218512;-0.634352323371792
0.123619993937180;0.857626685651811;-1.61776988776864;1.37392619166229;-0.450552311078983;0.218276514441946;-1.02923791295514;1.18390890518925;0.874473731041847;-0.0215819452620261;0.0513283824975042
-0.401226153903089;0.110696957865058;-0.512584768297154;-0.668632313389480;-0.0242492376219187;-0.576389275946850;0.172170579866148;-0.542587049493369;0.385517134250068;0.668934407457721;-0.567843431124582
-0.249921698327452;1.44552918112786;1.39729240118710;0.242753740742385;1.45005528274985;-0.294115848874035;1.12204505948234;0.895956446186162;0.300808813373491;-0.595710149475036;-1.36212855343896
0.621550773144203;1.11756417482996;-0.301727443331942;-1.92504698157146;-0.782427895582625;1.03476783608553;1.13077329676855;0.0748136635546890;0.0509439774387967;0.821602204514685;0.120106871304213
0.407994012428536;1.78656298441233;-0.0652706195456980;0.318904217408771;-0.167747091304308;-0.382363554924652;0.625331385084140;-0.0721703753889859;-0.00558889156397964;0.740064675040777;-0.953024550325620
1.24932421620557;1.83156738768918;-0.488618259173005;0.368458168665999;0.0421213422028771;0.322493350613025;1.00442997158966;0.157425957089975;0.145439626592595;0.426922326068577;0.0730992127909075
-1.05393181510960;-0.603595191087029;-0.953920103867949;-0.573384660501544;-0.383827090829389;-1.30685059092746;0.486713291821523;1.30166052205398;0.00416694925405125;0.608949712477525;-0.150352902061444
-0.942687639698273;-1.10813901312989;0.333799964844062;-1.21758631553438;1.93604703474647;-0.0345157823103957;1.09237560459903;0.289842206961152;0.772606991473294;-0.837697218655420;-0.187940909490744
1.30372212504849;0.415398429935341;-1.26320258582404;-0.521996853693925;0.0695972386360133;-1.12175466733727;-0.724829922920864;-0.464124637591794;-0.514054677012521;-0.501634854754865;1.64049726930505
0.0207162738631958;0.862459671192373;-1.66610811059187;0.556038595068646;-0.983821717850122;0.185935130098158;-0.561166815298837;0.212173852022913;0.105455081327956;0.707034512884371;-0.328328069156895
-1.19252528821648;-0.646053235725742;-1.44584699181368;-0.0280205687709903;1.38602673016209;0.494989942400985;-1.02051630287126;1.69651459009342;0.466413804452290;0.625186319554512;0.562370572367105
-0.587513873582139;-1.80934397635241;-0.935388367219886;-1.33036875845873;1.68095952300980;-1.30041204854047;-0.902401569259461;-0.716448071766863;0.573210436847670;-0.199139054035854;1.25154717109520
-1.19522752033074;-1.93455096449471;-1.87142173625398;1.18059970044445;0.623650328029160;-2.18478891337638;-0.484787792901266;0.0944175825463678;0.327929799424210;-1.00227256105661;-0.0804598641078538
1.13292789885417;1.72942062975890;-0.836212422988655;-0.0167161962791292;-0.905052444467547;0.0924554778577596;0.164624832045854;0.973294196621980;-0.376146964515075;0.253445794213130;0.429201255883177
0.260088053248235;-0.648802008474081;-1.74291093546611;-0.281365387904983;-1.49395020648085;-0.275467173439616;0.171946564508556;0.355907750222365;0.859383851088689;-1.06327214891520;0.506424194966203
1.43682024888176;1.60565877545543;0.635297088457377;-2.07475510874708;0.932735642062620;0.0224027115804996;0.752963581798456;-1.62086323898819;-1.07107572487926;0.140243832767836;0.462785023232952
-0.437339320226544;-0.616452619431954;-1.28388622202113;-1.13592919925699;0.584342953725330;0.961756366455474;-1.30103534174649;-0.933325959433760;0.599736238462203;0.0845867779656902;0.299117436518276
0.333037425712641;0.856028302375640;-0.251982536631419;-0.748232727444077;-0.412341500486505;1.11322292146057;-0.198485031075183;0.401938601477564;0.787354160373141;-0.761046622005789;-0.187015748660989
1.18106968944133;0.807537622979585;-0.262021945360846;0.415517582146619;0.527744061173308;-1.37748676967347;-0.466266907438670;-0.189699414562417;-0.419648144062823;-1.66255443788688;0.587991344653034
0.694677536866250;1.04305752808737;-0.762694319644708;0.631004406991542;-0.904667546477710;0.106355358863637;0.554057535057651;-0.705581252780505;1.01219065663523;-0.497825637593643;-0.757746931226741
0.860783124296974;1.35846264311106;-0.209102714360187;-0.0784090401257069;0.604383723654030;-0.0804600453393397;-0.697144150050479;0.514371985349670;0.131120501008103;0.0119074874005342;0.572171170154210
-0.394207233332782;-0.118001349221259;-0.0129129307781343;-1.63648462885293;1.07754005678841;-0.985021661501122;0.751794473179159;0.280849921980811;-0.942596253906394;0.508403270590968;0.273814123935304
0.0161493443477763;1.25055235688611;-0.451828386207966;-0.0906006539819620;0.0245956212172141;0.543751765007672;-0.101013432519791;0.722370397974536;0.306357108670560;0.562777901568033;-0.370795785412069
-0.0822419341185251;0.207830481377344;-0.831300350444754;-1.09842502947103;-0.559909331690764;-0.155129894463096;-0.426154925065254;0.694815957987814;-1.18835979497439;-0.626950145517993;0.152276925168273
-0.856393923321296;-1.18747054502382;-1.43296751263436;-0.162406684817096;2.00225665334766;-0.779169116191090;-1.36791518958230;-1.20850974201105;-1.61064126217171;-0.174464748031743;0.0942861000183644
1.16357479973180;0.909459493588926;-0.365888077014933;-0.303584300424335;-0.108631080209156;-1.42516283791636;0.402987059627123;-0.224869266681431;-0.0649996383177469;-0.324539999965996;0.681850577741637
-0.439955323747308;0.423363861154592;-0.653683132457527;0.878931479074386;1.31833726637452;0.0322410804835456;-1.25778023508593;-1.08800473452961;0.254465559847564;0.179998345521843;-1.00229432995884
-0.341939180637077;0.0789993458845792;-1.09747926236609;-0.358490969717983;-0.354600225127763;0.292525320935522;-1.46551762500913;0.292996884854846;-0.0730721616943459;-0.614328236226563;-0.129524537643365
0.380415795932086;0.389741462745649;0.333430084087841;-1.10974587455107;0.915375013740345;-0.0739208419783513;0.856318929339720;0.0184481789159847;-0.561218959582800;-1.13759963458173;0.0365595613693839
-0.390573629816499;-0.475104147567003;-1.63616401492677;-0.172668383984196;0.271419604957891;0.120017615148284;-1.29129474346722;0.360657302797420;-0.401630706552980;-0.575620732127535;0.451274372012031
0.528566593843907;0.573449073330058;-0.845338940349453;-0.549965448996960;-0.726072996419794;-1.17370265572154;0.707628253902979;0.986233177858998;-0.241639041055378;0.340681455849673;0.670333863752249
0.844487123384563;1.34753153257840;0.307495043505225;-1.23982525314087;0.372222500668090;0.392255168378197;0.794693911035261;0.0187139111527445;-0.731752878725894;-0.280866015312937;0.0543250481965460
-0.469949146794612;0.0481394570462333;-0.834673593470395;-0.684661137717323;0.0268910862516912;-0.933633356401991;-1.27961292798371;0.460636405744652;-0.746500372790827;0.0259271879444741;0.155518802913593
0.791753439089887;1.29070179336385;-0.424105624922839;-0.234777138038273;0.00374095800340217;-0.284133335940626;0.330018166792155;0.103160208075148;-0.231699089719459;0.536192805196094;0.144793220521632
0.601065506485906;0.857632267047946;-0.969237513354026;-0.596526849383954;0.356813089991226;0.0454672674925260;0.961923323061704;0.319850239234873;0.583153219532443;1.80335205222795;0.840336109031782
0.619263177085373;1.50951528370450;0.429380639185631;-0.775052022890413;0.317823277367026;-0.205421263109554;-0.0390297705219742;-1.37452331067194;0.690030209582887;0.884820078531283;-0.586490215125803
-0.774767200506409;-0.815416781652181;-0.528237279095378;-2.37863156177447;-0.634397612834307;-0.982523324852668;-0.147476556342731;-1.04093395335080;-0.218755451287442;0.533466204388271;-0.251307959013248
-0.495553591797627;1.20553807408952;0.950712905843469;0.128523462198211;1.40105371848596;-0.111383449923682;0.661581597670663;0.397042287277433;1.01961384418946;0.703552153970244;-1.33825065029228
0.657546351913241;0.521061381916104;-0.756941793670008;1.09610965512880;0.900046001240134;-0.848841243866172;0.966262899135738;0.563693057421744;0.278442385934111;-0.571668155867860;0.345329512403816
-1.40970351844328;-0.982466592416815;-1.89906553381674;-0.599090575447557;-1.24856631672692;0.634294111895409;-0.595275709520899;0.481944157166775;0.769051304033352;0.584031159865289;-0.426790630111815
0.260961104227002;1.06583320967821;0.487366747553365;-1.06699632169978;-0.357566601367865;-1.64263384473838;-1.59353299810301;0.0929574308581930;-0.0137487934869550;-0.296763320008046;0.149755843528981
-1.35963627782693;0.0349288384276637;-1.88534006531631;0.0364241128485239;-0.841040683620198;0.470912694000129;-1.84723733048169;0.0116738435329480;-2.08501862126907;0.199242572416860;-1.06300909607792
-0.721803719280390;-0.713038269631978;-0.868162027138275;0.0350563628629551;0.801969301284536;-0.650276800286599;0.904134995118426;0.149048725302223;-0.436632116475599;-0.405980562632320;-0.125894661357906
-1.35055044178847;-0.652754675333860;-1.28595913823761;0.870420979763672;0.778962727330243;-1.78273658125967;-0.974941798082490;0.306860673502693;0.333225241528529;1.10258827071246;0.101911635113191
-0.493772939091961;0.536553654727334;0.0807152648095051;-0.0797763408524641;0.196389774553236;0.167244738500013;0.0512683028065975;-0.0923835516632640;0.269663877448346;-0.204008497322712;-0.288362283979273
0.642097710805702;1.46616795448639;0.342307817736658;0.241751672450182;-1.21596160375407;-0.475429497992985;0.867647017848503;-0.274235761357115;0.552213124782892;-0.708997712481176;-0.332518293020900
-0.972993775580459;0.293445124291681;-0.0666028038462134;-0.616372158852646;0.220184228517666;0.471982990318499;-0.563379227868582;0.0610143694787518;-0.400198239375089;0.000982719128921121;-0.332283964761991
-0.775493846423477;0.398765796961352;0.837325230266737;-0.628336603839597;1.01032118511694;-0.996730552214072;0.586509275139790;-0.543606128749913;-0.643214928130736;0.105243127054904;-0.526446496043729
0.442227103224463;0.718344947096411;-0.928690102882889;0.308341395897175;0.0550827985488354;0.0473959817053060;0.751110219949339;0.123282448482538;-0.173741720169037;-0.139166450461248;0.127011086061359
0.112089526742071;0.761194985334908;0.0649300175955127;-0.668305758510692;-1.94805681071304;-0.392347679396673;0.319007611196603;0.848878782683139;1.30618640600869;-0.628247368005725;-0.311079559622444
-0.223752708115181;0.602277563427072;-0.549746299832591;-1.06041588110419;-0.324853794382086;0.918633751208625;-0.826531437254102;-0.261973446804526;-0.702911849349511;-0.350469017528259;-0.465013418198689
-2.04457662324066;0.572943705943726;-1.26125257029900;0.640532675706282;-0.0857618762377536;0.476797415113548;-1.17811641849043;0.369691650955995;-1.50231739761235;1.47948965578649;-2.16331660183042
-0.494741021906855;0.123573863160919;-0.568987299020397;-1.47018938640046;-0.610929660677134;-0.262827355609459;-0.603243293148176;-1.92165382490449;0.712905956429839;1.61551106273578;-0.139697367655216
-1.32133475532859;0.312225652700590;-0.303608031362190;0.470144604625056;-0.402090743275714;0.441160988382032;0.207944853940046;0.390045181077221;1.10230667189273;0.412189164860909;-1.42616252856530
-2.51180871537259;-0.667439369055630;0.941456214068797;0.818500993980693;2.53453406840453;-0.605701383238563;0.795243148746467;1.22992385466650;-0.213552936989918;-0.882954848325859;-2.02788019436897
-2.94640043798117;-1.67152156651029;-1.09675998952128;0.329333648966907;1.19820124249406;-0.976592836279194;-1.89005614606030;0.210101128106702;-0.0609589930578846;0.592539457910474;-1.20950346096885
-1.12494311760037;-0.544731601442012;-0.873509559368394;-1.17787708220230;-0.180255657669669;0.154015666037261;1.34507855732316;0.296766248817771;-1.49391548689586;0.423509192514892;-0.306768824175271
-1.09543102561065;0.283321206780300;-0.0723217473856362;-0.588411471441299;1.23721653294265;0.750861343476484;1.19339996828945;2.15234296919403;-0.457612964447601;1.03112258941012;0.687872691762630
-0.611479415252231;0.0778369082292484;-0.737194191368760;0.698387097119412;0.703458625479556;-0.659618609910875;0.289292536675570;-0.282515089950200;0.815671490844505;0.787783075046379;-0.246508113481151
-0.730450667327157;-1.33556245482751;-1.05487483395972;-0.211147831711268;0.903092910660853;-1.09223090535090;-0.938780719451681;-0.176729629645910;0.172886627651891;-1.01099857561361;0.631807611324596
0.0654203599539710;1.45768235540282;0.634619472904776;-1.48032332206087;-0.639016104965709;1.24471713112981;1.01715559586410;-0.000327815227324797;1.01243866958724;0.840289522569443;-0.435221926568114
-0.944835505950101;0.268286121722453;1.70858399214863;-2.63778589835613;-0.0875112048675249;-0.448299219622867;1.19629459902797;1.50541382195246;0.479722931844784;-0.0948409005492635;-0.450824079407511
-0.756041757321475;0.763718225859351;-0.816661823599379;0.929030240331839;-0.235377008747574;-0.811810535949045;-0.409840489304647;1.69931680808536;-1.31599679099059;0.0484586033209176;-0.267262077698698
-0.931509312875812;-1.67734426993313;-0.564246448238599;-1.47374453442410;0.974940485067266;-0.166689821969037;0.747799084427220;-0.278817108157816;0.271111915395164;-0.469163116011458;1.07628011616523
-0.480097421461050;1.96466158834616;1.57942976354070;-0.343102104813948;-1.32367936241256;0.404238688659989;0.527225247451482;0.423687896695600;0.910368516927009;-0.295254695162029;-1.68200220428219
0.0633127628313646;1.15341881637845;0.813418006000647;-1.36364527143086;0.0185225199741716;0.655413161611102;0.460499061554518;-0.0993355514906175;0.176588804971078;-0.241120249329996;-0.390371723423437
-0.0686264752310287;-0.0845549028574582;-0.176412702074406;-1.85161100650674;-0.357806283258176;0.317737032038725;2.21124098579122;-0.759463287783593;-0.277981335410634;0.372784220145628;0.210573252525125
-0.235999148735916;1.38231116760422;-0.222798348054600;0.326817551781007;-0.983789683226335;-1.30152859159535;0.554557379898780;1.44332035724851;0.0673620748538305;1.12027909080293;-0.423682174794938
-0.540232763839930;-0.629472271659859;-2.23332002445117;-0.850224451984250;-0.587433984333678;-0.932576313838378;0.738040427147965;-1.05347279542209;-1.28132975016190;1.94995450030702;0.228727205100141
-0.218993684248056;-0.898813757007549;-1.77230821460271;1.41685417817033;0.415816736101311;-1.20371455493194;0.142733632065345;-1.36176386184503;-1.11257440817337;-1.84409588917684;-0.667669064822554
-1.41476490227066;-0.429166573827331;-0.577137982985221;-1.30804531028868;0.511273405742647;-1.04853351798903;0.306856703719442;1.25722208229298;-0.992848211848831;1.42093796225195;-0.0335481842258886
-1.05383009961223;0.546658326344610;-0.0532231173614076;-0.364762113595407;0.794736144921689;0.539240331212986;-0.352837972479647;0.280542727786716;-0.157872969451407;0.523095231917912;-0.953142591685641
-0.230332391556361;0.451234992366366;0.277180293523118;0.440096608247564;0.878483144240054;0.355437803636865;1.25554422800692;1.01834628781954;0.180549245870406;-1.47176622575455;-0.545895266800733
0.631136835293380;0.972798579144999;-0.0732597842730988;-0.132017907979555;0.353081648945617;-0.321433110057034;0.451976484264070;0.562980532253949;-0.693413390116071;-1.11428049220348;0.192460028792868
0.567337006161607;1.36796601721785;-1.43996791124818;0.757394083809372;-0.402074417206458;0.663328733785496;0.512660386885045;1.19867202359424;-1.06391273773661;0.431171994333798;1.02350987095683
0.600585866156898;0.784275308078008;0.417825820697245;0.276233919298609;0.630804475476730;-1.46989773702812;0.353575215100412;0.314270465417047;1.20117448421637;-0.709042266487186;0.362392067496193
-0.289104930311418;0.368743377838426;-0.544988639678504;-0.168103125286807;-0.366985039712443;-0.172988552237623;0.509291351795380;1.38616713568571;0.492748290571073;-0.00924539055944700;0.00935292063655146
-1.58290999772127;-1.70271229943406;-0.378988326393654;-1.98181188435741;2.05384634264929;0.938760536654461;-0.239845101279547;-0.994727114430478;0.0664093042079577;-0.0346011244195750;0.192691256498326
-2.12298255861990;-0.620845158204671;-0.0840750190405075;1.37086709186277;-0.217659105395539;0.496028395371015;-1.58713398192994;1.37978591207736;1.86008248826562;-1.96287971186280;-1.51978671979001
0.00547548596384293;0.810754077999894;0.509960537460012;-1.11505992749823;0.0263877057143994;0.232491760889275;-0.294150803273900;-0.0650989164485889;-0.0265972350271381;-0.567812284735338;0.172788004419569
-0.368915020027643;1.58018998624608;-0.640864219703046;2.11283625752595;0.517121239630035;0.575147388427857;-0.536408443663661;0.169957734672656;-1.45812321891154;-0.632921208651990;-1.09872897343623
-0.785206128088880;0.412008806496456;-1.08559418234333;-0.586412488626901;-0.689958789776311;1.05466548780852;-0.285667304628532;0.200375618927129;-0.345637503178402;0.869028539669525;-0.331697353388778
-0.900439194708267;1.25597423643374;-0.266310754772250;-0.114885753971177;-0.0787420584608528;0.887366343637836;-1.26159430637921;-0.459833012242626;0.534772422325778;1.27969098415643;-1.50544605248255
0.907012994637705;1.06611840853841;-0.277625764914678;0.0806279287848134;1.04627801395786;-1.43079540102799;0.394546461792502;-2.10333425893474;-0.812386037336733;0.331656953145594;-0.0285294580536881
-0.251535389555791;0.188023205824417;-0.196514952739861;-2.33616358278472;-0.122350674388757;1.09947909867518;-0.182429438658453;-0.390112479479072;1.03709681838884;0.948853248529682;0.322299115529368
-0.928643046738865;-0.674279985267767;-0.297313005513896;-0.210749663612316;1.18181587218105;-0.127078440707198;0.462831995001032;-0.399634826806725;0.201536675375573;-0.761914371133962;-0.833875054516888
1.19007421540536;2.59921472725870;1.62669943165374;0.121547564856558;0.975090833526946;0.805148473138578;1.63770983204935;-0.441291461579743;-0.689397465486411;-1.30243904463518;-0.530175988089681
-0.632480994516264;-0.857699418088328;0.479342801055923;-3.26667329872598;0.520375686720609;-0.932221792110445;0.725564711619618;-0.235896639698057;-0.533660310407525;0.336947286396372;0.920559738042798
-1.02245754054290;0.508160228188263;0.180393726516975;-0.445647489741079;-0.961738813194336;-0.0591971757458627;-1.56168673001796;0.0815825146786118;1.38011746324719;0.0847579171931678;-0.772393224859120
-0.710665656587022;0.652532152828541;1.24710755034574;-1.30249191728427;-0.393859356723027;-0.535579897600946;0.607467082527057;0.982230657650322;0.496810564211462;-0.446654567285548;-0.814630757133152
-0.984201927920635;-1.86997868098076;-2.17982890838392;-0.494511853179315;-0.0853764179718973;0.0271955196238110;-0.336125344591043;-0.976722435737842;0.612477231878338;-0.207653332167748;0.101515261180316
-0.0258001410641209;0.175656617305311;-0.767779247570174;1.19335768394674;0.305397638344922;1.38757733538228;0.945785886507361;-0.855512070273805;1.04897717971933;-1.28192141975707;-0.482894508870984
-0.617176074315400;0.446505693567079;0.199235034625095;-1.19153386214971;-1.20652862368338;-1.43638075025507;-0.277147513249694;-0.228412831951742;1.17544314168594;0.954242322947864;-0.881325435333636
0.375273775489091;1.64589699632926;-0.103030809806347;-0.728851467657985;-0.00506545091499281;1.69683850254507;1.76740171555235;0.809113118462295;-1.12554316552631;0.392280753329753;0.0901949669422378
-1.24441657395843;0.334413416062828;0.228350997896504;-0.000705523855009447;0.729808622828121;1.25809033277072;-0.168736327553411;0.00344052979686126;0.856517780415341;-0.270375701470386;-1.44055623949746
-0.395574948830617;-0.145892059553101;-0.636181515677281;-1.27455686164948;-0.442782416423646;-0.566783804478626;-1.90043554596646;-0.295521445968450;0.285133189811431;-0.165274417574541;0.296807756531837
0.0970499678705885;-0.313047730507401;-0.245228624654626;-1.51813628233027;0.504495418304588;0.356207810478816;2.41966058169447;0.678068598323611;-0.270021431339321;-0.345725465076709;0.891425439598889
0.0626393779290529;1.70971373242356;0.420549955642546;-0.226096985110387;-0.804347010505828;-0.122517105751566;-0.401702376989475;0.917086016343703;-0.214142536107683;-0.158182510332389;-0.234212573634428
-1.77749176051532;0.167427831862996;-1.36337530176129;0.190614814305983;-0.170253862529868;-0.155333203733091;-2.33612010455836;1.23985138343156;-0.994945303330872;1.03199183219317;-0.795223558337769
-1.26909482106841;0.273675392670670;-0.187071567111760;1.38616240699881;1.00929657201553;-0.351043240181583;-0.191170157942152;-0.413672890199212;0.241331662111467;0.0503364263723579;-1.21911055060592
-0.753458865288522;-0.587260291277004;-1.16729358527383;-0.126960611673990;0.565756901722207;-1.33587264153127;-0.773670673324732;0.776090841540376;-1.03059666455209;0.0593262930230942;0.979138044731048
-0.310769127655211;0.631959552795134;0.635633136571541;-1.12801474964458;0.707592836998124;-0.685232598023805;-1.10066704334762;0.0647011164976984;-0.117433637057376;-0.115522906970317;0.360701715139654
0.796227965497868;1.51066768008308;-1.06187855700374;-1.00834929330779;-1.76644497364592;0.508031024719620;-0.976520218715301;-1.39466529948249;-0.867878143900890;0.728191143842172;0.410852935383692
-0.685581466052966;-0.545717700911941;-1.42439490360746;-0.213548045286353;-0.840713336117307;-0.263422828804829;-0.219558223776357;0.190858754491967;-0.338762783717880;-0.583494073956577;-0.465031713795818
0.555512722808509;0.726635536148928;0.447892862587405;-0.451568161276021;-0.421107742454516;0.0554852245208657;0.378792533476066;0.276389404821650;0.375853860936155;-2.04277421690156;0.0199110798686033
-0.474963952759875;0.598784866566272;-0.708231266388096;-0.395671228961379;-1.18946945515909;-0.0517381480745182;0.822573869084514;1.42639289554216;-0.440789892717017;0.415197299949546;-0.220689187305424
-1.27804804600350;-1.63036202124938;-1.26796967967311;0.273918924603132;1.23699089631234;-2.15829221720907;-1.25629824274362;-0.923083873027683;0.375921184713227;0.520706827229805;1.12837081546111
-0.503879060132474;0.104705750903055;0.250546968688493;-0.982197332659748;0.913478334978352;-1.33457899797302;0.00333407855978346;0.929823278241603;-0.172287590269455;0.313558541772036;0.594872909511649
-2.97354390759827;-2.86379525421850;-1.40613151597615;-0.524077590245234;0.0116964752489593;0.00634385641955198;0.735434127535513;0.0140719199855724;-0.336695907599280;-0.631056405727556;-1.10974743637665
-0.550783323829815;0.324803685480961;-0.925106807674853;0.754312459257163;-0.466098040338400;-2.06718088112373;0.401961302711589;0.694093216509678;0.366514778471354;1.27445730655035;-0.128755198326536
-0.0576265724308885;1.88206207621763;0.509737670897482;-1.60506274694863;-1.06151973274466;0.0985138549678825;-0.352221252461107;1.08265605852485;-0.363121635314799;1.52910925803853;0.563360094857543
0.596544098512987;1.13698862990950;-0.654915714512258;-1.04686880657179;-1.30151892151491;1.81235874764036;1.14160390118468;0.327451133429122;0.0496815863797194;0.309939954697755;0.982240267224269
-2.82535998879285;-1.35005972017320;-1.02767297557876;0.193109068540045;0.124145833709760;0.863073600401931;-0.640183498859616;1.02312282233599;-0.0177791883884887;0.539958843653707;0.0201435895123020
-2.67438522156271;-1.10607106721266;0.783074286066535;0.0502481341901774;1.24451551973522;-1.34885437864326;-1.36707388590430;1.03580040487050;-0.356089902492326;-0.736182812716575;0.0534149544025904
0.0134280866937005;1.04810471312048;0.853190101546729;-0.0570166046600982;-0.339001387595570;-0.128779382243019;0.988104374842577;0.150937948540988;-1.05797984240360;-1.80455220124897;-0.501577826155341
-2.57940511509895;-0.228027769629730;0.899989317396053;-0.280797410048688;-0.0531351747852857;0.225294880922555;0.333643812068311;-0.870667887808280;-1.32108960959255;0.352072461765097;-0.527790115856421
-2.49747183107921;0.828950016791335;0.833921439962851;1.10938215854061;-0.287539101649770;0.257090273321592;-0.727820308047798;-0.943320134940110;-0.851478347503281;0.608074881377323;-1.55240901925221
-1.98279587041298;-0.260774043357970;0.282493965839623;0.499220676023664;0.970629323540310;-0.186899955454417;-0.219749389081739;1.73556612502156;0.246564915711181;-0.218611002779651;-0.454670460649899
-1.78653829985186;0.0851602369876438;-0.555360992485890;1.31248558684753;-1.57749847666879;-0.702706848318428;1.28226476157742;-0.196021553165618;-0.714910757693306;1.13357345989203;0.0845824630493008
-0.698254635501006;0.251552793157172;0.488350639299169;0.484946049809247;0.960312877625776;-0.163387029736966;0.148072009160154;0.548173505575654;1.98683370483003;-0.0167715474713409;0.319466738520698
-2.18110476503599;-1.14613214044331;-0.921091366344140;0.738068341552909;0.453811310459305;0.350410431495142;0.0666005256736274;0.119654402817560;-0.555557549728356;-0.625949432786161;-1.02557513554062
-2.49978620486501;-0.409879275214929;0.861163094802544;1.30769729521700;0.523703007214996;-0.859853102324240;0.117153423271151;-0.619238025801414;0.777496166628324;0.0879719502177742;-0.905781202271767
-2.75898132284348;-1.15318918273199;0.299391375905522;-0.868665161473128;0.0154713595169353;-0.342503069448193;-0.417027197790518;-0.639917089401093;-0.237226712324139;0.456307056434039;-0.773783654366169
-3.24656643353979;-0.927121999998000;-0.786736046599580;2.49302652138980;0.617036544481254;-0.442910699149468;-0.287669626925331;0.826521880188959;0.244738602392985;0.827994002133546;-0.863936017379059
-1.37027028307598;-0.319643122002536;0.400760574581211;-0.514313879166981;-0.745421349138405;-1.57099254919307;-0.464205502516218;-0.924852483388896;-0.367599894647114;0.487371868361121;1.17898167173240
-2.21390968714260;-1.07403794884869;-0.204300666793534;0.336938138476824;0.474560950492437;-0.502582484179806;-0.658816956271387;-0.214451836225768;-0.374517944133248;0.0379455664035006;0.710385088295196
-2.68666330274206;-0.857845741236882;-0.633049922369780;0.631547479895272;0.122992276010477;0.0575927459893144;-1.86063478891938;0.183194029452251;-0.975998491562980;-0.503347339762351;-1.06680724823422
-1.02007256805140;0.212384044573207;0.668163093326047;0.365050510531709;2.04023701301554;0.688457541180534;-0.139009238649979;-1.02324557558463;0.807006090609211;-0.209566160085438;-0.346508139354698
-1.24564247945043;-1.13851594866212;-0.0457852950398226;-0.809079653166241;-0.227907388593600;-1.02958556824065;0.348521362721106;0.326028389220022;0.287661002562752;-0.485744776885310;1.02739345153348
-1.60933990783410;0.154414219585582;1.58593336504925;-1.38337831157720;0.0995334193023355;-0.301232158619851;-0.579066444001668;0.101763412923304;1.44265568349576;0.317478058992342;-0.326823406882210
-2.54172162287594;0.682504994093021;0.667904354444374;1.09503434083190;-0.880203154081905;-1.98764669255349;-1.56042574143263;1.22216110013943;-0.593853732801032;1.18175514820048;-0.428122094528529
-1.87287578413686;-0.00311974554842642;0.696950648227440;-0.0597202905881782;-1.06893794719229;1.39401700965826;1.24096846376938;0.813052082347646;0.335136205356173;-0.717519412656252;-0.445756407721154
-1.91900737761999;-0.649337723038561;-1.05315875209809;0.854084028555499;0.0703893450215429;-0.415020376224233;-0.789090101860013;0.436625938753281;-0.831920372787036;0.242611295931781;0.106397221500779
0.600151742198136;0.604709949671045;0.228541102636719;-0.915332101683991;-1.33354847025416;-1.21348173024300;-0.140572417332567;0.227464967610679;0.190447715897798;-0.933400779888301;1.49536392009523
-1.25691505166322;0.909081318459546;1.19815596244106;-0.364118018966582;0.157380386125899;1.19518798292849;1.31212255362003;1.06249642714464;-1.67051028093754;-0.276610923733524;0.831031530374501
-1.79650628928590;-2.99297444786481;-0.879997160842138;-1.20339758511506;-1.00275514816618;-1.03946318632763;0.0745847307687788;-2.00085001459074;0.358312552672156;-1.81412300706561;0.316607234747339
-0.821012173328224;1.31901447255954;1.41381275457546;0.135730768366714;-1.14127919644352;-0.525806631803878;0.608333457312574;-0.153490212202939;-0.387568020777038;0.182431648512867;0.793057965209877
0.121200951478673;1.20171447574621;-0.270775170583722;0.258279705331484;-0.640189820180867;1.53887665615664;0.547569972198205;0.0854469445240589;0.970765213178429;0.0399745179741989;0.263959548687528
-2.85082843646542;-0.994076689298830;-0.00762895074375755;-0.123521924962954;-0.439451992619459;0.591648192467761;-0.197698498201844;1.07484690331501;-0.695055040920111;-0.412251626544237;-0.383569861102994
-2.19990811180634;-0.0515597969604324;1.18020646050850;-1.27062500476312;-1.74037280228080;-1.46269788207083;0.627173121716652;0.841607054309125;0.715259205020814;0.775196840930938;-1.42839041088680
-0.999095769853860;0.786384298667616;0.889915374772536;-0.353644474913868;-0.609141607188810;-0.00596262600218573;0.201715423987082;-0.0184801224305130;1.87177272096872;0.758913062560079;-0.638851921256860
-0.921090288417661;0.366451609132960;0.527738200657000;-1.31499719085641;0.637553100996485;-0.488655132607024;-0.210352138811263;0.110146868632178;-1.60553287415917;0.334049742796323;0.465054002811253
-1.43053959579220;1.20712638109017;1.11865325212773;-0.275776380635974;0.341125832648972;-0.590287868312322;-1.64846684439766;0.111449468833987;-1.10650941238079;0.578968171999430;-0.185956391770221
-0.355925516304223;0.785180918137281;0.322957466002398;0.255374924672438;0.686798887002863;-0.329151658559694;0.570371351239887;-0.908444871312269;-0.322170926484734;-0.0124257033971631;-0.530823296593683
-0.199063725698514;1.44761318280626;0.861979573636848;-1.17504381502948;-1.80197830060713;0.677845253928695;-0.422877102072616;-1.39046186422946;-0.00587739927981241;0.200529809606565;0.304836318705621
-2.36742505878749;-1.68533368343653;0.110834848172717;-1.83448842613116;0.675605754346818;0.166489756547951;-0.492554075598530;1.14343714015653;-1.38255136240148;-0.586883061607930;1.31344662416784
-2.34558678559170;0.591971464054817;0.853161503310659;-1.66667711227295;-0.328411807539583;0.848883235840569;0.233682019577782;1.46637138972190;0.0522522386572707;2.02852601887797;-1.14999460624891
-2.59924977703684;-0.739728334084736;0.219107037333089;0.655594442138282;1.06905788622186;-0.657098361233628;-0.00313784519235021;0.783761633062462;-0.762508929789374;-0.300993203356214;-1.23846541038936
-1.14085337029578;2.30422328219251;2.56591151869723;-0.875320632626649;-0.0268840278227018;0.523509964399450;-0.292207734371349;1.27126923318369;-0.0995979025116724;0.816938444752975;0.129059613409014
-2.40793259698626;0.304542122297641;0.890545709342419;1.04389544537626;0.189852288046178;-0.472279220930168;0.286040793986148;-0.640511976722835;-0.176924586417457;1.05030976701352;-0.580936738120695
-1.25905190673357;-0.622441343088469;-1.36245813235664;0.706067221862426;-0.425501134642645;0.662251583685132;-2.14484323964308;1.22520065793432;0.655862636835362;-1.02514981348909;0.630164841999457
-2.54414020424828;-0.612435202196430;-0.0527129715861307;0.525838178990366;-0.150724411228125;1.07853587499879;-1.95921298200103;1.54139177846262;0.145347058974995;-0.906445949953901;0.446578576277775
-1.93203319394761;0.00402984633970983;0.994501501801744;-0.710165190608565;0.181929154511627;-0.227799855079269;-0.340898204262401;0.435870130597858;1.21475502773654;0.527135867893172;-0.943025339833853
-1.77492091763539;-0.580610744727852;0.647514376622677;-0.110962168048039;0.117745252782322;-0.211494887136864;0.833170524312497;-0.704985970747459;0.462218210340688;0.0558861188080149;0.200032224692459
-1.21559470115904;-0.929325236366025;-0.213367372397910;1.17165514799074;0.732258804936018;-3.22868740996921;-0.0132515867458702;0.731359323687772;-0.489414309650767;-0.795301634191937;0.624396548679732
-3.43075960063575;-1.32799543687259;-1.46602846929734;1.69223745924396;0.0294589552293093;0.856184186850424;-0.273310660148185;1.21283073270954;-0.671203302855613;1.04719615080660;0.299930444915210
-0.878745824308024;-0.500434667835339;0.155538424041156;-0.486233902547587;-1.84297548184828;-1.58459496577719;0.417699716081969;-2.50750308726751;-0.804262283853436;-0.890353670738555;-0.154049863304352
-1.51182979758206;0.390874740518818;1.04210193599549;0.716920277277440;-0.113949131774681;0.454068836315295;-0.219781179899779;0.452809190920741;1.53194708406707;-0.455058531977954;0.128037843524915
-2.59310447532310;-1.69032674294470;-0.496457971141681;1.09362234820044;0.0847815668818703;-0.786492951235436;-0.629303183971064;0.208060995431815;0.546199802967855;-0.0566145556956951;1.44058417019112
-0.332954075157901;-0.494245745364105;0.484749063431054;-0.318621623067041;-0.273488636270915;-0.699323417787378;1.80354690913669;0.176118384893378;1.63306709047973;-0.723947821390509;1.26940654887767
-2.49634564170441;-0.389550702327221;0.159598121452140;-0.660617441770161;-0.360486811166854;2.28596982490544;-0.656203324466341;-0.569113229035652;0.355222189997808;0.120275705993094;-1.02554845732311
-1.15917607928285;1.02689914066955;1.28343119788567;-0.325803508104618;0.275984189780756;-0.219615717949324;0.454727910447192;-0.700381342024052;-0.863075921320434;0.606542848472490;-0.159378311826451
-1.75402484647915;-0.254892159509930;1.55134548391520;-1.63071129711718;-0.196325594821460;-0.307179675089614;1.52175322453355;-0.763939240555813;0.0433085109344829;0.276313335760648;-0.522514824772257
-0.740457797330735;1.88613449792216;1.59634664783784;-0.778164608910917;-1.38074236561775;2.33860681672032;0.169418217246840;-0.0452552999985198;-0.0993583297816089;-0.317578109810522;0.167782099564007
-0.990884119955305;0.688301912553720;-0.385479843272363;-0.737303882877075;-1.43289829779059;1.69480671013727;1.02212553511282;0.325509190950656;-0.866053291359856;0.812395042349915;0.229897585642594
-1.19917589916497;1.73823767076871;2.60713665688196;0.824426738448772;1.15646279598210;-0.897052201441471;-0.613271172743964;-0.301301817065692;0.986209879214140;0.209727052820125;-0.336859435611236
-0.0453999648928182;1.52965502698347;1.03375005216549;0.0936742462338794;-0.664860414389595;0.586704847510771;-0.883940256768416;-0.924407395029964;0.358086842641769;-1.23967929114708;-0.358847788753009
-1.18002626729767;-0.0121166029047027;-0.627689183396377;-0.408904649404191;-1.50050055492828;0.318308847044667;-0.654550579053208;-0.497614770151956;-0.453342597238093;-0.0862874954869772;-0.342980252142764
-1.40315125316019;0.905640186147924;0.462702078771039;0.154428237627158;-0.168735874150184;-0.248211198839640;0.476557370070119;0.180191896208125;-0.498567448009060;1.88253885479430;0.783859582934886
0.121223289012969;2.55069583078487;1.38116950151365;-0.0373967682452910;-1.48044165924158;0.558390667815620;-0.371917738690714;-0.682005379119918;1.21977223690319;0.0165921209736472;-1.38381704588483
-0.578352397744647;-0.649530384879798;-1.61438385509472;0.278649790153640;-0.536433356206904;-1.24457929513650;-0.637860462408236;-0.770118385857946;-1.90807497979600;-0.383011598616196;1.07155489914537
-0.954742802158080;0.439178985712352;0.909220252636865;-0.228186496668505;-1.02517592240731;-0.489537785918626;0.175623628197961;-1.92410544540367;2.74964145910176;0.644561396167801;-1.31412263880719
-1.02210646026292;0.818872504764816;1.70907368044008;0.580884722291897;0.150881862408318;0.129316576979381;1.13391100050747;1.12019121329493;0.603982008753031;-0.813443134675389;0.893226637897967
-3.52770427268592;-2.68172684101401;-1.64056418510014;0.226349805120430;-1.02728823859407;1.04030519652846;0.881596562671225;-0.841504863186985;-0.566572063412910;0.280424585945097;-0.188136969284205
-1.34313285383634;0.0183472729978146;0.901742426653500;-0.122757733712097;-0.388233779001225;0.611953368936139;1.47545363282117;0.509804664940954;-0.422369100696306;-0.971409276417289;0.473415712263071
-2.53732302776552;0.392342929175917;1.15338964281939;-0.746894918762229;-0.0149087946904138;1.11117593594576;-1.88935670784371;1.12512876383358;0.323948596115318;0.615710783741657;0.0997398504251645
-1.94062630518914;-1.51294717008036;-1.67039564473480;1.50480809074289;0.467539564294210;-1.17624931318297;-1.10364345311294;-0.803420894138554;0.858242120894762;0.516121696001763;0.0111968903941673
-2.01678117312795;0.261194149840010;2.30194552952347;-0.823847937755998;1.34736291493078;-0.601865784389711;-0.332937625372927;0.587696195663861;1.13000343731605;0.238236461476047;-0.292354879661237
-1.94062641395602;-0.647942638865257;0.236316172092298;-1.47887222648562;-0.490865077058541;-0.0552465562728520;-0.360949200475337;-0.481173315396664;0.0416296047773897;0.660495307766466;-0.135890872518461
-4.33061375029284;-1.32453441044151;1.41730190193163;2.74497174451461;0.688454016986014;-0.331536454715701;0.757762106932267;0.517115501495165;1.16644620832975;-0.0865650204181992;0.0713647122774899
-2.77678158024337;-1.23091225445393;0.878159948799321;1.21340007963692;0.939912201340807;0.800987557531823;0.945434253452430;-1.95352727234760;-3.79135354392588e-05;-0.724221466133790;0.497493704863637
-1.91353573786450;0.0218159377699500;0.740694486816484;0.218327656746886;-1.36954881205429;0.266317231619511;-0.870452011957085;-1.85801641969230;0.705469049625503;-0.118510923474620;-0.212306876050449
-3.34855888311172;-0.363280818996438;0.377718374523636;1.69903550162818;0.537501143464507;1.41841815887266;-0.818140360975240;-1.95926189140852;-1.14501281390701;-0.0810858093550176;-1.14989725239949
-3.08525677063798;0.827506212376215;2.44247834571098;0.751923105825172;-0.708652303277360;0.259142519271700;1.54275894401162;0.435256611949840;0.228145890663344;1.17639739532956;-0.173158329713184
-3.75226578122781;-1.90235354948338;0.702859127488981;0.579790499163436;0.850324309250177;0.546372979847885;-0.797705019951587;-0.253320280669250;-0.402482565322038;-0.944695147562220;0.639181461523871
-2.23001061751424;-1.16334311054528;-0.298702298384960;-0.119692478692789;-2.53369560220417;-0.479344349483887;0.331123673726646;0.399616798479900;-0.846100165205801;-0.526180239621030;1.41315320268180
-3.65632474588563;-0.628060228148126;0.107324171147225;1.53850411633102;-0.727456626225169;1.34392594437623;-1.43381928606687;-0.149011099353340;1.05354420961856;0.982862715359978;0.342034949580658
-4.34147477138173;-1.74338010291651;1.54537911049094;1.57356732235117;-0.329154716130155;-0.827122247588709;2.01776925505937;-1.49957005717814;0.697619661029672;0.274565341867555;-0.747579682320467
-2.42675216896043;-0.448156175306526;0.822020676211017;0.416192269041081;-2.46867372615764;0.430945922463180;0.741040956520188;-0.964335135153131;-0.239036832637818;-0.680034773625374;0.568305336650082
-2.47530791708963;0.910929928940286;1.63987764191922;1.07562719985161;-1.14836334711522;1.45258347269898;-1.01018189943796;-0.901834584986643;-0.309931886776570;-0.350733027145891;0.467738460708318
-4.53483648632834;-1.85203107073871;0.914681464078533;0.813935253113130;0.508524878757826;-1.28593981921994;0.0781114063289020;0.149547226687926;-0.858895661516456;0.264915064867302;-0.908241548610033
-4.85617121727244;-0.758518778553989;2.13158357724602;-0.379284799899572;-0.785958804406086;1.20141395308773;-0.430888222842847;0.0561541746395819;-2.58980189282585;0.295159690843070;0.930873861886744
-3.72690797138944;-0.697877831368352;-0.232138101854458;2.18507796708874;-0.0429335209353921;0.00462331512395828;0.282080143639567;0.162396853308550;-0.126107671950362;1.50325800868868;-0.723762104782177
-2.05714576370420;0.614806427724808;1.85902953017840;-0.367787588143868;0.377271450321126;0.715875555800929;0.826599121762770;-0.995634783686076;-1.23175240617611;0.408326807475711;0.286657180221531
-4.16617388045121;-2.04249656676078;1.01784754634016;0.417483212588417;-1.83725005032721;0.263252076107086;1.47699736135308;-1.85388761634447;1.15647658277774;0.327620897029968;-0.00573873172714241
-2.65948462140055;-1.29277996442400;-0.808933603178572;1.05394577919790;-0.952618902313839;0.118850516708035;-0.243634066089569;-1.11424795973713;-0.816920374580852;0.529587565522846;1.58149656913220
-3.05356895403919;-0.794299591603798;0.856130533713135;0.537363786352827;-0.605113065233000;0.144150132526844;1.73847322795436;2.04064189737654;-0.627737409468272;-0.218816276350398;0.614271022116304
-1.73326688789261;-0.327020704107647;0.898376119311228;0.00599647785160214;-1.11034903567023;0.206630828502532;0.0613366215744858;-1.48331966580211;0.347169469671228;-0.719063373454163;0.451248165722433
-1.14082809489377;1.72147780110010;1.42441009933923;0.627635372441448;0.926024994228368;0.809222460916074;-0.100436288971316;-0.776719978051461;-0.265707692615622;1.09662737145954;0.293741605134854
-2.87775318579511;0.146356802891812;1.61967100798504;1.62874970325777;-0.447968128305519;0.0389989490745651;0.433479084739177;0.173249321735475;1.16850847723102;0.516160152264932;0.601928965368071
-1.71038199353139;0.872310130719892;0.0976109488561745;0.997481427691879;-2.00881507217302;-0.0869230763069200;-0.479747855278291;-0.775590367686773;0.0954489650560310;1.37828867786676;0.318186829959702
-3.64953438568707;-0.985562589740537;-0.396394759519911;2.05119655807520;0.427760119032801;0.927982364123472;-0.129253589796883;-0.955448918764384;-0.324766315271428;1.39888162148010;0.318891648810949
-1.46845706355269;1.06715222590998;2.48157301075437;0.263979733803029;0.371915075175971;-1.06640600897261;-0.222799628275558;-0.417116458925492;-0.427398278303802;-0.554896864703016;0.226992446798047
-3.45353383826299;-0.187142556839684;0.405159636869283;2.13431549016874;-0.451732500929617;0.307152142534746;-1.94074701671100;0.120340911147643;-1.10868366729871;-0.0864338291691862;0.538757105780439
-2.78555976403120;0.237962772359881;1.62554542098061;0.198996430217188;-0.703001689486537;0.529729554916393;0.100375261976336;-0.148954018101887;-0.573770302175662;0.104276970575416;0.0133465292953065
-2.06739423760319;0.419583025867541;-0.0543379781864292;0.405332779322046;-0.0112998691402522;2.44232696763667;0.366607205973514;0.770806949011924;-0.867417578331971;0.978784338661045;1.07759755704971
-1.86225147740497;-1.07575599954582;0.397942232732288;-1.15510406223705;-1.73241472760272;-1.28778779744898;-0.193738559937779;-2.25731712524116;0.385348253515319;0.594461090915990;0.893197007242471
-1.37225990473236;0.170298585118377;2.49083216884049;-0.702522760398009;0.839393446257824;0.375254086570406;0.797860637181119;-1.12228137073376;1.08208225025015;-0.789068072870648;0.649635746050651
-3.33810741258032;-1.72397707323196;0.373410601358200;3.50530117867310;0.901709050216995;-0.909064637612359;-0.148664968997292;-1.18877615887828;-0.800233333480783;-1.32431738590145;2.11019498927452
-2.73632880240949;0.277334594827135;1.74643152556326;0.130597744682933;-0.836827544318455;-0.547055704126268;-0.783440299965025;0.569624218046881;0.350271168881820;0.526927264559836;0.414636857585031
-2.30438212845753;0.188935949225853;1.65167775733877;-0.950346807421794;-0.642687722922912;1.63308083613940;-0.0909386184743542;1.67658386882918;1.01781042944645;-0.105108151095823;0.766019541861177
-1.01829939517218;0.811687728258462;1.63536436584445;1.89049805645051;0.353179087086465;-0.557297356204097;0.258380872866084;1.95174328035420;0.333758473941464;-1.64810277575430;1.99125822763173
-1.78488217317276;-2.20140094298671;-0.156387779660471;-0.537683626699760;-1.41646101989665;-0.559005572379571;1.54225315288523;-2.68106231918685;0.570429046090944;-0.627372412182329;1.45207988485335
-1.83220853173832;-0.117059638726844;0.114414708283363;0.715910987977538;-0.126137684345422;-1.31322850087442;-0.502772494239260;-0.948034152150883;-1.07391121229902;0.887471256110637;0.999915103608304
-4.54698525309944;-1.74219310000407;1.34385802843904;0.875448848815537;-1.01664728101124;-0.939425429063888;-0.233383762211922;-0.139228936420314;-1.19943086002472;-0.153804955729503;1.26917970956705
-2.20696271016881;0.365014014169282;1.01366104256587;2.09545212257811;-0.0291277557007448;-0.740428346729020;0.424649937226442;0.810206469762240;-1.22068583359548;-0.749238483425371;0.358429535320389
-3.85785394882930;-0.879748363013481;0.811779907999426;1.20124174702962;1.52857270647601;2.09003631736696;0.892261622449571;0.793437570730184;0.372264261129955;0.288476140908105;-0.929150218610789
-2.53025364748169;-0.867098108517933;1.32345616636612;-0.133568444248915;1.65247184500435;0.513583173628384;-0.516541088500056;-0.972280423284062;1.12695768747639;0.219146485683206;0.800752677236704
-3.01706598275805;-0.358068017541579;0.597702472576908;2.23411833982295;-0.707820178356056;-0.268184147239115;-0.391112445092904;0.232436369980455;1.40897136003913;-0.0241068157377192;-0.540865711626986
-2.72220556642984;-0.470670469961240;0.119508668735469;0.590758331572754;-0.698908422154926;-0.747183224445817;0.0178946667162411;0.198740747274782;-1.50979953852962;0.574814178024360;0.174670418062283
-2.01224899467189;1.20344272304909;0.894011375399897;0.321717741034791;-1.66737481628301;0.651116199230792;-0.517554806748332;1.11598597657268;-0.986465347270070;0.523960292601279;0.355411920631218
-2.76103394602206;-1.04131489589184;0.508996879213765;0.361178099401473;0.232307801400282;-0.822799352514966;0.765655834500102;-0.137061275439762;-1.01513124102406;1.20687779099515;2.31929630389798
-4.25859190943284;-1.07874108984019;0.561144763305241;1.41306898617972;0.512702640307867;1.18330778056072;0.131272543604132;1.14740094361871;0.847465375089668;0.776105086152672;-0.749420577521776
-3.48520418274662;1.05806806594184;1.56489546685961;1.45472697300044;-0.237467354393124;2.23032296506809;-1.74504524901200;-0.0391000565280300;-1.38678281377311;0.379603018489583;0.279770524100048
