5.79019483636262,-0.154148032690334,0.988192827322878,-4.0945200484229,-0.507615488985803,0.38907341336411,1.65090130226973,0.261829360519219,0.119982015244987,0.431135758580379,0.297790368632443
1.11527980548627,-5.68933976030751,-2.76020482843826,-0.52764427830473,1.23128109245081,-0.780845105457191,-0.893567948544169,1.38859478977813,-1.64820631509651,-1.28825073489037,-0.813688767627048
-1.7794231857401,-4.15006393166693,-0.970110608403264,-0.772132294913818,0.530276972204684,3.78031853989721,-1.30076320377492,0.871702794745625,1.50087421273316,-1.80985949499741,-1.67278703945925
4.14432727820101,1.44471171790393,1.3888439214648,0.970817135891443,0.213766105163738,0.751100112157661,0.435617708929143,-0.283399706880849,0.43431960281956,0.425452472963686,0.158594466797046
3.01151539842304,-1.83320414377857,1.59972893360162,0.171260283638126,-0.821861747141532,1.39533467566611,-0.271636148668134,-1.02527104078349,1.06805048854582,0.138216884897309,-0.403587552447766
11.4487215503436,-3.1423546247401,0.00642976888377144,-6.67269576684256,-0.22028106684141,2.54886009892565,0.341141824436282,0.411908995124495,1.37466254550412,0.213836311568173,-1.19358543166425
5.87213227055934,-1.02119799111136,0.332644160618097,-3.87060651685473,1.69552137177555,-0.145018607182903,0.377086130736233,0.268745988351428,0.454447097920165,1.59019110732806,-0.951697108338062
4.54755346464688,1.55550042427029,-1.97813590048845,-3.51079383312882,-0.194037090356341,-1.23908693557622,-0.46630294258952,0.68259980496959,-2.46947977957288,0.969281776704957,-0.211114253238302
2.06945116913403,0.375692941702208,3.11191849867207,0.742975256415288,-0.0593449889577411,-0.301013964421315,0.870856817116723,-0.467549952213513,2.87667398332186,0.448854510819123,-0.214056287662822
-0.163981295098092,-3.79097930131651,-3.29021137144307,-1.82393369769931,0.205609067083009,-0.298637399290379,-1.33271973338031,-1.08304238050741,-0.324944810382665,-0.866404766726054,1.83116067308053
1.89804621482399,-1.1652553149118,5.05052664083567,0.44467006904873,-1.23990538713346,0.82738012245922,0.470292548333776,-0.311545911894385,0.958113294819515,0.357322239292798,-0.471359439297141
0.993236028774119,-2.84999104629594,1.3050560451444,2.29406878858773,-1.12356122187387,2.40795232674507,0.0311382249227351,-0.295573174516289,3.06197805332866,0.149371799179213,-0.654093583861426
2.8554654924773,0.408131671558045,0.33416745174198,-0.445712554103485,0.543629031457296,-0.449724038224939,0.223051705452053,0.401195583562883,-0.0187888354862033,0.0105367513111844,-0.816040156639742
5.22933221200529,1.77011558028042,1.47701903972013,-1.30719684711139,-0.0319156939781848,0.0838010051115062,2.17481360174164,1.2195648347993,0.472648794149994,0.493905883008018,0.453650057866607
6.04582399747856,-1.18393984458948,0.438907470176967,-1.95893890466075,0.42391448607101,-0.348426941520736,0.3607878147425,-0.411937692222421,0.960862699286587,1.42348540794001,-0.34412098867016
0.11400230961021,-1.03078832527599,0.629469629504593,1.09556848915916,-1.32861367141405,-0.0437620491457504,1.26010422447769,-1.43150473003822,0.683692098459947,-0.315648884300655,-0.699775582392589
4.83187956219162,-1.03212466787281,1.44987254002931,-2.44436233600562,-0.500245202905608,1.36252947224969,-0.185321022672576,0.975193763569279,-1.16457155974142,-0.0434562715414923,-0.295216580686568
5.29730076912846,0.457049549546312,-0.0551514778518037,0.362725441066115,-1.24186603452989,-0.0358145233835603,1.59963415316802,0.595779495355819,0.346964708755123,1.64874152405684,0.0522018321920039
-1.05511174216851,-5.73652013318683,0.995887666161774,-0.431334027605607,0.347899999520179,0.791151727475488,-0.853196089117767,-0.783458184694604,-1.39886245678725,-0.769642295308526,0.00094636661796534
1.42252075599185,1.73771569587226,-1.85239764107235,-1.57004937313349,0.601490564164001,0.137576966558652,-0.688544199452462,0.395988867545527,-1.27122571165136,0.537026717408011,-0.179728753591366
2.40525491331513,-3.49914052237304,0.00883540464181086,0.885512332749367,-0.213438068158658,0.87069587158291,-0.57824322261234,-0.818071506887773,0.606238121830209,-0.563675380717928,1.26512206166083
4.62957216492982,0.0994546538938003,2.28525525943531,0.6435194095239,0.173880345627138,0.297848424526297,1.02828381321242,-0.384917453328254,0.85900596168334,0.91795733333873,0.0630498968600556
3.01042032576986,1.35984268512319,-1.44775180463978,1.87512822325371,-0.694190331549252,-2.39691812777032,0.103227887739159,-1.50900703522859,0.0583429618473772,-0.892667008596226,1.73553825998342
-2.38149063355578,-2.07086737556194,-1.35409321082069,-2.15220042691999,0.536089558319857,-0.266246373720607,-1.17568858144435,-0.304439265224009,-0.661151427530905,-0.243683022773275,0.852289673678223
1.46150624222806,-0.897880150899485,-1.03056898344777,-0.890204774010462,0.728498621923798,0.243278467790225,1.91930019085259,-0.732912439295735,-1.25267790392033,-0.983987838187201,0.434579670667233
5.44040858860384,-1.84603689907087,-1.04029403622709,0.197783624694669,-0.415016210504312,0.647679444416805,0.0642332006770634,-0.656178601496178,1.62200230482044,1.20553092434057,-0.124696172502321
5.25200900397672,1.09994175018942,-1.39839082977313,-1.71425236267487,2.34390276115886,0.421519266320935,0.126970073096201,1.16870961933884,-0.4500086164488,1.09720662736225,-0.195327628678746
2.47303368166097,-5.68532295773744,-8.63884383006356,0.0845643525049481,0.348644159679542,0.0928425175785887,-3.30853654087257,1.17148197819484,-2.91628036382818,-1.77344297761982,-0.805693736605558
4.98938197462708,-0.493845391729078,-0.0505029370528982,-0.242266717894315,-0.763770153015119,0.223865494298008,0.148380081276815,-1.89921875065666,0.704003003323442,0.528613061342807,1.20298798556892
3.82264784137173,1.0365502847484,0.380032274986802,-0.868554610720469,-1.28690565973183,-0.750423479816411,0.634913221180929,-0.265914158970841,-0.241484877224727,-0.107201508501816,-0.129929026017767
-0.131809993768193,-1.79953997708653,-0.802793109329352,0.368809306573197,0.00451630605898748,-0.180374984367002,-0.978849044542944,-0.187066831477979,-0.920672090966439,-1.16802641114608,0.44885851679663
1.53890033551139,-1.27880302584161,2.0917034990514,-0.573710168079684,-0.459277853272858,-0.169875017523981,1.06758723415372,-1.02144139776091,0.383610271528617,0.258136544582089,-0.403512303305288
5.5144962173865,0.133811689474108,2.16958240079686,-3.82953748957097,-0.344038285910864,0.654259783881762,0.0114384272280569,1.62953542682636,-0.655762727415059,0.47972697693286,0.756297146282177
4.82359549461903,0.840736852018919,1.29356252074689,-0.868037261914625,0.158962870149555,0.273166059848838,0.125842733158125,0.182597377545011,-0.624271712666201,0.044188889236166,-0.143262696533172
1.40940430383647,-1.90047992215818,0.62797489188521,1.80277537209771,1.63011354612701,-0.0121727187488874,1.0386523624811,0.00432114739316993,1.17575031318953,-0.505976487571502,-0.221048116627855
4.9421687692074,1.21367993847672,1.7338483509192,-2.67271218403377,2.38069810260717,0.911779904195011,0.157101515364919,-0.0266983542080152,-2.37680656112835,0.5010572338318,-1.24650041643521
0.201764838084,-1.26532697720612,-1.44768870895221,-0.771038616635692,0.957486961895977,0.546979320491749,0.581307912424852,-0.160267464491421,-0.0234069615987256,-0.29756785996383,0.148410759102483
2.11069863185456,0.792519886669721,-3.28516943803268,1.86687171414347,-0.196800492368873,-0.493327356594945,-0.122654480568642,-0.71291894649234,-1.22887093003846,0.0571137715869685,0.291250440284376
4.8481100865967,0.340514187573355,1.9730479463737,-2.49314186405425,-0.509115075456736,-0.0847338932519554,0.904465278079457,0.498583114319655,0.161045473330603,0.452809455750659,-0.208292986233208
6.46556619088156,-1.26846388472725,2.01712044933656,-2.4501956342524,0.158754791197728,0.847473186350679,0.494332937841467,0.128761757688044,0.607096430950441,0.666603491454185,-0.864136224262386
-0.859295627652084,-4.41065099199011,-0.677395786346915,-4.11977234960498,-0.941102128237382,0.00555566275925585,-0.129051426387187,0.190873649001421,-0.566031374177226,-1.56652466717037,0.187594011941639
5.68990948986153,-3.38173593029846,0.23136842208426,-3.41362437669298,-1.46895313896667,1.50008800729549,0.981629375848189,-1.53709912140497,1.05140482126865,0.636899378373009,-1.4108138956201
2.57030800560731,0.440690660602595,-1.64378974560776,1.00596388853843,-0.77254484129524,-1.29868161002973,-0.629667261484673,-0.455213433015218,0.661161290587968,-1.00216627262729,0.978797287506063
4.1275451451251,1.21891828651443,0.651526197015864,0.972084997808025,-0.0491286130495069,-0.220050401018984,0.290111666305897,0.105410569483549,-0.487966873933556,0.877940430543433,0.461865767104354
-0.270827099709139,-3.10379830685642,-3.27861704327628,0.699093641387186,-1.22209782395239,-0.905437016394854,-1.87764037106077,-0.618457485213665,0.729330538979546,0.947750147400587,0.562379757999282
5.2943866061299,1.21379187837288,1.63028706254857,-1.74378665586231,0.073927943993624,-0.03598573090848,1.33256335225404,1.32536995398636,-0.123720852491863,0.669102838922165,0.0491996684220598
5.73767678477972,0.412725076506573,3.28996360051625,-1.59117306956209,1.31889764704904,1.43368369171577,0.638113747849388,0.376897631738971,1.09727112991157,0.673616149537742,-0.989936496238113
1.09958652576424,0.40491766885838,0.770889178389856,2.60371248844401,0.0987741466530829,-1.59947977759065,0.259718773382694,0.808181003290342,1.90635143277036,1.19160523988725,-0.32922534185442
3.28249183075965,0.937153729169591,-1.9791113105999,-1.42166250556424,-0.252974007449132,-1.95872925209428,0.850461506622456,0.842864337810668,-0.546730608446762,0.611809957453177,0.31030974486217
-2.9241623103308,-0.488737175941842,3.48804323152234,0.311157075733568,-0.943035560834962,0.286740108174428,-0.751145452503587,-0.329547878280543,-0.392956062896808,-0.414908328963626,0.246402435024378
-2.31053485609333,-2.00272312158387,2.20817372063754,0.00301702144932506,-1.2385065487789,0.213368269177387,-0.823222736091661,1.03428647086512,0.119419627286312,-1.18521153378305,0.54685584055476
4.1292478022679,1.97867335583361,1.55461813726691,-2.29455425722747,0.0918358241781718,-0.555207840269715,0.967299586261418,0.57506456274597,-0.103366958316044,-0.390991424348445,0.595985057830619
7.79119263012122,-3.89849899960748,-2.09546867425383,-4.55212091869657,0.59583360890382,0.898083543190526,-1.82927446739873,0.694828045034429,-0.683807236719644,0.784972214259932,-2.09726637031926
2.80048020111329,3.73032986708159,4.08901286476502,1.08085382095847,-0.622383522888869,0.073815713819378,1.80579949599665,0.362051134411247,2.08866881081826,0.828871699963235,-0.288865831337095
-0.579959552729851,-0.226294814093151,-6.69080513631957,-0.0186103525079625,-0.332072805675526,-1.63417291902908,-1.70211691614028,1.18038744220005,-0.308759205517091,2.32818258731976,-0.253948367400625
4.39129004682625,1.66455554409606,-1.15882886869548,-1.29728054822358,0.167374052766949,-0.597992585514633,-0.214961255535927,-0.866021743702396,-1.72840358513528,0.468106656972884,0.31275745087301
1.46179893492411,1.78475371310337,-1.08372952967545,0.0978306667750409,-0.0549994762566025,-0.900758966373308,-0.888784585078652,-0.940575430247523,-1.53361215898057,-0.14004611217789,0.722848028035399
-0.681158151514279,0.65813688440296,-0.889736586281884,3.67444238471518,0.971643834579394,-0.397389650507016,-0.474542013428366,-1.45304943271434,-0.517455814938866,-0.433598460361546,-0.899771255453073
3.42110501856808,1.97045059583687,-0.704231472357254,-0.417432728543315,-0.87213419338715,-1.86255444098039,1.56668503070158,0.743091038178591,-0.0413006125615645,-1.41905296802327,0.426153454155882
1.23752781280136,-0.876190712509662,-2.42717508119959,-0.136473133011387,1.00378800364552,-0.866020601053601,-0.18582875800599,0.917735647151521,-1.92305203527676,-3.0861774911557,0.260497177665618
7.01075618448259,0.877660804147757,-4.06127794730624,-1.97985754915611,1.19368674265473,-0.885755851345708,1.74472249885972,1.32757834197003,-2.28823220240344,-0.0518586024273855,-0.076252221013776
-0.301685285745185,0.393824742713356,-3.10888384500081,0.508299593669188,-1.34277449929469,-2.17742004367157,-2.57475725364805,0.482774194861472,-0.666396740619069,2.43487965363519,-1.05460514078071
-0.419812087292981,1.64531961095562,-0.000321689901475228,0.644529257209534,-0.4730534767428,-1.38494883756347,0.0264785047191919,-1.32705893491754,-0.669941219387302,-0.875945480791039,-0.466331202422
6.10343152170651,0.960744603144505,0.40322161510764,-2.70208722988335,-0.482886359580193,0.0751086044040411,0.924543641894673,-0.0661647731201997,-0.9590194048162,0.506343172237207,0.507451794855268
-3.31525232622373,0.0901208119039628,-1.30037769532075,0.422537493051899,0.129143250982303,-0.226782417925579,-0.6448955970462,-0.443051688817823,-0.253970612663441,-1.21978357290779,0.985899042164588
2.54336245918539,2.21103743569695,1.48059735928136,0.74305520695229,1.07111197687751,-0.704580706592803,0.450184933214205,0.3054492559575,-0.118359849493404,0.103438494267246,0.303683015133722
-0.0541211084564548,-0.725460813095665,-4.74896213123111,-0.0748888262867718,-0.692993950023081,-0.974998810286758,-0.954342403868354,0.346584677847983,-1.00150549872789,0.982360890043677,-0.196015638731169
4.9189276636186,-2.18879979878342,-1.89767909758453,0.620329249842242,1.36228954573156,1.64939242898963,-0.814840885254961,-0.237637211127799,-0.863243929413134,-0.282114738626373,0.312670312888309
-1.04566999047095,0.938426547631347,-2.78450676801925,1.24050619510781,-0.564790367035397,-0.238188124041939,-1.6091318507743,-0.0995317323539111,-0.617842327231621,-0.488129971122328,-0.782630237422026
0.719598762001372,2.16722987076801,3.76257674882505,-0.35381468589103,0.474912825907268,-0.475352744480202,1.02282346751287,-0.677434723410714,1.23866877093764,0.833723032807853,-0.142083604946522
-1.47568370836801,-2.02560375442815,0.744858483301746,0.658564489280327,0.45445531245338,0.109107803329974,0.592997901683809,0.249799158913747,-0.785838598366983,0.292126809125581,0.763134805496859
-5.62438177244027,-3.13961351718957,-1.03541455215427,0.0197782972657629,1.03296467113478,0.542498477412915,-0.394559118498644,0.276110638916051,0.14374918835962,-1.55971168739398,1.64664934619257
4.45726016552798,1.36061611833455,-3.32803164876018,0.17032012233328,-0.290718030278854,0.0502646582521213,-0.949926082463176,0.37724386130797,-1.08944257734608,0.152347204454854,-0.358906766175041
-0.0062608741452943,-4.85502802711265,-0.16913038193587,-0.0599531324748686,0.479031595725546,1.4237945733102,0.300347961562657,0.0603839451803389,0.525343774452563,-1.38898985507157,-0.296181002550156
2.52551993091085,2.22304189797392,2.10845769202979,0.662517638806831,-0.252733143927059,0.782143213254765,2.18913404662102,0.716560716256166,0.530761460791532,1.61133017866803,1.32847168694285
-0.527785296302717,-0.687354837643725,-0.848684050619258,0.458849873803456,1.99712955745176,0.664914188906159,-1.86619616006565,1.0215291852566,-0.728971135139041,-0.911709825630549,-0.550350019471728
1.93070625242852,1.68703702101781,0.286788036446919,-1.38248014822233,-0.839452222264527,0.579300646103291,-1.00700462943935,-0.432221576934575,-2.54064155135169,0.993066619363769,-0.965401179193787
2.28365594187031,-0.502254802069081,0.0107859059645724,0.712930041023037,1.6593474675135,1.15319241785511,-0.257484981804367,-0.983773013065217,-0.251433098212147,0.670947280982059,-0.730203238992236
-0.00700686268656851,-3.1773240798611,0.971642748154027,3.3092755694778,-0.326456766956213,-0.246642724260837,-1.90590351043024,0.105560281612972,-0.643894816435344,-0.208313912358701,0.547487387605332
3.54777781471275,1.4334751135006,3.60885082058047,-0.332513699938049,0.395709048612549,-0.292430886747038,2.3563830420225,0.476367040448407,1.63580619504173,0.513765051969754,-0.488911672556123
3.90136073304847,0.369117326100336,2.10750692116345,-1.44545550444463,-1.20887610722157,0.122824257053297,-0.14160457732455,-0.153653998023439,1.00986168816309,0.646958195988758,-1.62400222286574
-2.9435621487167,-1.45155250529461,5.19037251682178,2.36366456786193,0.196989315378122,-0.0932632207597631,0.450563576528686,-0.333886113416814,-0.0574466896510107,0.900936153121693,-0.244033296280255
4.45248772272023,3.531114373182,1.53780148346418,-1.13253638813819,0.252394239530008,-0.199106116953665,1.2421289270207,0.437675271601557,-1.22928583832175,0.385592603714988,0.292016569145734
-0.461805256704833,-0.173161861858309,0.767244996063775,-0.044842289294784,2.08603215486612,0.603093539177908,1.13278772079872,0.714568111801765,0.633458418029759,-1.78625604713157,1.62391829182353
2.66813302931102,-0.0178957206095318,4.5213786892472,-1.38758281022506,-0.0518270491479942,0.591871437431676,-0.121573400742383,0.190582092505221,1.52560711305648,0.239480932349363,0.00544497941930892
7.23235707936484,-3.25945608889081,-0.897960260061651,-3.25316265351997,0.619343045253353,0.341498207736122,0.091436183246263,0.71318718251928,-0.252087530829468,-0.809554299588873,-0.0695129325406993
1.38669860490885,-0.874761042936204,-0.597471918982864,0.0915996903493073,0.0237608385198628,0.226026797256045,-0.0300852656108468,-0.561376664426542,-0.252103185065076,-0.435104785609623,1.52562489292151
5.4989090526111,1.01385336109326,3.33405634948504,-1.9786179277661,-0.633079684742555,1.5289510695707,1.08573527970674,0.135113802055273,2.02871592955562,0.931606872393314,-1.17319260373121
-0.189435998234886,-2.25526553492288,-3.42848151624554,3.49666969680514,1.70084475855612,2.56833681713285,-0.662667072321756,-0.841661857500464,0.78888013456396,-0.177515038860399,-1.35841949986406
2.78043047154322,-0.710440486636206,-1.78594795893807,1.86535102093413,0.542075697452,-0.644004249385247,-1.23077359827885,-0.470427664938416,0.954348755178322,-0.0540232159680729,-1.49649134492376
-0.442531877321119,1.67617024679966,-1.79437667112442,1.87089618276577,-0.313442350109825,-1.40090315118722,0.383420691824695,-0.88296322988219,-0.732422933122307,-1.25645672861298,1.24073376122393
1.50016732600579,1.15828791368847,0.680376256249218,0.377662770133923,-2.1559603920192,-1.08456221865977,0.447893245951105,0.112585045736535,-0.364577806691965,-1.80954826266212,0.927628381061825
2.22497660798613,2.64505613941194,-0.966222837735931,1.15859583577583,1.28413119423417,-0.0538335927402205,0.552265275903447,0.105642745445482,0.00383596475297756,-0.0592479648047099,-0.443066357353148
-0.700466819987979,1.34002830529683,-1.05543590261078,0.969633269961205,-1.88023373801613,-2.30780511071079,-1.25832291864182,-2.16474700997467,1.0845214329708,0.847875741595115,0.668082208778249
5.9218363172514,0.885062372701423,2.86915142627634,-2.72278818434557,0.64164527747089,1.45411355991589,-0.0354554743052033,1.22045973300477,-0.0549469292529549,-0.239090483682922,-0.867440482780219
5.13083829526723,-0.271247142340185,1.84266361085599,-1.0673762113618,0.545112481040513,0.425642349459532,0.2396329336173,-0.947096918969348,0.327087079336636,0.532443286043971,-0.698445210167443
2.12965527645381,1.34013685921934,-2.37608713158686,-0.8987795291805,0.346439035412563,-0.322550282526686,0.285666334068148,-0.750182582625074,-3.07810459114869,-1.68367873199492,1.24609961441084
-0.761931856419171,0.582945754312534,1.29168396086651,2.08326954391122,-0.284947177911416,-0.114206116662671,0.0240672144034972,-1.25610411669205,0.525548753603549,-0.142561555925975,0.506278894005757
-1.19733005956671,-0.25436519785739,-0.0724234892568323,4.28778547725753,0.552946100713644,0.339334212321976,-1.28346192112062,-0.0461266389837129,-0.872285484699217,-0.773352857866063,0.854158055554343
4.76558831410214,0.536988065963293,-0.37896160357232,0.152397134200689,-1.14150489794034,-0.638377116505903,0.24967659763349,-1.06290386945828,0.333241954041692,0.747812759731438,0.689178095788076
3.40677790161792,0.35109121478248,-0.706814784230257,3.01697779948856,-0.553192444732336,-2.5785773611669,-1.20322091086879,-1.90381238846738,0.884510854733675,-0.830250851821605,2.11404624900405
4.68686458746188,-1.12725231379946,0.177763492752556,-1.61414611393119,-0.0525255782242566,1.34423395219102,-0.411575906818594,-0.0191534112834283,0.684188721031288,-0.138294064750358,0.642151796982765
-0.920141929692419,-4.06441708973132,0.147126457415854,0.309669932385244,-0.913163331822258,-0.574382085777704,-1.71772451677973,0.806549641931129,-0.295892943046974,-0.716704256321904,-0.723802584099385
-0.932283179831638,-1.26760600082174,-2.20458687881828,0.786785509602483,0.98820614320106,0.911654470388471,-0.0904074020011712,-0.24382338550474,0.109800049957939,-0.743324529197348,-0.818401553104935
-0.150285981362197,1.46691210836361,4.64854855526574,1.77815909603744,0.935934618398451,-0.0559507955659204,0.959862802741799,1.17674758228731,0.406419004332806,0.561915166495547,-0.482474647081708
2.86670430585589,2.78804029976915,-0.157239748326382,-1.4719914983121,1.34488090722799,-1.23826419842266,0.0353284096504965,0.83411957750118,-0.295998112967763,0.659260371329246,0.845862688980083
-3.1435172518681,-2.40060838177125,-6.07017921082298,2.05511027777489,-0.275718988849152,-0.502001793533393,-3.16426698198671,2.22260128504254,1.40906556053456,1.50252331710403,-1.46148449636975
1.82473516494522,2.93259455837643,-1.211597263124,1.04637595587344,-1.32556708159146,-2.47605052669953,-0.638740638363127,-1.54340140695342,-1.14420190290531,1.51831399376779,1.64088170455011
-2.08727282721203,0.197826274412799,-1.50621024758743,0.898684380152577,1.17501346663434,0.743958302928723,0.336668630726906,-0.10683699271521,0.173648061486568,0.245170732808325,0.237671555661626
0.911261028802179,-2.95710872201381,-2.1000816866148,-1.41219765037377,-1.40628658284148,-0.325700296902654,-1.06050344563171,-1.22595016914689,-0.663859857564908,-1.62652962451588,0.433972707918724
1.76950539571287,-1.36379846843059,-3.18325427277597,-1.78200343583291,0.244739953676828,0.579404192849976,0.211808864771169,-0.121349751661456,-1.0783287289466,-2.41217166285965,1.02490903934276
4.23643414753334,-0.38448725711453,1.81395871806504,-1.02965378179013,-0.666078701623497,0.812081555897368,1.07522608249675,-0.448756350218377,0.858541737413892,0.40916728683434,0.905682335598624
1.35374272305028,0.433280295858228,-1.54229837684335,1.4804699338221,0.921079044915563,-0.414799815989854,-0.59209249611344,-0.363464554347975,0.702560143253649,-0.0284522796791831,-1.01607322760246
4.27124193376185,2.21341934907243,1.12525701914682,-1.28921220175515,0.0936295482381618,0.28964585686001,0.967089382520973,-0.969625745680012,0.487822885554306,0.340184187382791,-0.499658672270149
2.30887909225739,3.48262911667733,0.43453370384473,-1.95108837300168,-0.0245860676536791,-0.595013649552159,-0.694319599229087,-0.123904205793299,-1.4626139813698,-0.141039538493133,1.06291321968111
3.21429836357149,-2.1983944695343,-0.367043355082675,-0.782948690828823,-0.42441787286933,0.26879724566903,-0.0566871394765086,0.0280056883175811,1.57218392372131,-1.44648434278849,0.128905755792292
-1.65257322755282,-3.54318170047531,2.26715605823038,1.88397559079439,-2.10970384458886,1.04060474671746,-1.73080574993964,-0.320234386306348,-0.401975408839875,-0.974481028760648,0.271429434666715
0.153373439344815,-1.05687494034186,-2.19540916811758,0.400332061738957,-0.121113634058562,0.591641240445192,0.43473085259189,0.11449161976442,1.29896737465741,-0.168143583467271,-0.619801566047683
3.99404291540277,-0.485741892275256,-4.39448190648473,-0.249114515115569,-1.52076829832329,-0.355574698600378,1.01408435903778,0.187082912588775,-1.84550589178903,0.0897696353803045,0.427252954015899
-2.47950002031882,-0.120125386692775,-0.240101909331515,1.84013363799053,-0.517322181120889,-0.953576500476288,0.623143724416838,0.259656640617546,0.503760328265584,-0.77866713996973,1.02880869889968
4.55961409564679,-1.00058312750289,1.40305068834153,-0.218430066466031,-1.88798054799739,-0.719575135384235,2.32540664439547,0.0332984713837008,2.81056388081174,2.72188209578276,0.137044818106291
-0.0385206819133348,0.583404978503542,1.07304763256233,1.82937210947989,1.62895989655927,0.100763582480496,1.04045450291203,-0.954740166690647,0.38287922891723,1.51264600594653,-1.65160888283643
1.26099739331654,2.72151184904276,0.993975818841512,-1.06806332458573,1.53208117413392,0.801200760929483,-0.499380766473445,0.116109567816008,-0.984730511674893,1.03350695966756,-0.258073531998102
-2.77322894539255,-2.83160028555413,-3.87496386264481,2.5909178935478,2.20296978061434,1.23415919437468,-0.966161584000496,0.334569480898105,0.378719102712374,0.27882426272592,-1.90667862039167
-1.59063039034373,-3.81477314276913,1.78456558244231,0.638498566476176,-0.293862037169611,0.0234516294602183,0.14052731694858,-0.0549957128530146,0.8153172703384,-1.20891898926459,0.4220838315464
5.41745180478223,1.13642505250811,3.43454583571785,-1.68274532977987,0.426101591118739,1.10016316910665,1.03778457459076,0.0859440636189027,2.08082168369757,0.0975079049156675,-1.31011191744726
0.0658298612842681,2.2345498091613,-1.90547116885137,0.914486392102604,-2.08752323083481,0.75605382628026,-0.578893904941372,-1.00495860467838,-0.281924998939903,-0.237136898867198,-0.340575031612772
6.76000361841046,0.867488525045429,-0.00155645012795991,-2.10128532152452,-0.822483282551763,0.868689327638247,0.820435162548756,0.249654737693967,0.0348319067804326,0.512637230306471,0.31211944953553
-1.90020046561546,-2.31055952636321,-3.24228869746498,2.79134596208943,-0.192628954188689,0.362575382892864,-0.270110711311482,3.06160341446972,1.00461104724693,1.45431722807145,-0.627707396351667
-1.73825850210193,-2.80802631979136,2.20527785331939,0.614015606462111,0.221493263828939,0.124200983566371,1.08538943674851,0.21473173269932,1.95377737621577,1.09304777085388,0.948001451385596
1.67523355461357,1.08947865415741,-2.03683903608577,-1.98388652014946,0.399646958761327,-2.08241084232705,2.59695743873359,-1.76551973089663,-1.36869537929076,0.569439768900382,-1.23067229780508
4.62571651052368,-2.31053330196517,-1.9144151052761,-1.38760981004628,0.647147467463585,0.0565659184375022,-0.583906442601628,0.0737054722432708,0.513848517525305,0.266899872667868,-1.35528599664901
1.44578194377074,0.868554891482167,-0.937309314299749,0.265699432008133,1.50682895912627,0.00639882899395154,7.45434141851962,4.0638170988197,-2.36930023525109,0.31825125551391,3.40122878920339
0.458521391102287,1.09640599031219,-0.129620170319839,1.71704785493882,1.73426465715784,0.733797921485227,-0.313720482498806,0.085667996748815,-0.710407529386089,-0.999388070250338,1.07394625374032
-1.75575827182617,4.00327746277611,-0.653277386511607,1.08786939055298,-0.147018795102162,-1.6486241350661,-1.22145661038528,-0.118878574544626,-0.682819135193688,-0.669560346458595,0.792448118186927
-0.87561190484347,-0.639303780542987,0.876053554920932,0.970100250326977,-1.94398141690783,0.652591216879057,-0.255717631444169,-1.21157786777074,1.34914807331198,-0.632165061975752,0.909105288565221
6.23724217938232,0.773282562329994,3.61155378323119,-4.09600325512394,-0.137085492812391,2.35394487421592,1.30953376260821,0.839007317257311,1.07563267015304,-0.367442777577694,-0.775795686870467
2.0770786238886,2.14057189396882,-0.424988627086939,1.73126636143464,-0.154081852915319,-1.43211810554049,1.08168843647657,0.470501647482731,1.12855887302878,-0.591535057595607,-0.0608985292457569
-0.34682126963642,1.40471023079033,0.607212109865515,1.53007152108044,2.17888171782973,0.93913280481395,-0.588987929099376,0.575571567771416,-0.486026222209196,-0.75629433350282,0.925206387613122
-0.400723250490212,2.15879077399131,-5.29403030605359,-1.07112231539237,0.702874508342198,-1.95146309461642,0.75596622449673,0.276662206547779,0.832011090614606,0.602830316512033,0.825882288135822
-0.0104403611272758,0.385830452822816,-1.79006323266057,1.37741076150294,-0.708723078055962,-0.196848923179679,-0.795347252623871,0.0478024103414423,-1.15330237370474,-0.319371502631553,1.4043340467819
2.96266334878355,1.73844769167469,2.30447067209014,-0.666964446563981,0.160281320282338,1.27488914205018,-0.130351492707607,0.0750601932465019,-0.472091834960147,0.441865279658748,-1.28754927966083
-1.94174310228102,2.83182383497037,2.69937451028125,0.290098681121441,-0.38808008970997,-1.53047044857349,1.19216528530854,0.603658457278447,0.555366869340605,-0.391883752573974,0.914227059643157
5.99953962511067,-0.606555093476535,1.99753952358074,-1.90689632161885,-0.403042625189894,1.19777326812922,-0.778797337312179,0.228687185377925,-0.199861594026529,-0.147948421903232,-0.288867325234112
-2.22828054968541,-2.73117404793336,-0.412238443749265,1.39397228197529,-0.0892581092784966,0.239153769401704,-2.03795686373494,0.81678637866053,-0.547608633544323,1.37626788083431,-0.337990237405657
-1.5315676011065,-3.04138854981994,-5.74727166219592,2.34132199714276,2.71409024410142,-0.41965625154217,-1.04502747947668,2.17129162756581,1.03677321826812,0.151791126812981,-3.84537377279479
-3.86468529965844,-0.0136004947808183,2.47114332645029,1.60848182776419,-0.137666556646187,-1.37297683105307,0.472213744128442,-0.299022531146552,0.263261294441615,-0.440814226353735,-0.389679860322842
5.69401159900924,2.14262188929508,-2.06929801546744,-1.93636384800686,-0.93378394331957,-1.07022342529376,1.04853983962367,0.905886213573639,-2.02466331774984,0.714427300294087,1.16611067108432
0.0806895178187108,1.71024828013913,-1.88048267807476,-0.596964484277206,0.635610858655861,0.675036269752815,-0.620794276676293,0.657666088936014,-1.86491847179348,-0.309183258019967,-0.291479883223022
-0.519368390440092,2.67192083231592,3.73911135297252,0.646564606846588,-0.868311413329586,-0.845679626446419,-0.743821131292456,0.28017590554942,-0.874180488623057,0.114170362278447,-0.586326342206806
2.34310539282524,0.452259963544132,-4.20626977546331,0.121509078223587,1.29338720653282,-1.05932467562232,0.117574504905953,1.80809151235862,-1.75122996209533,-1.82280007690106,0.956444003187566
-0.956151817402119,-2.39176303979618,-2.54342907594211,0.344628736850984,3.80241917749519,0.534870653104588,-0.629575002128021,0.976874686077029,0.127805729753402,-2.09043514805096,1.33361460488875
-0.413077298594966,2.47718050546105,0.758153857921873,1.24704781412562,-0.16263879730003,-0.88289869505881,1.8044488986957,-1.14427002115227,1.15426918850777,0.169573786905256,-0.275585321496053
0.212810624784697,-0.318062039468537,-5.10318730240341,2.36625001086815,1.79770726662503,-1.03551119148876,-0.616066309550556,-0.337838321017245,-0.313297434652394,0.40822499093907,-1.5334691483357
-2.12873036594256,-0.421655481667137,2.89172326600184,1.29054349350026,0.235494139185324,0.564638628969024,1.55050434991548,0.228413841369873,2.14788606284881,0.159747159303866,-0.803815663544568
-2.35270423120845,-6.57065540013244,-1.30470796321243,0.69437373861501,-0.57271686599287,-0.757214408004216,-1.20660283211563,-0.338487243451578,1.62568456445368,-1.07546665087401,0.111896422694857
4.21223336729952,1.71982385738947,-1.52670072741097,-0.120777617178562,-0.495366773579818,-0.0354044154512927,0.126511126711357,-0.290575839775825,-0.875450922685132,-0.246376879796666,0.52771952275413
1.19354448807179,-2.13841668335942,1.95351341073288,-0.862066729334821,0.298898386954167,-2.688130905931,0.0598746394739455,1.17076532777731,2.42471623803932,1.85626972745199,-0.170267090141345
-1.0558846987586,2.75660160552188,-2.56460044729687,1.16267247280144,-1.95033436234541,5.02675665168511,4.20613240909888,1.68677804537483,-1.07092666489075,-0.549894690803949,2.14356473775156
-3.55521536725078,-0.463050618297341,-1.45241815152519,1.18834501982798,0.581505724766155,0.0487925016347713,0.625023110696018,0.0258847108184861,1.94406898040925,-0.708187747194774,-0.410393817182121
-0.0526557235342082,2.05244766528107,2.44781774479772,1.17766779832776,-1.73082471256313,-0.0096081436752193,1.05051653117512,-1.25866126731656,-0.18627006051486,0.347085898406716,-0.415338163426
3.23660381070765,0.215265882014232,-0.173052436051735,-0.476647150496908,-1.11178851840135,1.35130532882733,-0.906961781483264,-0.246283794463596,-0.529315182534744,0.6569751735226,-0.0780871137729438
-4.23868710335114,-2.23204593156252,4.19030323296647,0.67882120602936,-0.351412130994858,0.0540214198764162,-0.514773394067269,-1.17829365278998,-0.313319915905341,0.177093109490871,0.347368370038415
7.2043887008488,-0.308275203336537,1.44735708100564,-1.21481822508963,1.00964692622418,1.92400681368273,0.791727076969351,1.21604554397691,0.613988336493041,0.437113281320941,-0.44299254063551
2.25633821174706,1.51704122282396,-0.865267157537392,0.984211801674482,0.695239397711382,-0.270663091949276,-0.251859116285031,-2.25141871577707,0.213326820712327,-0.176664322438132,1.89784695674279
-2.47511645560477,-1.13716709860904,1.8106299763417,2.9949891879525,1.08729551469097,0.0236525517263817,0.234232619452286,-0.00597068736039133,1.59617224908828,0.559536177492681,-0.0633068758150589
-3.22561103475222,0.192488458910671,-6.09369632440755,2.4259338100241,-1.29025163720197,-2.45268346710932,-0.745951240685431,0.86074199676859,-0.334312921143572,0.774867136644135,-0.72985701046869
-2.80760622379241,-0.311488801365848,4.0159438709165,2.52278645291194,-2.11670319473843,-0.220735078657241,-0.305345778234776,-1.33153459330722,2.71514187391572,1.38696411117804,-0.833586389071774
-4.85403963321599,-0.0655359786930594,3.84165673414745,1.73042485253787,0.101213970480666,-0.477459729133564,0.440566854657226,1.4883939988809,0.698201481034795,-0.598030766075391,1.01808023975247
1.63822527610745,2.57186483532403,-2.08255243210294,-0.709827997618009,-0.401081356837895,-1.41238461054317,0.507469419047974,-0.707469598877608,-1.31348195580148,-1.09800401892024,0.674730719924304
-5.48999238499768,1.02522186600074,2.20672362885246,1.68257002460724,0.599593071166273,-1.17571082100791,1.3146646905042,0.0638649642921985,-0.219076982912796,-0.572711297733729,-0.560250737377908
0.886622764875956,-0.130094825305769,1.45585370185885,1.00666132577567,-1.54199646133406,-2.17034219871524,0.284908702430061,-1.25453468260482,1.2319391709137,1.09910896996424,0.547188834291815
3.26818690202234,1.35790535715824,0.639667964313631,3.76704574194688,2.4034383738415,0.263098841697021,-0.514033691834868,0.160581663208854,-0.269218348828399,0.768742549285596,-0.624963602773735
1.14673141956475,-0.278576712541922,3.62650306881183,-0.215296355972003,1.2876815241095,1.26576485809742,1.65200117364946,-0.744511815168453,0.78431167725693,-0.280655793051479,-0.74055561279681
-0.517200315864356,-4.18963123814656,0.219661243053707,0.419860005654538,0.357490358166084,1.10513030008426,-0.0844966893296696,-0.53015552251455,0.0434829335135943,0.0037287763440812,-0.415799716266087
2.87866393512142,2.78064354387903,-1.29963629454876,-2.47834087842298,1.14931686584392,-0.95363015923846,0.547517960438159,0.78205979401503,-0.992005390596535,1.47871842109606,-0.507570437914917
2.09005840927445,3.07224878508264,-1.20792667031158,-0.873914804775507,1.33292142410429,-0.217772564155227,-0.0853710948875381,1.13143137117653,-1.2408630717333,0.451262173854707,-0.00285200702494808
-2.18669178262225,3.72619908086396,0.105738663049306,3.45449200391527,-0.385512664664216,1.0094180695779,-0.138217552489752,0.0431971919781994,0.103353270219122,0.0282624588374176,-0.484734396593703
-0.201825883813666,1.50018456067866,0.270941290557846,-0.361169827702869,0.66716144500262,0.288953200537327,0.185484514503416,0.0251868490796431,-1.65147296961404,0.660154347917769,-0.849685497147922
-0.285507409163129,1.86009735607568,0.181767678671889,4.43571541843254,0.105865187495901,-0.167726672000792,-0.0343380248605713,-1.88522748301244,1.47278095792983,-0.376844261222046,1.10116905138038
2.58057777363503,-0.909829817716326,-4.13686614099366,0.821355348793709,1.1024647075028,0.313532632711655,-1.4236477143974,0.261337589953408,-2.1390278096672,-0.440315864682805,-1.14497692976098
1.64424856090456,1.5889658193279,-1.03265533707406,0.448305303828684,-0.710727757291555,-1.45835859907119,-0.0446621035956412,-1.17603900274067,-0.390059278003074,0.0260666761572099,1.53484050647591
-4.4914031751931,-0.893564396473028,0.274879286571073,1.32552204811967,0.0771168676057316,0.149901987576638,-0.701028909765178,0.69132595648969,-0.926000012374083,-1.30571297940961,-0.226466642632099
0.682218870682778,-0.341271961125859,-1.62445796592394,0.506363493712286,0.548152789603522,-0.438770498099257,0.925660560566482,0.569147752005593,0.525782158718578,-0.0111033551568901,0.696637837595257
3.15678019988201,1.01122454680133,2.16106230260221,-1.728793864455,0.492592488649399,-1.02653303551998,0.0906692131847155,-0.920004726847083,0.494393255336527,-0.839261232854436,0.451924925528248
1.90761599434656,-0.0939367837070143,2.066538589288,0.486913069531505,-0.59141367843649,0.533188914899271,-0.555088682656385,0.029114877241299,-0.252893313914686,0.0648837069475159,-0.176916669930674
4.42625514797982,2.59988289694024,0.184972264795401,-1.16700281952614,1.15881380686595,-0.439780547411254,1.23094153898235,1.03861645875434,-1.64774191386051,1.70881290311735,-0.653734213474216
0.610949099737379,0.370026694872741,-0.60446696637554,-0.230826672428368,-0.336230703782666,0.46146660301692,-0.136691386010222,-0.111921894222271,0.272785513474126,0.0905539622756817,0.226882599005753
4.8310041820985,-1.54835300605318,0.802002425867041,-4.43672523869216,0.494424195809135,-0.272063461375703,1.14962767190688,1.11002522918964,-0.82475559519706,-0.111519390974702,-1.58596400684963
5.14249363756772,-1.28341848337279,2.30487056869866,-2.13003116005957,0.0868479547531688,0.351486852845298,0.0333716177064175,0.632628370343728,0.554162796342507,-0.3690242482586,-0.187455718746595
3.43665191156164,1.76364014483881,0.214952930140568,-0.81497505893813,-0.0507374055828819,-4.83276630953458,3.67831343619177,2.30069830498147,-0.0496867568653855,1.25072043436075,3.26637499719045
-3.08205561227876,-2.13531533675099,1.78849389137783,0.865788394559534,0.11703267077645,0.880291902421737,-1.46714475528938,-0.207873271252831,0.581234034848936,-0.519284623049553,-0.299443658912472
6.29302596825182,2.12030470748508,3.14066358297547,-1.85700297511011,1.90187126737842,1.47053412242029,0.639931527348748,0.331949798100081,0.821366584622978,0.671327747357917,-1.15522337759555
1.98544260974357,-0.229080740944694,-1.49657443906644,2.83510741212644,-0.22555352394723,-0.766952763360543,-0.88335029914665,-1.07185938256643,-0.104633069590015,-1.19575656380738,-0.780369153694914
-6.34186850124308,1.51708895923955,3.16276783638509,-0.898259906668248,3.21157019134169,0.264829176392071,-1.17250316021505,0.166314995457817,-2.03877145462535,-0.937484326350253,0.261316933645884
-0.361849093255904,2.07168210916562,0.363999720190722,2.07816212888836,-0.256670802078777,-0.419725085595794,0.758085964615012,-0.905912367507196,-0.779727482803757,-0.856699897413514,0.330913988765434
-2.16332347840836,-0.589927535599636,-0.331347924583864,0.674766467101791,-0.730605214489098,-1.36142918663473,0.239091536894993,-0.544724897334126,0.020698698765752,-0.958910890711366,-0.48278191397026
-0.48603659741571,3.13578351507939,0.00838830135947651,1.27337953365737,-0.309965960306915,-0.7633387106598,-0.1358004041007,-0.430413678291085,-1.44418773126661,0.28196953278314,0.703289802968236
-2.58156472280591,0.674038910956896,-4.88356274218951,-0.260142790617978,-1.69826239044707,0.493607681537067,-0.118958884849215,-1.55723900047291,0.828869664322875,0.680737296941241,0.071611838788248
-0.537958792249851,-2.52054047283968,1.16856161235087,1.03508578188353,0.526411806935589,0.177256604039597,-0.25661249625691,-0.674160024702075,1.02747054167635,-0.117520106323234,-1.0978692896412
-3.90357397269769,-0.862486629137597,0.585811028769129,1.05411611869341,-0.996385719749014,1.06050697248229,0.129601600768107,-1.33165714786078,0.149101745780328,-0.438198147791055,1.29140845772911
-4.1758094118896,-3.75252111495233,1.8649887982829,1.84540415242639,-1.38208525531412,0.401839088671403,-0.763777323603716,-0.863565176840967,-1.40018893122785,-0.597401532981052,0.467379321924781
-0.921789810940762,-1.7991807574788,0.700320502721221,3.22266321268149,-1.39673147697666,1.22071225845564,-1.07263611019439,-0.546618529126411,1.8006119447068,0.470381964079251,-0.522120770048809
1.04817346630786,2.9894297925488,3.34914447563854,0.60506279672557,-0.508854699414858,-0.778496380699081,0.216894865061693,0.00932887516385783,0.857228031783553,0.502571444928815,0.160841912778657
-1.47950898785726,-0.151056342663908,-0.87869619259243,-0.75555272085265,0.504133950391281,-0.828267789841329,-1.2956759220068,1.071242251338,0.171250652998702,-0.612971212421241,-1.06157680572063
1.17873992355695,1.96581028162474,-1.81584218101547,0.714555657114841,-2.33965954585149,-1.5184185219863,0.828989098387484,-1.20411103530583,0.851943917673652,0.781383654005405,-0.352160954440914
-2.56949448640487,-0.141539720291787,1.87458076905857,-0.462962555328043,-0.408567163982452,-0.882268934150746,0.474787866900471,-0.721425807916059,-0.79215059120328,-0.256767040320076,0.713361029478139
6.44451538924648,-2.81389169932282,-5.02280611364496,-5.4960749697151,-0.531886567717139,-0.466758653795454,-1.20340011854385,2.02759156411455,-4.21874135279754,-0.358658466758574,-1.15099858390235
-5.10348355081764,0.648951261571935,-2.37778937377499,1.20748255585071,-1.94086145870272,0.556332943672551,-1.61480653416199,-0.691682458580065,2.03030879017003,0.55268676424188,-0.127577782438862
-3.06178809289413,-2.37644696010703,3.46293311324649,-0.430660013224774,-1.3060130829971,-0.543064897395068,-0.830468755695613,0.816498497995741,-1.48523343504123,-1.44021307542774,-0.533713066496444
0.523119347950032,-2.05265578325349,-3.52129028733791,-2.60971163243367,2.17067237130276,-1.19038720960168,-0.94551023279473,1.79852726284279,-0.667208277579226,-0.191233890067209,-1.08396798340067
5.61068860322311,0.678462487205067,-0.3160796249941,0.0597212259403527,0.841511188288546,1.7174124939105,0.61934440832423,0.00678786388883272,1.13256166498308,0.780938558287507,-1.46354221444225
-3.19336912218966,-0.732543562293148,2.01714707628499,0.474691232589761,0.260682074175726,-0.189216205899471,0.426212140713833,0.0871194708438538,-0.46592846966442,-0.801049326976095,-0.0532885957980662
-2.7703394137729,-1.60681847501168,3.70387696277759,3.24975928704561,-0.294079021020812,1.07880582430969,0.791660543993911,-0.539086731254146,0.474623478783503,-0.0935559762897599,-0.148363848471719
-5.96241542934277,0.735542826841393,2.7693318701072,0.909866912782245,-2.23506649133336,0.303758894275515,-0.267148508746462,-1.31041363577404,0.818635371421823,-0.0744125439872806,0.658772053877748
1.82568189610817,0.796814740645575,2.17126621637145,1.54320380986759,-0.22116503205021,0.494914038150365,0.145178240057454,0.00758613123737063,1.06484333443882,1.36974532960125,-1.79197579126791
4.13613112866831,1.41545619392992,0.856034467922019,-1.45649063581022,0.332486432942737,0.177049584554772,-1.27477297360129,0.103868315732009,-0.0777295665618934,0.452479297921869,0.980138072062193
0.551573038931501,2.76922736688905,0.105645949164422,1.75465438826048,-0.314377781564657,-1.08130279273821,-0.215795227334601,-0.85691081918788,-0.990819912927684,-0.552026652854217,0.327148609145867
-3.20820394010122,-1.56243234796018,1.7387417796115,3.90068745728971,-0.151619309534456,0.1035481371254,-1.87420420819971,1.24097670143751,2.68568466957855,-0.26146549132831,-0.243185408643473
-1.36386443799412,-0.699697599505144,-0.955038513574441,-0.322496095030783,0.306541929290487,0.43554246894367,-0.27067086572718,0.110884556550233,0.121595592517843,-0.205057140072389,0.959731184167439
-2.21063039897775,-1.31734882183723,-2.20272637800404,0.0701548963685429,0.0809047285825973,-1.03233765560031,0.23980744568466,-0.248103868938426,2.60297024555776,0.0524240737287811,0.481246419804026
-0.0430037559220292,0.124075346407598,-0.5722538668422,1.18965055736856,-0.878726613554735,-0.791493272280594,0.607307241245644,-0.408792140209151,0.338446644442814,-0.0383495501916858,-0.412945621352407
-3.15177054901575,0.796897928179454,-1.95534952903762,0.0703888834141998,1.34615706855015,-0.0794864581292516,-0.669910866125782,1.26039667360202,-0.194720559959914,0.711876348301464,-0.883907760907115
-4.26798041148707,-0.15563974516482,1.45913069911645,1.59141294849804,0.588743052094372,1.23926484938498,0.436015268070213,-0.912413366395898,1.11072030385288,0.515496139696361,0.560925186686055
1.87549589550917,2.23367329082626,1.33229630087493,-2.74263315286172,0.246153911933535,1.67716189698762,-1.15213534909913,-1.11974977640102,-1.02698020054895,1.31276957810222,0.0926791555739684
-3.95196905014176,-1.56279454115661,1.36123299233123,-0.737536291305381,0.127932855120067,-0.153131964704848,0.713309393934238,-0.567572905273874,-1.05184377393741,-1.49632594502678,0.319745591750906
-1.05520422216415,1.63922145404585,-1.53481266407159,4.05838039929367,-0.943492890161076,0.2634756709177,-0.512080766375486,-0.00571784484664707,1.06090241519067,-0.595887634705931,-0.337466749790965
5.39784302522719,1.41805136891265,2.92257322133924,-2.87576854026497,0.1684068259755,0.253201997457866,1.30395581580732,0.515484030481052,1.1087537107928,0.0281675977630103,-0.814903782346867
4.67729390082922,2.04170993496204,0.682745268433835,0.474917698338889,1.22864389470698,0.640222151440022,-0.625277423303567,0.794725987303034,-0.42967777053958,1.08476139574655,0.293986310375773
-0.171685938130737,2.77880498240218,1.02480418888887,1.69433693297844,-0.281812426258358,-1.8324534818399,0.541118819365657,-3.30055409538525,0.837354204202687,-0.218863599224705,1.81524963523581
1.40061626455306,2.92143899523814,-2.50473921001642,0.718520016713425,-1.72581178270283,-1.94428768292237,0.0104298990133811,-0.0995275343927297,-0.494141928181425,-1.38883305750408,0.533128522068347
1.84216159438804,-1.88065478146085,-0.340488603324902,-0.931387482455364,-0.0639129214306024,0.415637027587034,0.0858596604341253,-0.0801111278877235,-0.271833039410547,0.442124970276416,0.77525962215946
0.210040976550916,2.80476511273541,3.43524856853113,3.00042321534932,0.904677045840202,-1.09812634874348,0.680863561613009,-1.04532617122207,0.696416652797066,2.01934859588545,-0.656586556964484
5.17789641917541,-2.14639571939852,0.341620326201487,-3.75518267463326,-0.302198835163488,0.371994325785049,0.440147447528063,0.526911208461274,-0.000872083857647714,-1.20750990635647,0.421359846604311
0.713843471109181,0.708092855432294,-4.6784957572431,1.2213429043145,-0.504653235536799,-0.322561211956937,-0.771529758060885,-0.6796956395851,0.820873292633742,1.18220483255296,1.24934345557945
1.5124795136393,2.03333637884448,0.861675714669532,0.489202468471709,0.996858112701201,-1.73151641115963,1.44064911013967,0.0410056772923748,0.614777618020907,0.655340991770547,-0.64024458149101
5.11267290476177,1.52585123791428,0.414794153368742,-1.78724847148444,-1.90914088089808,-0.104340770578659,2.23284192888092,0.85689390375596,1.09531989287769,0.0365533692966097,0.21091887600833
-2.82983611471874,1.33341626614607,0.54473450799533,2.23921973471873,0.801959866619865,-0.822753208797039,1.56231733983732,-1.00911613545773,-0.0756633668505357,-0.0618421709946357,-0.29238725079805
-1.18378903245167,-0.921484626759493,-2.66377785012429,0.513606851595982,0.0992439579550891,0.752795646826517,0.0753079024256137,0.364605403706592,-1.09108042549908,-0.721855131172435,-1.05050827277794
2.75693309265866,1.01266581273469,-2.12000982649363,1.52256568274628,0.987649746710857,0.666508073036764,0.079655646124149,0.319456867255193,-0.383087466258049,-1.00104713817449,-0.89297793648361
5.78255332685562,-1.50274005004685,-0.907111084997437,-2.13510311846514,-0.38648589344956,0.137932378533662,-1.21272103446711,0.592650953868683,-0.346724691814638,-2.58229673848739,1.45614289773697
-1.90343607449106,-1.06443583186301,0.125525652362647,2.23105671819591,-0.767288413012427,0.403591825478074,0.305310811891139,1.14132471608904,-0.896405742754636,0.0397696059489055,0.307611270010117
0.830470538876117,1.34535236363626,0.932682557018877,-0.351104657938537,-0.682713261545365,0.507567487597949,-1.02418686660956,-0.0799709136707459,-1.20298489415562,0.113509740530647,-1.27898672991047
-0.655858990509726,3.00107806842188,-0.935146001458105,2.46093618031813,1.16411855672316,-0.847795098583885,-0.406339083286329,-1.37195474589809,-0.486603791318125,-0.548999761768286,0.58758464161006
-1.66801628857186,-2.34466338184682,-1.7074422932945,-0.330964046973668,-2.82867940106191,-2.29484686728449,-0.944435237829711,0.109844596965067,1.94329560448856,3.31263120976598,-0.37260071555552
0.325118743587687,1.15734283705452,-2.91209141116321,1.43174502231184,1.21870556377712,-0.416344328080633,-1.26242934163813,-0.740608124933445,-2.64988314874976,0.10762395460626,-0.351180417857431
1.57584518571939,3.64772026537372,1.57689668662943,0.554603538955,0.716513546954352,-1.13693994077472,1.27138374034603,-0.0809906269556257,0.984153485914265,-0.0951761381118833,0.76158375819679
2.56117131817117,0.683244114316801,-1.54199553904779,-1.17707369900622,0.313529637561434,1.78063262903763,-1.77802774299969,0.809358261242856,-1.40936130671322,0.488818317232896,-0.237701414215641
0.58386770793787,1.46230892501814,-1.50291342592708,-2.64657561666905,0.636382871211255,0.629219744221241,-1.59420960735359,0.843173129946262,-1.63341058190767,0.507096479302812,0.145889838467452
-0.225006908105037,-0.437830142261378,3.89642842617597,0.209283023648501,-1.10298677466707,0.102764509501877,0.490176467554394,-0.234380208964138,0.165270167681652,-0.665827166067369,0.192113484544015
-7.11751897224347,-0.0502635439309487,0.48061489590641,3.32665638446563,0.43555990217887,0.036945925867554,0.975329648622371,-0.661025553295584,1.1563657570549,-0.954187607152066,-0.282895747279179
-0.323087982726668,-0.6440397224622,-4.53508158951029,-1.62195350490775,2.93527564972144,-1.02252740454419,-0.84836520170945,-0.0571698880820035,-0.685061957815699,0.828119994460705,-2.58904569661279
-3.99941106859822,0.991409208134111,2.66229662751238,-0.46484456668254,0.032357155219846,0.188177445054294,-1.33625961916568,0.141407223702816,-1.39009582314593,0.0168582655550814,1.05757869141047
-0.865800178913864,0.690375989920519,0.990336488478435,1.69897310657808,-0.286042581712041,-1.00261998309388,0.796484125293851,-0.462877658772353,0.245164863393462,-1.38673651026255,0.0876106693579021
2.28686831054238,-2.02848123934603,-5.76274904452608,-0.273383849461404,0.00241417420720308,-0.491016852685523,-2.21425160364811,0.504674735565694,-0.67708160791434,0.371526444280889,-1.90785711004839
-0.545466179818905,-2.80432658512546,1.26428305325315,2.0359789499649,0.124948827852993,0.890824678354284,-0.0243871017600273,0.644050032130725,1.81402608243837,0.0167820054259021,-0.030578673103843
-2.22210028906221,0.425537402700235,-0.622241849903395,0.603136375246205,-1.38303045962132,-1.44117845447963,0.955790670353433,-1.16137652084539,-0.551887205470538,-0.406047854901029,-0.299170954333469
-3.36924950904002,-0.120211845747124,2.786046819383,3.54859662951498,-2.08873040698366,-0.178506811007854,0.588537812249208,0.00839307957586894,0.431351932200504,-0.0349880091903655,0.2551004698434
-4.36195142613135,-0.652990224547867,0.656997952213623,-0.912313364627637,-0.109380279544426,0.537387213822351,-0.57366469711445,-0.743500462802882,0.358594877485268,-0.269039734957966,2.11778764013598
-2.90182154125323,-2.82084274165295,1.90301764129907,1.49606253464114,-0.994985370726652,0.5743108768593,0.12320431920161,-1.79496529848969,-0.343343785252119,-0.536573492578914,0.274600473554169
-2.87468550584592,0.827754194603781,2.26188527352922,1.58649925493941,-0.335148883153709,0.980583369634078,-0.0436387253193573,-0.297422530209708,0.0149725456682009,-0.182494274435104,0.789182697562203
1.67288280224332,2.51567617978879,-4.03393286137982,-3.75916954462185,0.848755992186756,1.13153380748847,-2.5670875049563,0.81308451154588,-2.87646933565602,0.325446941679999,0.191992751427162
-1.1716834270948,4.03698376675409,1.36218168388385,0.892060738565658,-0.779349547106525,-0.358704231634809,-0.172741892194475,-0.302061237957212,0.289564348062333,-0.0782359863355041,0.322740179189957
-1.56238546791315,-2.7317201706645,2.18634244832985,-0.37055364917097,-0.0392403778379036,0.822776041121038,-0.00332393118165628,0.0412945248510625,-0.734471227061846,-0.627067321312864,0.159796574215342
5.6272702409869,-2.52383793261735,-2.60061147565417,-3.07572212829833,0.431772137981682,-0.813637687210518,0.905451192477265,0.0484821425660193,-0.407774203976118,-0.485677906570597,-1.03007063625504
1.45721663877748,0.0154379672123701,-2.28944606547681,0.786554847123947,0.997652868410156,0.302079531446052,-1.30437944274363,1.41946839320976,-0.77768842374014,-0.868331651545158,0.808012591115336
0.334627808549692,0.816534941395678,2.30207989314157,2.40664285102692,-0.985150983156315,0.00592894681084296,0.349125996261815,0.0919162354695703,-0.0556517554603405,0.0841328067767059,1.00463518823333
-0.403485617272675,-2.97030588217909,-2.07507866816861,3.18284734706483,-0.588661907469315,1.41518346257383,0.204391691365493,0.391206488517997,0.248589189623063,-1.16579040226233,-1.13422382063276
-2.78923572309909,-0.465908492760498,-2.77524621492596,2.94799202557612,-0.337299022540465,-1.18168522791719,-0.991902972800097,-0.162772730678244,0.213784142273963,0.796486009893264,-0.00880623746317363
-2.84433018362418,0.374831262703451,-0.390376087011368,1.44080109507586,-0.632797119523036,-0.444246337618277,0.769201227369434,-0.44384863039965,-0.0896866093903194,-0.646033545927782,-0.258281606449513
-0.614552667507125,-2.26855632837015,-3.76625766319611,2.48586501413568,-1.03498269953,-1.82015920754828,-1.89874260632324,-0.187938977224722,-0.0356234666596248,1.77326004922226,-2.11120097202353
-2.06858084582308,-0.779503816538821,-0.261385521992015,-0.309878442418737,-1.73743864398189,-0.244098354339545,-0.747773445453287,-2.55632891004223,0.557195449669259,-1.7804867859876,3.2238071577654
2.41888282865328,-0.0173106613482876,-3.55555999553702,-3.33621151245902,0.406194523103623,1.54932313105079,-1.7232652515516,-0.705966543057719,-2.91241172626162,-0.322212803441272,-1.0206747424039
1.57833408327317,0.372802061282511,3.9899459156858,-0.982294808848061,0.589046400952297,0.585346007004119,-0.0251476698448169,0.430846756298182,1.08491846487315,-0.00945600893522129,0.445792668191887
-0.549449169363907,1.56333952168713,-3.54344847147456,0.662614989562818,-1.30984835252573,-0.914119657880921,2.03795301901893,0.454839081703449,-0.5682672202208,1.09862850476593,0.800935037012514
-5.12558736124186,-0.757187403451151,-0.752394229834255,1.10989748753564,1.45546390245442,0.03528393300988,-1.1227316401867,-0.422257045511357,0.653301832759783,-0.830952160075575,1.92503795381528
-1.73052630895557,-1.00321150809806,0.351190980963435,-0.327722522258869,-1.0722770707893,-0.00836928901621613,-0.181684096182852,-0.734344919366642,-0.135110838889208,-1.46910397978085,-0.41856763200071
-4.69908332354494,-4.74330309963295,-4.51596928150636,3.7028873336366,1.98959747357106,1.56196883080746,-1.82612082268251,0.637161190973663,1.53019277654669,1.04482574820876,-1.14194424728702
-3.03163685029409,-1.64189552528118,-0.171958027673374,-0.40149124427277,-1.97057454464314,0.110997002384113,0.352735325659158,-0.443607316090067,-0.82664587395456,-2.1469994683632,0.578296102490295
1.87891359131993,-0.301624691354083,-0.636127452221432,0.320168662272622,0.0510162407036434,-0.484198365912682,-0.915285480337929,1.32300381453949,-1.32255995652828,1.43104563418296,-1.68300156986212
4.9642117023292,-0.316768425687253,2.22251116582893,-0.96059920634905,0.716020305533126,0.726447423449211,1.50034408997401,0.969757741137749,0.595746937173364,-0.0559506176799033,0.0705876237440379
-4.21600952108002,-1.93206608067824,-2.18957835908994,1.26183831304184,-1.54050673548256,-0.504037284711976,-0.709581227838275,-0.128563311369176,1.75428740434975,0.00160820772535953,1.82918854860799
0.235141030325615,1.53180006041348,-1.36514721405877,0.821668079055403,-0.250854823067585,-0.267829519863811,-0.77031706444065,-1.4511141342591,-0.71734703838184,-1.62355783054442,0.879240767255926
-4.38601618401068,1.37504927472385,-1.7860687478689,0.666172185783457,-1.61260582193299,-2.02189895170789,0.66055171177048,-0.487824008452968,-0.545364281236658,-2.11372911778248,0.678274566344736
-0.705648228129843,-1.78622282890823,-2.41119418656284,0.756651615512791,0.425191289340078,1.19491181282954,-0.270760910868145,-0.393163705020926,0.573802662460637,-1.25084980267063,0.32286853492647
3.29064994530205,0.6412736917448,-3.03258295797429,-1.58019582375005,1.55043583917234,0.130815716284706,-0.720420165606009,2.10999710010117,-0.613984487853441,0.238226772374107,-0.213239222689857
2.33970259570643,-0.938168916664612,-0.221515388862451,0.144689888632567,-0.899195485460656,0.739055976370571,0.259311498728588,-0.443052449352426,0.54940427434776,-0.511694182811053,0.961977663399935
-2.99406142263502,-2.99007981925923,2.21655598409296,0.822344874874063,0.781564635383433,1.29345231904023,1.42808025554287,-0.259215246190684,1.37544796753561,0.102107625562614,0.719310062256079
-3.08324653607801,-0.253430256594282,-0.26631107169168,0.110849570577711,-0.170520947118452,0.280104597289769,-0.970979189622263,-0.114284381165537,0.155889491935858,-0.118094282783013,1.31346475810132
-4.81038299260722,-0.538707901722071,-4.66562290973591,2.13000950428064,1.72871861721415,1.06750639271143,1.38777149860595,0.916109660767911,1.47240171597074,-1.10855410228371,-1.744645958657
-2.65278214537528,-4.95265766096046,-3.79715062125352,0.724413360237973,-0.0639800379252529,1.30654986321682,-2.19175141523288,0.686618057293663,0.824960906557272,0.391595686573676,1.18768584750874
-0.307282008369198,2.08099711835777,-0.44511288086952,-0.381389866296546,-0.726406470466798,-0.165929109042814,0.215057818296017,0.941058899010737,-1.12936297310585,0.413289669276239,1.23861405833208
-3.19558239919286,0.191305797679514,-0.418226174239949,-1.55036813316734,0.588322357093835,-0.841677560259047,-1.26006093839184,-0.882468335667557,-0.937332356213814,-0.922924007934975,1.05547418441223
4.92082916038035,-1.23519811358498,-1.12302657469907,-2.88034004836858,-0.416142552516107,-2.21656031966108,0.919863942287611,0.774703784861896,3.07089141102319,3.87857490599635,-1.98893874807523
0.966925110287889,3.13714442864841,0.777783350822581,1.52144122984875,0.37808052999255,0.00544921926946341,2.58771810595347,0.720005477128727,-0.657539744166892,2.41541521993808,-1.21045050362901
5.59096657068566,0.262084732579912,-2.14183147367855,-1.08168129399218,-0.889020161262751,0.873682914021688,1.53016378380724,1.54146743109816,-0.944339597916404,2.80349969147775,0.597264268645136
-4.54733717869342,-1.70801586808507,-0.366523802927206,-0.151606799150366,0.203109090186156,0.644365792478579,-1.16645413808292,0.120789512243825,0.889894475143479,-0.578642265641042,0.539705221656888
-4.2777157741946,-0.355319234171864,-3.43972421887179,1.69130585823302,2.22539334526815,1.46206141348357,-2.35040921138223,-1.12747183194368,-1.73672258588754,-0.535526714601261,1.33097510057818
-4.9542111158763,-1.82584249878187,-0.155963507594472,1.78543632950809,-2.07758929947529,-0.492008802616815,1.51548512637261,-0.299889784757363,0.74468299931055,0.898416448523612,0.688475428667929
-2.62808746493429,1.35044034453981,1.73821216154375,1.72719617996198,-0.608077343214423,0.164053781458504,0.568506974902036,0.378379073545371,-1.16990858056449,2.07406456530861,0.638025958618704
-1.87859599413746,-1.26881987743762,0.686475351116779,0.00456074956881386,0.861951618680608,-0.407053845352402,-0.25339074716865,-0.841280346953291,0.860520164518931,0.501709217654273,1.68491013443014
-5.25203533218169,-7.20626620662291,2.57524724840706,-1.4590002721657,-0.277299870525486,0.511487624914109,-0.666454162182608,0.70972124180035,-0.514616415078568,0.160420903590088,1.16949268792132
-3.69801077617076,-1.27148188539666,-2.1560544553599,-0.471118549406395,-0.3826084311032,-1.3502856368967,-1.1753402264604,0.292199066856366,-0.54373206378821,-3.15221508318554,0.0335982618334034
3.16713825154564,1.11845418459313,2.81454710954227,-1.64183084903702,1.04454884507739,0.499188489464198,1.30159588731424,0.546712717436854,0.313759733181029,-0.0756847389325495,-1.3589285226798
-2.51020991630208,2.49176296982642,-1.94378860354034,1.25612421665998,0.735591382031399,-0.711459123400767,-0.543258807929183,0.865321795822849,1.95734521008102,-1.30643177451243,1.75724630847364
-3.07425133493216,0.851620548570483,5.02768121722258,1.86471898884334,0.32445995102672,-0.26879796092676,0.57017151656021,-0.412149647570469,2.57954406647764,1.48541165117708,0.330008322462124
-2.44684264431296,-0.0618864871935332,0.538132927107306,0.811048838314141,-0.408669828901664,2.18616494484819,-0.19647429721889,-0.29003826451794,1.25972142966889,0.753301244482744,-0.42665527959471
-0.445825242875555,-0.59138785074686,-0.602660163486419,-1.11018219873053,2.310314462774,-0.857260827454189,-0.920824683887424,1.45570273168242,-0.630211015162621,-0.618704142435373,-1.2592603423658
-1.72754563730248,0.996478990204624,2.75994233781185,0.420653087551891,0.434777056714518,0.312546745229555,0.586911189279278,1.19734616155074,-0.705850588210592,-1.03197313696847,-0.126168591860964
3.21883180144201,-0.855800485651283,0.635885998493709,0.819146985310216,0.749509180421544,1.03864788462409,-1.1232028604022,-0.466638595531606,0.254688922456873,-0.382526017787407,-0.802271003855502
4.12119255651689,0.0161156609294988,-0.757236878717428,-0.318068037517399,-0.0183644319288611,0.285167120025998,-2.00873822777943,0.402404452235221,-0.480479060166774,0.10347053736756,-0.756964163425578
0.524166654352057,0.454728811377038,2.199896982729,2.4915781185277,-0.566675168055664,0.503960435502957,0.0321969909675618,-1.27535358832925,1.89865547545647,0.643870959482708,-0.766885816914348
-5.87797898457551,0.969209508272012,5.26114654781372,2.57498906891299,-0.237129905539964,-0.286941870406512,-0.304668564339346,0.776369528992414,-0.626128977180789,0.254887760847611,-0.768060287942478
-6.09632265714218,-0.600409933486052,-0.059529135364611,1.10166771419149,0.0960550242219453,-0.0895036597744337,-0.817424722393953,0.640220006415295,0.0950225923927225,-0.0864443695344332,0.035345591706319
-2.4379020105045,0.198038547650474,0.564740676399979,-0.740860385123847,-0.174437752643344,-0.144579977164836,-1.24429424110175,-1.05279945740366,-1.01626324269308,-0.81598187611417,0.236981370924523
-0.127079465981323,1.24255875410499,-7.99881232941671,-2.22885950125186,2.12059079287995,-0.266200439015715,-2.0764369781198,2.62082455561479,-0.280273022028477,0.510233052329308,0.0136208629003968
2.94174784119051,-1.54342353374117,-0.427578097482746,-0.650922082821887,1.21732799379007,0.570640204448433,-0.938993306400154,-0.0215090986624868,-2.40315220021015,-2.54906600897347,0.390191578279694
-0.43137289298547,2.95011533020049,2.6178329085078,1.10062252151676,-0.318588327696533,-0.160055959221886,-0.282859525276293,-0.00782406758796846,0.0524015611406792,0.914671635515884,0.0795595554326868
-4.21468784909418,-0.396568763944273,5.39460376238211,2.01666510985562,-1.81165557209459,0.052580464107926,0.366943487790202,-0.702769127665316,0.677704462323086,0.488900614098946,0.309959869178047
-6.81443196158754,0.297374953121877,2.10390729687271,1.78697692556005,0.442881621343149,-1.36580596338473,0.924481526999144,0.465128625391216,-2.23402814962382,-1.37413719773723,-0.823155268067173
-0.881547083041059,-2.12579145735251,-6.27872421036466,-1.96011922575131,0.902763464652417,1.05272112644879,-2.10749293608172,-0.110732635506175,-0.394032267044321,0.295299992344875,-0.666795595554135
-2.56950365456301,1.63195153366776,3.02155517997962,-0.301886892587837,-1.13929802436924,-1.0726934783333,1.37479826447606,-0.881512909363231,1.14943451688705,0.606700986121915,0.548043414317927
-4.38629451000191,2.25037015889576,1.35540154121879,-0.904659162441256,-1.01486290842671,-0.0374018459642095,-2.253945994848,0.339634801835454,-1.55062964676593,-0.309202617030763,-0.0574717294693191
-3.46243903986793,1.05143051230253,0.251429304435522,1.37439279465225,1.2773993889793,0.395311283184866,0.850727714038748,1.56572470453471,-0.584992270799674,-1.74212110023531,0.158198666926756
-0.50598539972763,3.04384197723324,-0.623316978353812,1.38263839584831,-0.223310554922834,-1.57344163274406,0.410164256816126,0.430619313104828,-1.17985928869996,-2.12427178950067,-0.0560287554897987
-0.106117918018791,1.65389731117035,-2.7701431627574,-1.45042827691641,2.50321012798104,-0.174875673956467,1.42382073891104,-0.571639241454312,-1.86317130249095,-1.94633893731799,-1.06518586015025
-0.917283619133128,0.589250779365985,-4.18591695240719,1.01275139978039,-0.0556927582142515,0.61585426319784,-0.726496063966489,-0.155677368131492,0.610910846540266,-0.260363706775616,0.718648451662868
-2.37778129703163,-2.57626381851071,-3.53909266732789,-0.186057668168204,0.365595185437864,1.52343076072348,0.323931939906976,0.703311434115475,0.776043570922114,-1.45900470882829,-0.641260382112761
2.75049970738601,0.991238140382912,0.811045542894341,-1.34134865427257,-0.863613631599914,1.87314586161248,0.138328785849451,1.75541261941124,-1.29561055074039,1.78798176717985,0.173675014749941
0.777475390369657,2.96819820184632,3.89953362507356,0.310826190897555,2.63676678083022,1.91409228485763,-0.294235872239771,0.933834650921094,-0.0927075047730586,0.0299402998869434,-1.29731531709297
-3.41715531175651,3.61580866825384,1.49310454228575,2.1229194897729,-0.360166634900987,-1.54747306481684,0.548034056377093,0.418246529390871,-0.227446166177224,-0.707717093281396,0.6219179247662
4.19225986886206,1.32862559085742,2.00373269709326,-1.14929202744283,0.709076505324354,0.385426591571263,1.23172375678259,-0.157623909669385,2.39763000363072,1.53167764634524,-1.50833847706945
-1.51620845612927,-0.0561034240901652,-4.20473053729482,-5.41144016549566,1.47661960916677,0.914065411300458,-2.76761376693372,0.24679358062374,-2.67518068480055,-0.773074294272353,-0.407584483572549
-4.96023008042066,1.29819884906945,0.519611879960075,2.74727304398037,0.648796253711083,0.567170979426858,-0.209246671326083,0.56681424078245,1.03909558023418,0.27395739470964,-0.646846177957726
-2.8424699484502,-0.685657664454224,1.72720608559147,2.54904227656915,0.0440420143087715,0.0423786106121713,0.447148871917845,0.817358906710013,1.00910468642337,0.062542120352977,-1.1741719437485
4.8797627100543,1.39608964517087,1.0828270621021,-2.05301220191799,0.502153976214607,1.54636782650158,-0.590378879226764,0.382628483959306,-0.358387645901084,0.521675505432389,-0.945443021348348
3.9384012510239,1.09001437439197,1.60006626137652,0.182918365214927,0.825066413493253,1.6337081243619,-0.608953368877059,-0.767401510333624,0.490167941913358,1.58221560939599,-0.605644626320402
-0.950778095220346,3.10332715518964,-5.83137763962897,1.77061970260377,1.26490303097748,-0.0899970206982762,0.425205006611098,0.565687882649344,-0.79513945003145,-0.597253124634567,-2.61216062531178
-0.046023622090226,-1.88691688285976,1.72682063393094,-0.746424461708295,-2.23512557360793,1.68964856730903,1.05252047599709,0.826918150769117,0.416338949194281,1.25424791321655,1.04138252163029
-3.14620277111298,0.493916573074587,1.42617247545185,-0.546401329548288,-0.0558266537295473,0.555863072608907,-0.066829334865019,-0.462830063297968,0.0170343607894474,1.53918060786641,-0.638067023393007
-1.03440482588707,2.99885330133026,2.42420927500894,3.19421538102668,0.570409785285166,0.257168846374571,-0.676761516982008,-0.916815601679009,0.431313741748423,0.209495320759328,0.128309486212892
-2.14179928745721,0.953648776553875,1.24780032820635,1.63911630461676,-1.83109103536647,-0.234038202083455,1.08671223710161,1.11141269475583,0.291831542216476,-0.954588375679473,0.862425048017841
0.296871994256894,-0.391788432358085,2.17768214198308,-1.86663494556187,1.71811674457952,-0.831685184930057,-0.169839005494903,0.414538037330209,-0.343833296086168,0.527418480584772,-1.40193769166139
3.70460491680553,2.5274824028117,0.0129576284304876,-1.92925166072476,0.537383259999351,0.245128295915937,0.653884670354513,0.543799203155381,-0.569101688037274,-0.882298062248501,-0.74662627139085
-6.53797427681615,0.495577102173529,-1.6116688462323,-1.75112784551384,-1.57780375168602,1.78958291078712,-3.10823742414227,-0.269255180233237,-0.513168099204504,-0.496770183635771,-0.977542298808346
-0.404720226025012,0.864612787570402,-0.0316014607298847,0.489328105193418,-2.66867717110321,0.638173423045714,-0.852049807514249,-1.40373810604805,0.852437018560016,-1.00101501132989,0.968465991204555
0.0571724282467653,0.488389075250664,-1.07933140761587,-0.174263465839129,-2.05147083819308,-0.0735751655769442,-1.27846312622975,-1.14363870556206,-1.81705884942551,-0.872854949148448,0.433083979090086
5.0914066576919,-0.629837658305907,4.16276333998258,-2.76402884795785,0.53988010374016,1.79630170390407,1.68596592843412,0.540636074386815,1.07935718759192,0.228043005078489,-1.76343404596626
3.34426280800902,-0.632816540606248,-1.08153155568323,-1.02738583630672,0.054760676777861,1.18105269769462,-0.771833913238463,0.0541938265505921,-1.35762701737754,-1.25303813459196,0.367833258878244
-3.45594754545924,-0.0792852653755208,2.73911451402794,1.79031706136608,0.387914177431326,-1.52201381989338,-0.858469213406614,1.39709728483195,0.468770012620372,0.594450473528705,1.13427434951637
0.388422623208339,-0.324474966709173,-0.739948407375907,3.52946857719687,0.224278547360215,-1.33215966742894,-0.50019628731748,0.634943573732221,1.07090768673795,1.46867585774206,-0.469371402819527
-0.952595169321712,-1.16640030080215,3.86153868339099,2.638117640419,0.0624693309111883,0.636297175058874,-0.322833306554059,-1.52664720152597,1.11538335740732,1.086631595267,-0.488474591391943
3.5604526502731,3.25103945999027,-2.98869630484434,-0.22416579225847,0.68890312752876,-1.53360395217187,0.65409009809401,0.504235594808833,-1.42823466508502,-0.0824696616966441,0.995641304592369
0.967835860219198,0.130470428005796,-0.368845064369666,-0.337466365011595,-0.406291102207334,0.377497753570763,-0.410366713092014,-0.682701040196994,0.416317605397,0.605195494732973,1.01141108123038
-0.972616583909087,1.80575002815779,2.63822156617613,0.418098436674477,0.336092207970324,0.318191904772746,-0.12977412452134,0.585038871149441,-0.674962071477039,-0.832009730827806,-0.451326291164464
-4.43867716744501,-1.04660788388891,4.83723534627353,2.32410823741531,0.0266343258421263,-0.638812931446203,0.999631744164731,0.145035640462113,1.05999484535483,0.569540544306498,0.018844041463766
-2.49415556499149,-2.57758202204327,-1.33562755810442,2.01665836885044,-2.38709700176052,-0.839869710870803,-0.505246141861997,0.101691268409145,3.57190653995761,1.44776734270641,1.2746470338946
0.347533942473845,3.06813986692596,1.20015037593311,0.985240734168469,0.070889481660307,-0.32608079208092,0.163739198338779,0.240101450434553,-1.15782887706698,0.283362514797235,-0.502656739571514
-1.29807065496693,0.0782627727835566,2.64465774137261,1.52541393573824,-0.316381436560869,0.728662174547593,-0.437095496327466,-0.019508798949971,0.721210017769894,0.33802885824105,-0.592443587079502
-0.800764745491155,-1.32776523071233,-0.226257563101616,-1.85910392993307,0.963049330688535,-1.12583926168428,-0.0936530405223188,1.68711634085736,0.877168772921288,-1.42081756456937,-1.40736468750248
-5.77028143471881,0.723470460156035,0.402411495104674,0.867882076933177,2.3470069443722,1.88772900789151,-0.671526135400872,0.415470029545572,-1.09801617878704,-0.905579919120715,-1.27947970292565
0.63938078929972,-2.94659930699144,3.53290378103252,-0.955535827788995,0.67291079733028,0.454419762585542,-0.767140700674059,0.0964530377772108,-0.370659665705497,1.08375028722216,-0.0781279305517002
-2.72714546604301,2.89998273332526,-0.565507042483777,-1.15257436953593,2.31018875332912,0.351420133704462,1.20799855394478,-0.407242195203123,-0.856453484906319,-0.365674573907537,-2.00564580983452
-5.1069701470498,-0.580185742542312,-5.31188742433359,0.878131709514523,0.107796430382352,1.47914958808502,-1.85765890671097,-0.175096753515322,-0.132833832821463,-1.82812237646565,-1.34833200450804
1.96923752476974,0.768692901319685,-2.21832171935269,-1.0971410504327,0.226359034298067,-1.31118849311907,-0.369526866810228,0.911376014200101,-1.11107678211572,0.150198459650011,-0.0995819744722291
-5.11694991707931,-3.53059302417328,3.78805218045507,-1.41019334483115,-2.32296506969197,-0.350256508032902,0.647700207522696,-0.160479824077138,-0.641739787728795,-0.461841537548007,-0.327757145641298
-4.26621523096173,-1.02678969351594,-1.11459996480145,-0.173450875201633,0.451611354265965,0.0147802779460251,-0.212687630555454,-0.819799983181558,0.369730574424516,0.0416868368024113,3.99426457659904
-1.18116925718529,1.448270271103,1.87302184246892,0.693714375015558,-0.246537042884951,0.0841444296475167,1.2228889317652,0.72180295151664,0.0529139982498956,-0.273869598141685,0.672881647203541
-1.66255295698222,0.636657194728352,-3.68576647511804,1.22104242951762,1.61918572049335,-1.23990627645514,1.26765584377289,-0.766670116827486,-0.417894335939893,0.734897475207519,0.219989078772588
-1.75174778214623,-4.75659082323678,0.989969925956204,-2.88815454186661,0.368420726346753,-0.388146776316736,-0.0129912943563282,0.651227908311146,1.6105826374349,0.112710001167843,0.789018640359383
-0.370098861991698,0.588077007536549,-2.3650548559771,2.25100058601953,-0.188109686147183,-1.49005945133809,-0.88911669830479,-1.20406369854167,0.348440139086111,2.64054929117277,0.184036488690892
5.7830334380179,0.268942972478062,1.88897777542575,-3.24690045957247,0.118548915501569,1.78117748068013,0.678405712442397,0.205233949421385,0.163478353315098,-0.058679748956962,-1.22557590044287
-6.45864936546317,0.262483884070504,2.10399692702596,1.4927759942824,-0.274689946024012,-1.41372830205164,0.744826399050385,0.400508674965352,-0.10329359246485,-0.402623624294981,0.680067699425239
-5.17591571913525,-3.10009270255788,2.59055275101593,2.44903667290926,-1.82409231185305,1.29518063146551,-0.660369686266778,-1.12945619806507,0.812465057915391,0.51776583888981,-0.16512652912009
-2.25305940103443,1.27742054471011,-0.235585455710231,-0.473055562722604,-0.194999797743407,-1.48278641554189,-0.184342629109717,1.69841454609652,-0.211653716432968,-2.63887671683622,0.496825820315824
0.515888103532097,2.06577512553977,-3.21011286578343,-1.90207399082684,-1.78561157308621,0.563320677792021,0.181796017294733,1.21296147998896,-3.57326707129628,1.29642783708807,0.0885130893317845
0.767252555707415,0.968105942644769,0.841719866674735,0.51688729957246,0.464726201357975,0.303568337307814,0.037483421654313,0.511785967574165,-0.285091098085764,-0.2791356199429,-0.915349109908302
-2.3995394281008,0.36464488650411,-4.26934190173298,2.41405369475071,0.430961635816674,0.629303845036655,-1.10114507833016,0.106983708202262,1.45642520253923,0.85740139104048,-0.275325982934661
-2.11069097755605,-2.95473750452383,2.78033416834011,0.185160965799734,-1.64901745507835,-0.519022117596298,-0.173496268004654,-0.871662578138149,0.436857045581791,-0.62855837483665,0.506357839020733
-0.86697119801264,2.75648039064228,1.30757912617853,0.978992249553843,-1.42518803479053,-0.790977051655397,-1.80651248200575,0.158916178055575,0.655152267186929,0.0524436332662832,-0.450290096206479
3.38293624602613,-0.155873212445047,5.34598863809489,-2.48336007669219,0.593720167249673,0.315581534494946,1.12678373791844,0.786653446771798,0.573542982885089,0.237938194061302,-1.66283077935168
4.82992906982018,0.837817768969187,3.05938033121155,-1.28220709050355,2.29233681458815,0.696709008836719,1.24374319850581,0.519444766471402,1.89568229231074,1.01282586044641,-1.01489177900853
-0.484452310457671,-0.291378957103238,-0.981103399635614,-1.02151156738352,-0.27485292854495,0.43440232943599,0.66906428398591,-1.60841967700743,-1.25529834376556,-1.75866322797513,0.508934822017454
-4.93810803354019,0.115893432692277,2.23937727628075,-0.518334186110822,-1.75958633952455,-1.18473374321558,1.26840314136926,-1.81441658036535,0.611596430375273,-0.308488266372926,1.43985217148372
-3.86078232440069,0.344485802031938,-0.149854432003846,-3.18958071771091,-0.23702635561922,0.0895009480862642,-0.733212175326383,-0.560661154438164,-0.348297708038187,-0.217865237902737,0.901069137194434
-4.6572547220654,1.73852675362154,0.88907235466795,0.848858518411409,0.312447546278164,1.77599878224496,0.116130670474263,-0.185334942795669,0.157972883444237,1.70868684253939,0.433775532176566
-1.19157143656936,-2.13506509073202,-0.822884363752796,-2.87230594664043,-0.671772416216949,-0.630633104949532,0.811175439445568,0.488160619578583,-0.882626574005718,-1.0927067477849,-0.321586507275497
2.35641752558544,-0.449784623281462,5.02594719771007,-1.17535779021801,-2.46794202564832,0.411107238710819,-0.099688072473061,0.00700965251364217,4.07783329598286,0.613813018169034,0.432966055620313
-2.87921941260649,-4.22366162349613,-0.234269144089573,1.41790214581447,-1.96932410576694,2.00683644355357,1.46954838301694,-0.137667538014132,3.67320500082473,1.03736643907347,2.08104350953528
-3.64109799808657,1.81540891322394,-2.70468684614473,2.98527505462474,-0.495120839066633,4.5440393818069,6.08840655672531,1.39418715730647,2.64418274178399,1.2810654321089,0.846856035474939
3.69915756093434,0.226973029818537,0.216140705328387,2.08614335345565,-0.717069796256958,1.73087654926687,1.35111246570141,-0.495827269069718,0.947199291719606,1.95237459767646,1.01817290861766
-1.4638406637089,-0.381768494911193,-1.32232266337544,0.0391165916486253,-0.631062481588012,-0.75472813471899,1.30749929236044,-0.955328045233489,0.783132175497475,-1.66093671751074,0.727945680296817
-3.60578417725735,1.55083402740894,-5.37194190244091,0.103643913604338,0.432809007156999,-1.09227897280411,-0.438277233349388,1.64946480289193,-1.2151791724594,-0.539359804943147,-2.23709726846534
-1.63146266198637,1.57707174051161,-0.668405227515033,-0.404272197391445,1.28325749275877,0.118637936961495,0.673156065994638,-0.339434712706147,-0.588679404411908,-0.162754640718555,0.327607513728497
-2.08273217657317,3.71249850342816,0.45044716509337,-0.0175713200300252,-2.41625423989177,-1.74947177162567,-0.122807199296333,-1.13308756538106,-1.73577410965244,-1.45211575552671,0.627883251261872
-0.49847799429113,-1.6002481554498,-0.686589842731304,0.759737356811104,-3.90828518421982,-1.05157461540356,0.694599206984294,-2.29032775708084,1.91881894113173,-1.71752660104455,0.899183381536833
-2.15122032528014,-0.377604730058089,0.062007648319226,0.294534599396536,0.647145920828863,-1.03508065840679,1.04390625007164,0.372641759162856,-0.227444863657175,0.423396795866938,-0.647796879131102
4.71832339787049,-1.11942127073214,-0.486699751859384,-1.73128965581966,0.586904264495134,1.31545127809575,-0.549395742524369,0.656484005373772,-0.609327590378045,-0.0715725090943209,-0.300963184696927
-0.405858709368841,1.24677238243447,-0.154274181737479,0.218409757934655,0.0780996494711419,-0.223725773649621,0.824794855432444,-0.815314044983806,0.894043312497812,0.550059257453128,-1.06272118471157
-6.65671437615211,2.05129412665309,4.86038130517443,0.791377495959979,-1.36952920693515,-1.00073500081998,1.20288184649792,0.0340517488942643,-0.32578483850707,0.908142610227587,-0.00928917700930688
-1.0647169546258,-2.0979460258806,-4.09321600893925,-1.03927032018429,1.6286867879553,-0.391068001844974,-2.70342142362268,1.64094418016922,0.228372547926343,0.239483812744085,-0.371588088754509
-4.2494579934166,1.13443536023044,4.31602429214383,4.20546510719713,1.05670222444631,0.896744323287698,1.38721696263787,-1.07993201433649,1.83881294189544,1.02681156373552,0.418690950915495
-1.04909639724872,-1.09794193163461,2.37229457729872,0.621816710170304,-0.158107437812822,0.434486480509878,0.549048105923984,0.325079653571594,1.11589590908316,0.286852464664533,-0.270112516112157
0.864449344928045,-0.214382285376953,0.244472414188909,-1.80003050527288,1.41109910047807,-0.714042006965948,2.18642869330652,0.497957332321989,1.45546099836264,-1.09612241806035,0.650700169450446
-4.77850481679132,0.56080009734765,-0.537688964812165,-1.23346815243229,-0.7603307637406,0.566093851001471,0.165776620294264,0.0165850821266628,0.199278040644364,0.970755557418866,-1.38566442139486
2.28497171505125,0.583086633191195,-2.89152692129411,-4.80648843836747,0.426886695109295,1.07713045318652,-2.3313271653917,0.221908853096738,-2.34550272795473,0.160882833978655,0.181717113382978
-0.411322670745247,0.659330004954257,0.543905545999332,-0.257139720488144,-1.45788695075729,-0.945229014884862,0.143434386310342,-2.04814505349097,0.856372280241035,-0.613836259409466,0.238355449987871
-1.0232758248831,0.507746700253581,-1.8454456222195,0.570586716360564,-1.88833066662119,-0.531924439956354,-0.171453336589658,-0.568855296640684,-0.848333555370329,-2.16734304183287,1.97613375909252
-4.88492768874484,-1.7641062910541,-4.96528959539263,0.409165300815207,0.368119790893046,0.810249062307058,1.11165186974328,-1.07967839977739,-0.417108029862236,-1.28562330419073,-0.492711345975347
-3.0259782870657,2.20932462793288,2.71938895644625,0.407173979869111,-0.220223312717007,-0.761548541681469,0.737273591421591,-0.242379234749285,-1.25620066899918,-0.580217304853241,-0.641337493733763
0.286675253692914,0.332212583820716,2.1961501323065,0.62459624489581,0.868702243756738,2.62147101751384,-0.451100787971007,0.00261004162313234,0.0199375510888383,0.673134959220024,-0.356275686852893
0.0140535019762824,-0.489507215860081,1.07342581532109,-0.107379010579364,0.0333697515727172,0.0961443235272788,1.85981187515077,0.750620224089031,0.442083763349217,0.885449446466395,0.604130163869593
-0.513918181118026,-2.23585309181666,-0.527985917071533,-1.00657790983573,0.0988807461285736,-0.684521148243687,-1.25041920877894,0.609576000957013,-0.404575049227224,0.266688155070625,0.806533181197066
-3.21963337099412,-3.36037127751121,2.63283419322433,-0.489750872735016,-0.225154254356328,-0.142240005675572,-0.0480348801323488,-0.738701657624944,-0.0373699035934511,0.496837259119558,0.173981626086928
-1.95886709128224,-2.68718509721934,2.79428312276735,-0.805318923248218,0.400492280955734,-0.434243865880433,0.0335221986666611,0.79573912698259,2.04474632062952,0.319977122715501,-0.198797813534819
-0.140510409390623,1.09994289482806,-2.07117856360363,-6.30209612242719,1.08399990693463,0.0886113685095695,-3.29879374490903,0.761441532653277,-2.37027416103152,1.02929669815525,-0.266184141582077
-4.13953132470769,-2.35898096317678,4.43627781844201,-0.590533699378626,-0.856270137340018,-0.0159580116597826,0.910507110677576,-0.996663909659933,-0.645191482147859,0.0450030722101585,0.942431430851508
-0.365610908120146,1.80398584625164,4.2174352002323,-0.377189436834913,0.283631087251826,-0.694034143339483,0.117225034411654,1.0912453369382,-0.811874630470663,0.276570247332377,-1.17052817523656
-0.796353241540675,3.24472584511623,0.939148090170338,-2.08354449275722,-1.64182663588958,-0.806659997465481,-1.65803063831295,0.177427492324045,0.0638037774237538,0.692734329678965,-0.69758708223834
1.75205752751432,-0.152086827250441,2.24077303646616,-0.347069835000299,0.39111975133391,-1.49090617468009,1.85607499081199,1.63850848426446,2.03011611408624,0.172092651474932,0.423640418889503
-3.98015519358168,-1.9161582067424,-0.772732933298748,-0.72316539578903,-0.118734686336529,-0.647131469482608,0.0287076567157852,-1.07996629108348,-0.246854802120198,-1.15246022453711,1.38143896294623
-2.89933640006147,-1.52615180625621,-5.70553953731579,2.04131012651033,1.54198302660513,2.0317586060327,-1.04691206843474,0.307091155762526,1.77321260985195,-0.645609274254633,0.898249388344379
-5.30824922245507,-0.861851422045333,-2.0848724727567,-0.127175598599708,0.166648969535462,0.445325042921583,-2.26781586063131,-0.320999130184285,1.5733123405192,1.3361530432933,0.666045284106088
-2.76515048964508,0.773067576279466,1.21969242130797,-0.990894160272119,-0.0391770286116032,-1.04727778924542,-0.560576182447803,-0.753730818022078,-1.23869544435755,-0.136946713709979,-0.697460009529472
-0.59479738835227,0.258845108349236,-0.580872552213501,-1.34887657155233,0.273249383889116,-0.101775735428047,0.291186523184962,-0.183603317040447,-1.54096291682972,-1.0856890451042,-1.93396726111269
-4.62847689705449,-0.414077787435751,-0.306630458157807,0.224241085808079,0.258952210685359,0.978566417298586,-0.618379483432698,-1.91103990623898,-1.15941514949297,0.111851662371931,-0.225522865820856
0.196424202690976,0.993509180132342,0.391160624809332,-2.49779625432193,0.323399316316377,1.8311957215865,-0.663913626063579,0.0957394175392142,-0.160189051888826,0.389332587100607,-0.77428063925511
-5.55914266586847,1.95084568957297,1.48492439894736,0.979021454122347,-0.77605983632958,-1.63482744301294,0.27075942772271,-0.0584671759016612,0.54235476090659,0.0617080984442093,-0.105989995485045
3.18789964262375,-5.63099873377633,1.28351693675813,-6.42521671987704,-1.63046467579846,0.619583597484231,0.0268408730277109,0.364056879643002,1.01166916869862,-0.0244876387468905,-0.0448635607710257
1.26210373662551,2.5359079961266,-2.22966707056332,-1.972790685387,0.0176936963721153,0.258573882719681,-1.68832125667294,-0.706895424596755,-1.14282113379907,0.52894921744461,0.833293652702775
-5.15019037941443,-1.1147479703221,2.90850225924399,-0.803656757899519,-0.0630671672946361,-0.712188203823911,-0.185954932043704,0.714478410378386,0.598783286262249,-0.195009292243234,-0.399808659043173
-1.55197973443522,-1.0019515912254,0.647760178209011,-0.276307916090296,0.803514248586814,0.641640236172056,0.823642532078231,-0.405309073182815,0.25491239940165,-0.413393166258814,-0.382295862956997
-4.6997046918425,1.45565190664367,-3.16152613818272,-3.19380884004279,-0.145393581970839,0.832760585074696,-1.07995990417773,-0.361175570230603,-2.15489991305724,-0.564235870589088,-1.18781757969683
-1.49050510257604,-1.24236977410055,-2.83994538845955,-1.08964281611089,0.413774520618411,0.0132765772128277,0.854986610295924,0.851278609888857,0.0495527740356742,-2.21027735311443,1.55052726291346
-3.40211479366467,1.83434069344938,2.1984597100195,1.13426141838872,-1.80262617575097,0.167836515388142,0.11292206713412,-0.168369149619365,-0.49658959681663,-0.844508909880933,-0.611717584233943
-1.82513080682166,1.89762183834483,3.4206830205202,-1.1227970215388,1.06330633136079,-0.0928732837347212,1.4936751951272,-1.31372195984072,0.555103263276613,-0.559744219205898,1.39330159455221
-1.78499888020339,1.98307530462344,-0.528045103467832,-1.91946696217525,-1.4301654415742,-1.14963234438072,1.46026076247742,0.20166240123859,0.33515076886074,-0.795312840487194,0.117019645213125
-2.09363111209148,-3.38725036654991,2.01586420653628,-1.68491905333714,1.34987908810778,-1.09303742621997,1.2164396787443,0.90533635678017,1.37263314208183,-0.677378777293989,2.17659897121453
1.40808345027653,3.1810669699726,2.30520425815418,-2.47331659108491,-0.401726781713661,0.364130673352579,0.544782528829247,0.262898161063558,-1.77463887969837,0.850340752085789,-1.37794887740268
-1.84768530989507,-3.31071516744534,1.4239596260725,-2.14828523109199,2.06493603350102,0.322974691527634,0.677806576969731,-1.0783838217982,-0.0168774704454487,-0.415260264974197,0.700265394710431
-2.95107171630908,-1.94986336049013,1.08730639966535,0.258361106431306,-0.0921625771447978,-2.27264785074502,-0.11851490378869,1.05147769237381,0.328117682590629,2.2617806175956,-0.103625311273103
-4.64307149214386,0.774378645275891,-0.561679445355595,-0.0881763606139371,-0.880700716081702,-0.147183563108666,-0.881219487796177,-0.818497260310462,-1.27934289395276,0.143362168787043,0.972897070367239
-0.234724774725999,-0.811999655199752,-0.0544129214548887,-1.05435468737302,0.553758703198086,-3.4675756550834,-1.11094257689085,1.33865734995017,1.84494149610531,5.94401540852934,-0.0522510738180016
-3.30851446450155,0.157847057860388,-0.481204478440185,-1.4156827902368,0.940212040027077,0.580670975682469,-1.55401850589379,0.184590502528469,-0.893489489299424,-0.600462783231868,1.16971414520534
-5.19845285122411,-0.65795085115011,1.07770504691876,0.677726774760609,0.65454817647325,0.163280662405926,0.333823606988544,0.558102054016019,-0.237940358657397,-0.78950135087155,0.440546652750722
-1.81031812579314,0.655646922856478,-0.253139609317263,0.314100081760482,0.404592996941622,-0.317969563465005,0.451987864895669,1.06173769595657,-2.24426369838518,-0.551930185669027,0.209195641476506
-1.49667893349157,-1.40188051802356,-1.74254515947428,-0.124680793037407,0.959200797544201,-0.588492081341315,-0.399566669232949,-0.360894106271325,1.5292824224179,0.366245700191788,0.602548909030795
-4.84341146445052,2.57248832462588,-4.12660864927179,-0.122011230725415,1.49192748602115,0.879255029597181,-0.910055046278117,-0.0559921442445519,-0.328523001022957,0.171246985929615,-1.207451918904
-1.06642806159561,0.980298000769842,2.02546641897714,0.116508304414237,-0.953127912481031,-1.13329922505922,-0.00754396553868951,-0.512826042593345,-0.37816806090355,0.542986413675596,-0.0584614643314328
2.43925461195717,0.49355520224321,2.54711620445655,-0.0770948563529298,-0.467633572506773,-0.188225519829466,1.21687547361782,-0.452528033940872,1.08593818355483,1.38474012298254,-1.55918767086434
-5.17548977007654,0.559471184609365,-1.43384287956044,-0.193848104800079,0.576818716611661,1.40273042967427,-0.174038354541643,-0.507749421296773,-0.579645441780738,-0.681313016485202,-0.166395001838967
-4.05298645048013,-1.73417671213568,-0.208327976119201,-1.86207483994913,0.192282012173168,0.0944358864678304,-0.142011440011828,-1.89828138725273,-0.861612351706047,-1.28980904076592,0.607700256270417
-1.62235140883485,2.12271403920081,-0.455574328205967,0.200198383693458,0.234587789142353,0.498082020650088,0.381190968815101,-0.722432175358306,-1.54279292245324,0.731451786294765,-0.116712461765578
-2.09307486739379,-0.285541790017339,2.51135376800774,0.542847233015164,-1.8004972212566,-1.0711930230982,0.566480598207625,-0.751485154916956,0.0432053327397629,-0.746959071079045,0.00855552112231885
-2.52810771629823,-0.308753076767352,1.79095639280745,1.83254981392145,-0.829973528129721,0.274104326146081,0.456253261263877,-0.103494549804749,0.485891485929851,0.789795518937749,-0.0766046292431007
-4.25576946107506,-1.61431504027232,3.68624250444337,-2.36347820001924,-0.801112730512841,-0.186521987997219,0.701439030031751,-0.396591656360661,0.455084078076534,-0.272810037685107,-0.104938224634685
-1.81279337319119,3.09302238697413,0.413436539087956,0.267670599846516,-1.97472547230285,-1.05758773161743,0.00122451474148847,-0.582416994743518,-0.809939736067675,-0.0586935619376938,-0.178863044565265
-0.431911636506815,3.05290345197406,0.233170771354169,-3.38748945634406,0.245481214893471,1.30205760524888,-1.95811799514237,-0.42785079550076,-2.06698331505907,1.51763746513077,-1.71430475247948
-0.476284682715325,-0.390052579626036,-0.639516131299635,0.515448523909943,2.53153021962599,-0.990509637335971,0.277621807011694,-0.46744851723011,-1.02407219832375,-0.26571276988159,-0.365115638705105
1.51964430960777,0.388446835847248,-0.0921646445770746,-1.11230053171624,1.03383502655998,0.590719088311758,-0.219035884506831,1.37966802134672,1.38543103371095,0.184175368097179,-0.994676195216052
-6.91687639927923,-0.385243017554309,-2.40480793368822,-0.339572884358598,-1.32963305819351,0.902527425146525,-0.814436822167583,1.19329448103362,-0.834992742416118,-0.337624505315597,1.42430210156599
-0.945744418996871,1.46549249648232,2.99775835180888,0.669099421817457,-0.935221462711602,0.0742551673654708,1.3179897993312,0.147793249781945,0.347443280238364,0.317931653702346,-1.21287407224895
-1.89894436899267,0.969188665464286,-1.08730920680654,-0.799158497872311,-1.13184180371465,-0.368279034616078,0.182498383956373,0.0983530976709951,-0.290187040787481,-0.237711642483253,0.434027051215998
-3.40179882452351,2.28108557752286,-0.592371562134119,1.65175336751261,-0.829475278864046,-1.71647607580918,-0.308844049103766,-0.898238420947878,0.0376377250121864,1.6797604023936,0.39181242156757
-1.7044685011323,1.01662275839815,-2.56164556190802,-3.54547023009366,-0.30689571765572,0.702920220097918,-2.73153938895651,0.558148405603329,-3.41479674801113,0.135273103610983,-1.73740657587135
-2.11271669675458,1.79783399744457,-2.89825209622069,0.793557545539348,2.08257158123066,-0.58318274003789,1.16153585770734,-1.35329510606516,1.272643800392,0.562370942512417,1.49377302774607
-1.14249236756395,-1.25049619223345,-0.986978166221498,-0.0418236614982342,-0.197263056868635,-0.128493692321757,1.16259671330379,-2.53277676854591,0.607369611940355,-1.55897683001942,0.276334258539992
