2.53397902163745,-0.652503978989455,0.263395698539238,-0.504292785434804,0.52898578241524,0.204427066910941,1.04250783480076,-0.800047522907984,-0.892702852625586,0.0390114327662018,-0.189636722007097
1.82674301434692,-2.7800188690928,-0.450442814041919,-1.72630339504862,-0.306348069639668,-1.40226655249018,0.777068723951531,0.692531783937522,-0.452471651223488,-0.765971226268118,-0.161202552228055
2.85020706834272,0.701550229986283,0.461870321048505,-1.2841952155876,0.858341891293336,2.02896256913529,-0.787328926870287,0.823565544113806,-0.369822650178076,0.363016255154545,-0.540502805931288
1.90408304765682,0.811466561712266,-1.08832462979073,-1.33647718177714,1.19865935958654,0.370550033735556,0.509497474816413,-0.298222026926413,0.150753086894855,-0.692251573880011,-0.217645692040308
2.15015204938235,-2.02653443095738,-1.37428831736638,-0.812450353946835,0.677522839811404,0.777882407181069,0.0902218789527341,-1.25771683644085,-0.710056554383191,0.162280218508571,-0.35151316472465
3.38791470834015,1.14986071296412,-0.175437845563247,-1.46310807529475,0.115115946518984,-0.923376407406783,0.00541994515948257,-0.197594097000779,0.637023482641638,-0.127213447051619,0.645265572237459
2.49983695373214,-0.663004048008722,-0.0865374807529789,-0.897099329799057,-0.199600539074999,0.289311039074332,-0.141673045729852,-0.865607659360129,-0.113381446794132,-0.639318347102607,-0.224186161367009
1.73580283766024,-0.458660085707866,-0.567683106518441,-1.04848595171842,-0.0877746862340527,1.60352889417444,-1.45225492904128,-0.228792442804574,-0.744727383920135,-0.827538662190968,0.0890597867174611
2.61223243356062,0.478181805934708,-0.968512064964762,-0.421861041767885,0.72684403079514,0.298616416109977,-0.709852668009058,-2.356887158305,0.687929601826998,-0.291649785448595,0.823785436853462
1.20928810417461,-5.03100287918061,-0.417026663376004,-0.0114401109915208,0.0341948815068308,1.88589710441312,-0.91318167273356,-1.81633151290291,-0.277416442785863,0.0592545599085395,-0.56319730194615
3.15218541049257,0.0792774580195777,-0.213365159503377,-0.0334764664024739,0.497787488059519,-1.31241312570678,0.458450742552143,-0.449135334282477,-0.460686413159868,1.14569727875448,-0.669893494619857
1.98097312944225,-1.35361719256909,0.59601594066551,-0.442240619105807,0.18102744351577,-0.393906960904483,0.29924368241922,-0.157606096382216,0.192244918831909,-0.103973149831325,-0.240992910578492
1.53638965635129,-5.00284341043853,-2.33125729789397,-0.766205188414984,0.111666809188955,1.60541255842163,-0.0197814282115622,-0.945734217248003,-0.930678470786331,1.46348965768937,-0.348543198514736
2.00191789851012,-1.32715012101087,0.148667958253589,-0.472284718579169,1.66133885401064,-0.943311512794329,0.193297299755631,-0.45845285545914,-0.0109444490708364,0.365683705788697,1.12326744798173
3.26536908205815,1.1295287710265,1.28786416195718,-1.00062378252619,0.398092565319141,-1.06503230377466,0.543861717716656,0.0180285638631367,0.789685621118866,-0.122103328381016,0.742534731382772
0.751361161806732,-2.33563370129314,-0.32289059273268,-0.126738666311022,1.78442170739409,0.727899152130762,0.54519784186891,-0.871153699977617,1.04389861405142,0.519890163817501,0.630959009861231
1.40904113946742,-3.74687157002079,1.16558520080263,0.56954443461336,-1.55230454640587,-0.543162093357335,-0.281130770772194,-1.42328683873337,-0.482722109163897,-0.0425929864304416,1.59367465411264
3.08546008912732,0.119142418161508,0.32392187455581,-0.919662433438341,-0.0529208473496937,0.283819791814657,-0.730374836067083,0.0767919696981687,-1.03571113071281,0.0876056811060042,0.112768208498395
0.533505826933985,-1.95821861511255,-1.02196202068633,-0.1796900734729,0.529522474165937,0.219069218335448,0.235436621905599,-0.588323951757507,-1.98649055649144,-0.400794535172442,0.848348208898782
2.99319369209699,-0.624114312329803,0.647015901296665,-1.37551123649146,1.22300597241164,-0.958588338719826,-0.234481186922155,-0.205297597758602,-0.617343242791461,-0.594238158154638,1.08293455463119
1.04887770227628,-1.14294572146206,-0.47185319136077,-0.421204510232566,0.310710047633571,0.852890165229045,0.710376806600967,-0.695193781438165,-0.475649777123174,-0.453150561106675,0.0753228623302551
1.06514266984902,-1.83211218318637,0.352428888605842,-0.199254601290824,1.17188447076509,-2.19229719629423,0.621722267501239,-0.884058791274108,-0.0017771764287924,-1.39203075547582,0.251210780999916
2.21002424722799,-2.1560544158583,-0.42063162065987,-0.706138947502056,0.359966583158699,1.6930342886333,-0.589603501882284,-0.965649336480388,-1.37464552473737,0.362029700959387,0.744617387741821
2.87472536163564,-1.35018960283948,-0.056973002446762,-1.4218130307298,0.566520139302283,1.10857732825309,-1.14759743686728,-1.28831571577273,-1.33500170546272,-0.447697500123154,2.42262819577422
4.33440295825172,0.186838669827795,0.463166665545268,-1.06016705199088,0.117162803181187,1.69879573880078,0.693198182500558,-1.76903283244323,-0.88794208532713,0.449597107424116,0.217681557022773
1.73637857387187,-4.50666591267327,0.588377380426285,-0.660534900533557,0.518033478942642,1.10172894424934,0.15647371912719,-1.21905973356916,-0.391897125755031,-0.135710029461456,0.510584890724868
4.08892673329914,1.56744892447547,0.756994585085919,-1.06998621522744,0.34606244556617,0.649924382511143,0.100382297178977,-0.567492724223997,1.4430702040732,0.667120025675453,-0.222468775622588
2.66977227454859,-0.0746041863889477,0.304279806441681,-1.01627840512493,1.12760310772518,0.381401773212894,-1.58227013590555,-0.472220211698935,0.692732385782911,-1.13747257510764,-1.47665966401374
3.17790773227415,-3.20180606202397,0.200961607563233,-0.438489774750496,0.0488605159034116,0.244737496315253,-1.14044077918372,-0.856599981383918,-0.817474427020931,1.73817031220584,1.88407306534831
1.51604854635098,-1.30952829942809,-0.572160240957388,-0.798943942449678,0.223692646323221,0.480076746655666,0.923345390796714,0.273416628324331,-1.15113990357407,0.352959773508239,0.343241953079614
1.32541148653625,-1.44180173667504,0.524427495619487,0.332472160780689,0.526399238750922,-0.762580384347002,0.828615248034332,-0.963725659498756,-1.56921806480782,-0.138623633369479,1.35375944390081
2.95128427016401,-1.21979540631835,1.32961146181253,-0.285919330579516,1.6951470056187,-1.09697546436353,-0.168431903055476,-0.924965293929251,0.50588373901682,0.675565004954645,1.7289555171889
1.88043511801624,-1.09346392604578,-0.342424776813929,-0.576077386884446,-0.237285615151139,-0.123596205379399,0.154918648866326,-1.15540700448563,0.411773817939513,-0.637950316493123,0.0253038357242032
2.43697889857014,0.00837621904553665,0.737422748104649,-0.498448674628757,0.722524290564617,-0.608079379771962,0.137187319358445,-0.0162146926924038,-1.36723415579937,0.128326362295308,1.41318402613776
2.38064569858851,0.361692219934461,0.951346268625177,-0.783916931559298,0.651909220656662,-0.196001835671866,0.646199244448058,-0.711275521611299,0.557479235811657,-0.72575762729965,0.717922398764946
1.93283958942368,-0.893458073025381,0.0932394232975397,-1.15082759447204,1.57953295611755,-0.30579162418047,-0.197363724536493,-0.47891639563063,-0.493532494548652,-1.2300231353597,0.283327020103257
1.86834646390739,-0.792012634674793,2.45365009161601,-0.185639680394062,0.73526468416993,-1.20197951034828,2.44447336307299,-0.993093570991452,0.541374947523233,-1.5322151523032,-0.209026608788903
2.86828007586199,0.409801480566257,-0.418908853637157,-1.13351228917343,0.177814611857888,0.25981254732503,-0.696608902489316,-0.334079157567474,0.416288436952967,-0.0667531930400742,-0.0550082183987576
1.66514294102086,-1.93838468663865,0.27842928340348,-0.389826046326709,0.547616915947552,-0.686452753600718,-0.4405003557782,-0.387689651254393,-0.766372687593022,-0.549445467443818,0.247417931070445
1.83654108140977,-1.47351114314876,0.423801999612039,-0.396104962998597,1.55942611299199,-0.497806765176043,-0.0135832964922644,-0.938104077103506,0.277750281975051,-0.486718240349414,0.228036207114364
1.73199914875777,-0.285091255806722,-0.303361453152446,-1.22775146000498,0.187466361006803,1.15513182766221,0.596574556752475,-0.13694030615848,-0.985265103535592,-0.653443592015493,0.589816711937259
1.77530925814962,-0.652980144442397,-0.683602944167551,-0.475385178862078,1.34158365668719,1.27826433018101,-0.678808687173092,-1.13085027508503,0.37168886877137,0.0421536590773431,0.114825787366854
2.86390689659154,-1.2540810970515,-0.433042013127071,-0.741346453755913,0.428849586832976,-0.848836423023888,-1.70176304236383,-0.851367468912812,0.212785468868787,-0.136690353331732,-0.00784548295698497
-0.195097680286563,-1.40907113010446,-2.13300417616201,0.607407477336874,0.490270285302971,0.112608559260877,0.638348928010463,-1.10541506139702,-0.422778541462451,-0.0621808867941381,-0.91326306058474
1.46336686675653,0.0949975230428238,-0.642036197372096,0.35221922284907,-0.247674325281861,-0.583697665348095,-0.955356849041613,-0.71353703453457,-6.98507453407872e-05,-0.09408246986349,-0.215503068245748
0.447929320355923,-1.52440195036808,-1.451140820247,0.044524227619161,-0.0519385033371209,-0.327349560291216,0.541972495764517,0.722370509249254,-0.959043856706174,0.685478064440467,-0.86187313619624
0.98566549980095,-2.37617913034265,-0.302976244138413,0.791708561933772,-0.355709656776664,1.22313273909977,-0.737631692963918,-1.59597575614188,-0.376230473271826,-0.00181386631078214,-0.912299041578295
2.48480332393595,-0.461588738035468,0.559089807448932,0.283071623051264,-1.44465381125905,-0.113332898978775,-0.877751905624165,-0.234009144970445,-0.7017104183294,0.762550241778169,0.334962481343952
1.50950625354727,-0.798188987535635,0.428894859906786,0.261648826491143,0.0177244177077901,-0.450524679803732,1.11520401798074,-0.341281204430217,-0.914559603530826,0.373978896446772,0.452058554709266
1.67042742313675,-0.444695172226159,-1.69981545476142,-0.209687871126601,-0.395720604165676,-0.0829442628158494,0.194167853660424,-0.619632521264768,-1.46978185665138,0.111239974148028,-0.743439078624741
3.46634344500763,1.72426590443389,0.966608055633243,-0.247024331704271,-0.811600677066759,-0.782913102770765,-1.43117135747048,0.434685386961127,-0.0118745338711874,0.775355752519242,0.60776190096987
2.72390642257793,-0.18050557360889,-0.262307309229864,-0.781608426985386,-0.0873329555599556,-0.318469060379544,0.396675755869589,0.529497969113718,-0.604589211347219,0.663088806176353,-0.852440265963428
0.750798283790405,-1.06827286671024,-2.62705631101566,-0.337301827104483,-0.505155361461829,0.703126679440289,-1.08146562771916,0.734068614096555,-0.395217116143493,0.769327663943927,-1.74306243730361
2.66272104744477,1.52363646070609,0.500835066072891,-1.01081386708154,-0.0787751464988543,1.0705411694993,-0.675054499465056,0.922350405352719,1.9044293872418,0.557042352835632,-0.638876339684398
1.96951273602909,1.19842866603629,-0.242917491648848,0.0170070333961604,-0.483077053713264,-0.147060489267058,-1.18031730949506,-0.557435055757086,1.44831047584539,0.148728012062014,0.23398099704071
1.87077574303262,-0.26505286080543,-0.915960134133392,-1.29160407759143,0.862103855604625,0.349531367319062,-0.970637409242407,0.428722986315522,1.23988927627096,-0.128055029875919,-0.649373258072759
1.13876888662786,0.614319639965937,0.0359129376732294,-0.661006538585503,1.10855212648586,-0.26991867063432,0.667239293635747,0.23668428648279,0.0278838578447041,-0.962034831991329,-0.225106533639446
1.7975084976206,-1.75546015852569,-0.435967907830925,-0.360203332824562,1.50248670883552,-1.52857417908125,0.168247911738447,0.72344447635864,-1.9623888072718,0.655040339254928,-0.176174825221417
3.13725957655361,1.1654910644512,0.275257162927131,-1.31727216715959,0.640026013047765,-0.0701371877163617,-0.796229162976162,1.21043545290062,0.87353069162116,0.974275565785648,0.48601424835297
-0.562913542382765,-3.56027997663077,0.963950132712478,0.998608951879538,-1.70490696389496,-1.44749555698371,2.86240533358377,0.256217987783624,-1.64058785665344,-0.46765448991955,-0.347033104501669
1.27641415031797,-0.684485642951476,-0.412597120625722,0.141484280404106,1.09144195936834,-0.264336972431985,0.502762407355844,0.439556607253349,-0.907775051829568,0.220335417036751,-2.23126934866085
1.54625546442835,0.382795242930182,-0.172974361357209,0.251333200327852,-1.17984750064627,-0.179287484820403,-0.192550221901693,-0.590468131633015,0.638199668241414,0.0713048675037834,0.0935242524654382
1.43037687165166,-0.202401254834057,-0.631277682787747,0.833827694114038,0.561512228143492,-0.0464274749346099,-0.23079876929095,-1.58927142923509,0.879204520565617,0.184469937734299,-1.37970680399202
1.60903824877235,0.935172577057687,-0.801747232950076,-0.317741769116332,1.11658368719512,0.391296861527641,0.457207744204498,-0.0193370140201337,-0.00910899836167368,1.00103187976885,1.05657704643114
1.95082912842351,0.109252688170358,1.19425668455814,0.150372108368133,0.678745237577166,0.730418967538488,-0.757383269661683,-0.192015992097173,1.79465928008256,0.571095454460729,-0.117499593522314
1.85141953646023,0.0583667415757427,-0.0692144183889165,-0.625673425277959,1.25315752684639,-0.328102075346359,-0.129098590270153,0.118952925727711,-1.38148577365846,-0.383024133704568,0.336793616109397
2.23187358999631,0.0311569607883847,-0.46664127587738,-0.638249982318353,-0.0314160298754392,-0.247585090283952,-0.30868245899515,0.02926399120529,0.89936700458408,0.363938509571213,-0.401869493499677
2.73488018938385,1.43358333385572,-0.0110208183168339,-0.384785443289794,-0.751360643874064,0.333384527842777,-1.68892617389052,-0.0332905614061713,-0.0341570065577094,-0.0898375989102416,-0.577473748801279
1.58008647486292,-0.540725625278214,-0.124618833198892,-0.134243647758407,2.01580865384508,-0.0969948724557495,0.27498680452918,-0.212130836656384,-0.733017767623033,0.511081633106488,0.456870615034654
1.28415550314671,-0.627200270074939,0.112697917793,-1.3129559694212,0.156197639580447,-0.771080930173031,1.87938465919653,1.10013434915966,1.30827306305142,-0.0668235675197734,0.361938532516274
1.11194907849166,-2.04671501806129,-0.271453790876956,0.865412553427584,-0.450926489911239,0.550718534171405,0.195075196386046,-0.968311335880924,-0.190398132335566,0.799840874132794,-0.910322419908068
2.25764664351731,1.71117501103845,0.240392641860959,-0.284613103793614,0.441276396365074,-0.139309267878766,-0.248648656677959,0.120509570093892,1.28665501528484,-9.13019068979446e-05,-1.14151224721724
3.03149614365281,2.11256321971996,0.26420315167623,-0.756596687348256,0.547309413727455,0.0463342597639008,-0.489738850956128,-0.289515838515868,0.805664707755863,-0.165383739525555,-0.296510657656086
3.10695001161998,2.59718970680305,-0.0832504095782333,-0.311415357604677,1.04759490214436,0.168497776895396,-1.00969045532809,0.0511815567333879,0.833311548225244,0.800172374583527,-0.819917988769067
0.777586812431741,0.252335484385735,-0.993036588594316,-0.811816649639834,0.10733539641066,-0.095008288302308,-0.388729524697242,0.890206914251316,-0.483832043311209,-0.00782353285229718,1.60722321649007
0.780871946459145,-0.683267787815935,-0.459794000437747,-0.330080049848981,1.74332908655544,-0.798536275245917,-1.2798591062892,0.54827776785776,-1.74739536686947,-0.499523587662963,1.05509028846526
0.525003569047328,-0.484648030200733,-0.220145467435566,0.599096239113248,1.07934432496783,0.284954204244745,0.559249728829924,-1.45056825751946,-0.331221377345065,-1.01898574825276,-0.92548661694835
0.910349409893786,0.234424992889349,-0.113812286054578,0.508447782370537,0.0633711335617884,0.624582285903439,0.801794931241029,-0.646276259533175,-0.405271155184445,-0.249936780293348,-0.962247892114091
1.11333155803569,-0.990297320884277,-0.203578725126482,-0.688080315275801,0.0701272413635068,0.866395151861883,-0.32213311794115,1.48216788658407,-1.36183325926328,-0.265710608645544,-1.76459788695183
1.62055221581482,0.878059121081414,-0.1160537384631,0.34322869991703,-0.451852975312457,-0.492720044489411,0.568861584501545,-0.314254083517568,-0.746811143492528,0.0505451473729487,-0.303274501137585
1.3790283814677,0.732427765283234,0.394901601685517,-0.0727503127577912,-0.801473072013222,-2.09860388196,0.290419071285202,-0.460437248903328,1.55742049984382,-1.08086731233687,0.407774520547074
0.797148931030903,-0.702995795130782,0.707517202768701,0.204650057502309,0.877327171543399,0.17770027544231,-0.606728989585287,0.73779686270881,0.28489573420748,0.675969304394109,0.994524302672348
2.64549495581745,0.602749618891813,0.862285542833311,0.597088250741305,0.131951786195474,-1.72189943155736,-1.35232911146063,0.167150429569859,-0.31478502257286,0.987753286036862,0.45730039223322
2.40436925997524,0.208662643526991,-0.500456098101622,-0.671461038759642,-0.567314372771994,0.601703720609547,-0.141074519898757,-0.277342260026426,-0.333027105083167,0.15946503715849,-0.26673038331846
2.26248090013525,1.26064854357398,0.513192298080043,-0.186064550112679,-0.602891164298574,0.574732716528754,0.525617375511214,0.184589307854067,0.497532713905148,0.275919582553139,-1.0760520064701
0.597059566368395,-1.95054240835071,-0.123628617974414,-0.165247566023037,-0.304565310737268,-0.29953010525368,0.95144626429163,0.365967058316717,0.134630611044453,0.158189245432733,0.0541398770008839
1.4946460106878,-0.635512762499989,0.275402138337432,0.157434809719679,-0.819247938320254,0.034121084355771,-0.45772544053336,-0.0406231031686369,0.584921268851512,0.264722974932367,-0.282246091757388
1.0791094614024,-0.667291904096764,-1.16056137192576,-0.618021752884752,0.750139250361569,0.173504083437385,0.221721589107469,-0.178750557611139,-1.78253328587614,-0.430267575740806,0.463337627394978
0.594605247529266,0.507233602019881,0.213550065672384,1.12330262947253,0.888302547897675,0.119943734787947,2.39243682458359,-1.26624873409294,-0.986454441435969,-0.417735669981223,-1.25780564742818
2.5791926040877,-0.00325792487125586,0.678897875859347,0.352531692838751,1.76379056033826,-2.05671285651678,-0.432238163441193,-0.54316358884818,-0.136336235185841,-0.0685428321469766,-1.31561253866233
1.91985506076628,1.46735016921633,0.0623238972511533,-0.359942922611094,-0.25387141183999,0.62352751440302,-0.72842802841977,0.446977813185872,-1.0166906510065,0.179024758667785,0.941019745210172
1.26348526911387,0.358959770380614,0.189973862892824,0.242277524913492,-1.13834889523229,-0.22989842979384,0.111662216467414,-0.936856426461979,-0.820865653817519,-1.4251274541328,-0.572731921501459
1.39375867648691,-0.811712659448657,1.48396422594601,1.23362567210596,-0.580781410223455,-0.556469035101521,0.168544933913612,-0.91963897416946,0.899679604399565,0.412794277970706,0.0018751620871246
2.01042011861687,-1.00094062704859,-0.226233311545252,-0.0253071517659284,0.554484223634475,0.137461729982473,0.484790877904951,0.0960076840202119,-0.233067379452123,1.53457633110867,-0.0234173204213365
1.52697475661654,-0.31412410162216,1.13131346253902,0.164907412047909,-1.70310384159982,-1.86010038521144,-0.529541278657653,-0.280152959793691,-0.19637419718383,-1.17476763578562,0.899037407949931
0.51685873996761,-1.02313961391241,-0.0543118216292619,-0.481591923973703,0.335239206233662,0.00263962902404383,-1.00667441510509,0.639953005260794,0.834119122240665,-0.640953606129611,0.0600779606071725
0.560674717270104,-1.96356131206468,-0.524688972511965,1.00470654678464,-0.307628560650688,-1.34708961184708,0.804461663242209,-0.810647288867254,-0.800350911411855,0.410383895232109,0.0201239545993944
1.19419369473681,-1.42770012388935,-1.51849515998035,-0.212177802203089,-0.414382750998722,-0.0734534285059885,-0.16351034378707,0.211922730632967,0.0208660499225184,0.544306545448986,-1.47460763964978
2.27896998351371,-0.359586460764572,0.0435073616032074,-0.177107661329245,0.193613437701357,0.120399563283345,0.186666771045507,0.40405575865126,0.662186252726469,1.06533033444275,-1.47775402537978
1.82560942116678,-0.992782187978643,-0.306924734766507,0.336685408362336,-1.52626550308969,0.381914726556773,-0.266713321683259,-0.60410602164339,-0.651716246634202,0.852728163454256,0.341459550387633
2.0089277695629,1.26173380121425,-0.235509114173148,0.240269225464296,-0.298210993296362,-1.28594067087464,0.27755155722967,-0.660077687518898,-0.563890404018594,0.0544707363025206,0.63182275550557
1.71171644729133,-0.383714417693336,0.880359337229135,0.109285688922355,0.307116641279734,0.422325673324846,0.0113416144726609,-0.164633359467824,-1.11751922762511,-0.0854452208046397,0.0315553229161369
0.943384541820814,-1.32293574189108,0.507399231816228,-0.178939944357818,-0.0894513236204564,-0.451049023167162,-0.361092134838874,-0.17814924270845,0.2613189079887,-0.834150173310649,0.379011346589127
1.7010001613637,-0.0768203121661658,0.1510319793709,-0.438610213472412,2.11498983216672,0.789138925920827,-0.967259548453107,0.180719263282479,0.807720062076274,0.662028340601186,0.552285824210872
2.03973242010065,1.52878145440891,1.3031565696376,0.0128334348176242,0.358180575748203,-0.381932817505857,0.255383452320066,-0.136796412962993,-0.426447848207906,-1.01210571570411,-0.799692558219521
1.57817111191651,-0.426128814995131,-1.02508880778042,0.195652249124095,0.775153979443716,-0.508332252189431,-0.204923578870838,-0.317746901823014,-1.89250434763337,0.101081625487997,-1.10783503906617
1.14860867354803,0.299155615465527,0.624325502230222,-0.5796463515281,-0.31428065948682,-0.353518766912316,-0.166908988212373,0.899016724493093,0.0796863166703519,-0.807022489261394,0.243523295517378
2.22158849911002,1.47234267100819,-1.89555606671222,-0.0835413538374093,0.736958779397697,0.139141493458846,-0.460279656843911,-0.192551794469439,-0.95936226784552,1.21833588243142,-0.480600818912424
1.43546448472875,0.522101179782473,-0.923593795259374,0.0284286499554004,0.418803233049751,1.10872775053728,-1.13482130094493,-0.373516241247202,-0.287962145266727,0.553177738310648,0.37702862579636
2.5000100304557,0.154995482269473,0.192633055048653,-0.289032575204636,-0.171085215478728,-0.329440390099253,-2.24367473057116,-0.631266566502758,0.479007496372286,-0.685394641501495,-0.548019298647985
-0.37466514332269,-0.281207542587573,-1.57677455886681,-0.257100323673351,0.885460640277214,-0.929769574059223,-0.162713472485006,-0.920448530080968,0.433316442348024,-2.09558471515593,-0.052837862068783
0.955147981480467,1.54663364616572,-0.410654136273419,0.156155227647396,-0.47167626056218,-0.376777357276816,0.416727684274068,-1.09815405459879,0.273338736265767,-0.900522925884631,1.08989538420988
1.12610436892219,0.0157352294613779,-0.761340873413024,0.563513242914517,-0.95598078616877,-1.09017731712334,-1.31230667079001,-1.01871822382073,0.48762311885769,-0.761847133534113,-0.678430439135665
1.0489147422817,-0.15730266290892,-0.633086822785603,0.166487953441382,1.15163342969644,-0.574819772594644,-0.475800163231488,-0.593074777280533,0.115603953737031,-0.723153599319009,-1.35294087670609
0.878198694974575,1.00033031742277,-1.8922969697275,-0.1015951722035,0.361179068804434,-0.312988382291027,0.299655656562754,-0.225704850897708,-0.93151423492556,0.00506013511035235,0.0977652941093718
1.71576190717333,0.55907843801696,0.351161810471275,-1.18653582453731,0.0176700811383315,-0.436383038539781,-0.273608006817059,0.667227684479895,-0.170382256674888,-1.25379448225447,0.322554536822425
0.98230302592884,-2.08177286942441,1.1186000304784,0.876850162292351,-1.71253319100586,0.490964977156277,-1.36569137706035,-0.894934960346149,-1.81958193001237,-0.967327482732653,0.0253649443967072
1.68418659579333,-0.600063305119731,1.2509989070848,0.862683098121325,-0.156832894203141,-0.552564904523564,0.527045911001078,0.13363268979554,0.747644726341667,0.866448508765602,-1.33846868295384
0.638355660634635,-1.42625919677287,-0.220799403775107,0.830173243195023,-0.651567568066003,-0.997348462604983,0.0540306489821344,-0.123106988148399,0.426712128918088,1.25517582410519,1.42904390028042
1.55136762771533,0.876431521655347,1.53978880641637,-0.181975298347297,-0.405375477540126,-0.693298412428665,0.246301128548162,0.286802925437112,1.00464396718308,-0.147391287120414,2.0912408649192
0.0702640535575142,0.327738999688864,-1.00313287107215,0.702917121474456,-0.190739382714541,0.163624040747686,1.32580987367642,-0.419508459039555,0.91034809859633,0.0550510448645005,-1.38078276790881
0.357082568260865,-1.14954295939275,0.0842902458869026,1.29081463057677,0.0792391724031959,0.290661062545153,0.515668423651633,-0.271201453547624,-0.92575484169377,0.329321859829744,-1.67215264506531
1.15797677580288,0.641335579113654,0.770545019778133,-0.160856992821027,-0.628990529347395,-0.677500250107689,-0.571275740974437,1.20456337552205,0.386607735136344,-0.0637798041677014,0.735731575571291
1.2714446352419,1.5308773097867,0.708075464789853,0.713907001700492,0.34032096758499,0.91133718384522,-0.533370425081457,-0.333373080489717,1.42306329837842,0.0767838910943993,-1.02829015910923
-0.616542029796769,-2.11850876154046,-0.39317622174158,1.95866295942844,-0.470796424743593,-0.369179329679248,1.33897521844992,-1.11291169573917,-0.363090824547204,0.932913089800163,0.337377691679017
0.701029776097796,0.50198597809291,-0.0934443203135375,0.13683544721987,-0.0288529901894559,1.21201610935853,-0.428478684184731,0.909106715264821,-0.903583145764796,0.365542945130732,-0.032585288856673
0.887977469724419,-0.34150523027282,-0.849201445064416,1.47761433270797,-1.13919410173224,-0.111200473527626,0.921470149006966,-0.421926119548742,1.02543904710849,1.61116471651748,-2.22855594557931
1.44963937034647,0.764239243414878,0.388713912731731,-0.329074896177778,-0.585368991710546,-0.351026383681661,0.16617175982724,0.971114528657565,0.483506160159232,-0.105769465591646,-0.50772619637769
0.247159316531958,-0.498906629711444,-0.042407969464838,0.373620436733913,0.0172780391413998,-0.326579537703524,-0.398590194739673,0.93354941980441,0.72959967330783,0.514874196192954,0.177161596986393
-0.402635279803493,-1.22456707601748,-0.403073750450064,0.993950912666316,1.35756567818097,0.561057295103421,-0.15188437862202,0.153552906052988,1.23275811271484,1.22372322648866,0.269118727793153
0.781678515722687,1.07172570438679,-0.0126273160393041,0.791515242880201,-0.45733372571018,-0.986011417370782,1.36293087211774,-0.210178263385461,1.53265047640153,0.712541013470479,0.351996516023598
-0.566468076817649,0.115715684688423,-0.37773120998334,1.07390732040074,1.11431268781703,0.471336907995482,2.19745129249549,-0.294137107636444,-0.967160804059498,0.517469365760139,0.778017012316022
-0.393657797921675,0.112487651858731,-1.61772894405272,0.770246462860222,0.0912172214181922,-0.48290084412475,0.0685946462992092,0.00373058129340697,-0.0286431654050759,0.534228225267054,0.757218605750194
1.08984347199708,-1.06084994080993,0.958135567999522,1.95113448147317,0.721212835889664,-0.627022899931438,0.283345781387547,-1.25806243295301,0.808886679934695,0.938722462784607,-1.37799017751062
1.20569015316435,1.22077366953719,1.24537387484421,0.650037883165243,0.966200095665091,-1.12054231719182,-0.335263716803274,-0.272290781090499,-0.00426936234362942,-0.98197482217904,-0.263908078739218
0.150408670036677,0.572888258929348,-0.524576648401655,0.144429424138405,0.376113268489835,0.809058790177179,-0.238716484357386,-0.0268860413716882,-0.0526864555885019,-0.376606245844435,0.635310017088654
0.9572734722304,0.996151846083847,-0.532505910099153,-0.244080775021438,0.14238928851723,-0.346302698584424,0.556754382415221,0.459685280558146,0.762822572406708,-0.315005627755696,-0.951588372690561
-0.109846133440357,-0.692017043467318,0.293054796068381,0.873388965097167,0.286905211311855,0.170181691221026,-0.592055764795068,0.0710653511115132,-0.257353810551564,-0.431432208350633,-0.358676164818285
-0.366595674108641,-0.833007725145645,0.75243397900953,0.574629063019697,1.20352340631205,-0.0134741716106645,0.485640755181104,0.886306130969102,-0.655634737966089,-0.276081320371357,0.01052322032755
2.65390551970878,3.25419248998331,0.136407586123827,-0.0590047142769927,-0.665666385940672,0.0837189805943996,-0.746554742272887,0.746894072367611,-0.325084346870536,0.484939297753748,-0.715976041870041
1.08145973731665,1.2288463959929,1.23078139331244,0.823170890228042,0.539196962187288,-0.978431530830593,1.1268361830352,-0.0350876701889405,0.548172379328987,-0.428885265386335,-1.20544616157685
0.156780694170939,0.497391335232507,0.336427695111367,0.688702918353024,0.421629975234936,0.416210515371945,0.415003397471238,0.421715789767031,-0.271022103513134,0.165105551226378,0.241908360499738
1.2399174791668,0.726327306500252,-0.268463625950331,0.43520968324201,0.156631232614424,-1.01310582963604,-0.322705572894655,0.819444360538345,0.802783661167489,1.40540147136994,0.571410209992649
1.33053385626419,2.17651563373767,0.923168265402025,0.153261617287347,1.69081689812384,0.0115361461945531,-0.800897700772112,-0.506679568006759,0.803362932883062,-0.560909389194972,1.6018034252688
-0.378012583513462,-0.277776752415357,0.493527426316535,0.313937451587413,0.151348144868165,-0.110828915797694,0.47914095091703,0.961994908783008,0.194583784177697,-0.423094588437301,0.364260280391903
-0.643461392914085,0.202574883227943,-0.119004158470335,0.165934412520101,0.796156639985319,-0.189724903396765,-0.260838357326522,0.581911065143017,-1.09949554221127,-1.43666594882054,0.61727167845503
1.709069845125,1.63049822963402,-0.434829602422843,0.535222699056333,0.108478772116422,-1.91790168214126,-0.75422146968446,-0.902895819942814,0.125023766571692,-0.313116689481802,0.571817234946688
-0.893853198266147,-1.41466344058597,0.396873824233962,0.297255195373748,-0.100490692865809,0.109716522739511,0.820109013457442,0.886379633755762,0.780731382997599,-1.17846242937829,-1.63040902464045
1.14680040664451,2.0145936307558,-0.14954827078651,0.112955152736921,-1.38887837778025,-0.35620892955841,0.715909647597473,0.745616126205545,-0.120423101234243,0.251292870754751,0.423303294666245
0.539224565315017,0.984330936015258,-0.352149007487311,1.13256559792462,0.363705551002808,0.0497351658724859,0.499542963536709,-0.362683143770646,-0.533628334764865,0.722744713944321,0.320024044104474
0.785096604056092,0.433199459310921,-0.929650222312093,-0.465899810229133,0.218469065726756,-0.151153010165652,-2.11187418622586,0.755224892207307,-0.175083778070229,-0.669812617841443,0.135108240440856
0.210886337653974,-0.125120478576813,0.147684770173296,0.192795207152607,-0.169667869116928,2.01616537637261,1.01856397829828,0.790607797739979,0.971627362604686,1.16715834552437,0.386385586048239
0.70606734816087,0.669269616798127,-1.15578464498314,-0.0593946917255138,0.331986113695257,1.24797145955617,-2.72081823600902,0.229121320378098,1.0329966563488,0.131208706119158,0.134398299682224
-0.382433918009248,-2.38018054828372,-0.930615766280615,1.55186044575413,0.659239998699107,-1.86055030497721,1.79153424517944,-0.587653174113709,-1.06142854209996,0.306922057419769,-1.70126783205939
0.87814789376391,0.354684291415479,1.12151320617221,1.05771831919891,0.146183761485006,0.0367298599473526,-0.358503971626788,0.223468091838624,-0.333915056600267,0.308310770068357,-0.131273280222487
-0.0456663502252764,0.423305826692612,-0.290528363565597,0.614488348175898,0.40165116949554,-0.106584624633243,-0.138990903092328,-0.0763678388100057,1.70349316216897,0.266279920759082,0.883619926932545
1.62062321388202,1.0226486881722,-0.990556059738227,-0.182251027449423,-1.43893173704445,-0.631606956688538,-0.588317496069803,0.836254277186511,-0.651475487907467,0.730498484293121,0.613158997718155
1.15567843809332,-0.667995956809693,1.52605072864242,1.37340602174713,-0.220878721989752,-0.624605999810666,0.0841383164359392,0.695003519740947,0.895728865239211,1.87717191055396,0.173515487136663
0.674680453264756,0.188062340190423,1.29716655468075,0.84913388915826,0.701182890060963,2.1764890330158,1.07982919257619,0.691793802554468,-2.47918449404743,0.22786454128352,-1.51588748834479
0.547747385166025,-0.0965113782768708,-1.01748432289226,0.144634305497476,1.11286342094642,-0.692072420067849,-0.420684271194421,1.03324740353701,0.0275214216703831,1.01710271970483,0.257156439766374
0.619903478406646,0.527619199172136,-1.36132493168339,0.471794853001615,-0.00312973182996979,0.768204713772356,0.30840333990573,-0.0888300129278229,-1.40096461466344,0.558377259502729,-0.239137116499076
1.14245039148921,1.69855742699269,-0.0756991283577714,0.509143304063674,-0.990209052257776,-0.963083175004263,0.028312472182329,-0.256084373753144,0.0371587681194646,-0.499425556329566,0.0298775266000168
0.249240021188909,0.744014385092453,0.943971384006116,0.689983252793779,-0.883398354674003,-0.744301272766064,0.442587665300131,-0.0742637845982046,-0.937641106759692,-1.6550040494506,-0.239744359391918
1.18739796271889,2.20501523584676,-0.378717006758139,-0.0584538571585312,-1.2033287960847,-0.751226205869359,-0.0725343684642259,0.458900064952129,-1.18959841935505,-0.482165612839679,1.17211830273891
0.936357726848366,0.425356793193532,1.29420322630066,0.163207700951968,-0.599486326937285,-0.781566178287267,-0.245133218974452,0.0983673383069049,-0.529378755273897,-1.64968500886159,-0.0412894711745885
1.44978290424546,1.49482592110213,-0.120395362450839,0.584311403712568,1.50292246504707,0.270704926208679,0.524774458585331,-0.284533461159637,0.239509337650927,1.09330013704376,0.167348387921959
-0.713548045927468,-1.85651486616205,1.13275459038152,1.78957764971592,-1.4535600955101,0.907075519785921,0.133083736710511,-0.57310400426485,-0.554207607650224,-0.101674417037511,0.49496712404558
1.0601670945213,1.42434959107832,0.827140404188286,0.168919404823751,-0.00629375694360972,-0.698164432677105,0.283340912246962,0.817323666311208,0.623807740201471,0.406712597358152,1.51706187492369
1.98819190062428,1.96628094154018,0.662879467998795,-0.69580811200512,1.190213485812,-0.0943643658496287,-1.27120627836111,0.973717087186836,-0.0981170977357618,-0.493235848520583,0.317159870122664
0.111154301275259,-0.792824215232236,-0.825193294074991,1.14524057879159,-0.633040622908147,0.894066553390641,0.0617214391725631,0.350092448690591,-0.744960563703224,1.57368633509079,-0.071364798458346
-0.0756041646035155,-0.425231166551752,-0.519461615077656,1.01040690548412,-0.70676896569387,1.063210473784,-0.0078898994508533,-0.422917176246425,0.0730169051686855,0.368505743571335,-0.0715620019811262
0.445922220050408,-1.39340533310596,-1.33516041916921,0.756811659355706,-0.239114575473907,-1.2067299909297,-0.712102576182092,-0.0344724251505367,0.312105057808853,0.638964333291916,-0.799819372392842
0.432257641270276,-0.238686023078867,-1.35435875139258,0.34476798464889,-0.675609545694383,0.519121936943255,0.0409920098088693,0.055435798523372,0.391643460195792,0.526878161655201,-0.794673948386039
1.05898572849992,-0.283204841910657,0.690399234963393,0.455016492818599,-0.630577102014164,-1.39603000841059,0.337070694227054,0.935088518970133,-1.39998632811347,-0.15252204371648,-0.564682622954443
1.44834930789741,1.56002470074545,1.67355208812865,0.0835024432274528,0.268877745017035,0.663803848586755,-0.299517195855731,1.19123555919196,0.452282494313868,0.597396288777482,1.13266448269919
1.58174156812017,1.94567128299734,0.221650604398677,0.0367613795892443,-1.09732069364599,-0.878516328917688,-0.99159277610811,0.530381282710322,-1.1072323354273,-1.1214819687687,-0.619645745635367
0.304442335833659,1.70762752214648,0.302666047921151,0.110047371191778,1.0622673481906,0.895802036334601,0.318388847054858,0.51074327586626,-0.690432785331896,-0.729927808969515,0.126946439123565
0.277889923359567,0.491528581600706,-1.4236502283024,0.299249901089968,-0.25998879852368,0.0102571203958543,-0.725346750004006,0.0491303898177609,2.08099740816973,0.487830559176988,-0.188046875334399
1.20456648211693,1.53940259854494,0.0652805374178295,0.43875808974468,0.787551497600934,-0.072375452427473,0.588986563982781,0.449675184030599,0.789109822739563,0.798199922165146,-0.571478846601861
0.848381491330567,1.17324094984627,0.019357915339949,0.565049315576921,0.0896506357158498,0.552613188959327,-0.494562128443388,0.40309452344654,-0.399899764398685,0.592900140028198,0.579338022983394
-0.055224475557769,0.169696746589168,0.864143077357431,0.934657452620459,-1.65280716038581,0.371402683994346,1.51515198736989,-0.444951572436563,-0.196631625903433,-0.562574313562925,0.787485739333869
0.983377503605815,0.504066982620749,0.948779215429395,-0.469839408253129,0.662749247219112,-0.0598343729177295,-0.164699950871223,1.27369222853852,0.0790798287949987,-0.601333528710661,-0.00907284859550049
-2.14988913624418,-3.16892158331756,-1.42099635927158,1.37325484246738,0.414425091220156,-0.0108375237681338,0.8121350062549,-0.716522530622868,-0.331899285255311,-0.365220156224268,-0.0711123474210636
-0.434266307342728,-1.67289656628428,0.0764961009448652,0.0411115148241804,-0.958986778475591,-0.542575891363471,0.454200135571151,1.70979666708114,-0.259805197552563,-0.106945636516929,0.00623213505482032
1.32188250619661,0.091496894179198,0.324504348894618,0.699377435574621,0.0761374920024262,-1.94981581384475,0.446015029459445,0.081139060500072,-0.588400163762393,-0.116343944023107,-0.963822792849167
0.997197338531296,1.42106664949415,1.01539163703975,0.428075059501233,-0.149890425355284,0.535719828280038,-1.04512980731424,0.425488987002436,-0.26743356741565,-0.315001802843123,0.668748710104269
1.0289767646771,0.460316123071618,0.148990214756292,0.458856639054708,0.552831907177853,-0.0902640416778135,0.106238935513316,0.180622770465834,-0.767878984787259,0.233142503151092,-0.00240289029277
1.37466930018373,0.921843016631927,-0.234267274925802,0.113547672623283,0.927714799374718,1.03018426054382,-0.617280783314268,1.04170700169838,1.17741665945313,1.33424588956258,-1.25886289181419
0.948436286922944,0.293469076378537,-0.726441744696701,0.0688240601030307,-0.502226652589563,-0.441617271452028,-0.211345258836058,1.70886124339728,-1.83059004173768,0.93417163582172,-0.0492873953484727
1.20209712247937,0.761069536322307,1.02273066887786,0.990865408251858,-1.19966145117377,-0.681288937193064,-0.662939018576413,-0.380862520745817,0.928769013839521,0.0848413789263158,0.689986011744155
1.02179272508269,1.42156709360091,0.700834007212187,0.136453704223855,0.787179633942551,-0.870635022509727,1.19524334790193,0.827767791170379,-0.417316545059668,-0.413697931230934,-0.689691890072841
0.383196825299638,0.144753476825255,-0.583784476692912,-0.0616376356959656,0.404054211754354,1.05711769255787,-1.092667202806,0.402622032154034,1.10254157700519,-0.269408075416294,-0.860251004929308
1.99721452643957,0.955711824594727,0.295398685673162,0.593600581810503,-1.2404430154441,0.151464074317324,0.279672230464332,-0.187875167590437,-0.641663635484986,0.473961279024176,-0.95936515126987
0.94323576575619,-0.198930205827129,-0.0702476058271029,0.35888468956744,-0.0884748135908007,-0.929142822526567,0.0909786734172001,0.420429711946415,-0.673968842619092,-0.0168674381104594,-0.51287441241403
0.748623418672031,0.5177229674107,1.80240669419742,1.04049005707221,0.912396652550814,-0.2694246593197,0.405326271106818,0.0449082529011238,-0.0395128134779826,0.0571090625621523,0.626068763850246
0.650711256694458,-0.0956506102657813,2.43672313505421,1.61867503716364,-2.18564136124597,0.449333268793987,-0.27798074699382,-0.628760311506387,-1.362594972486,-0.687175681064654,1.03640753243905
0.816938965826617,1.43207901247916,1.01305843381559,-0.302106919669741,0.818118937902719,-0.876860421191622,1.38971836524912,1.13175909818321,0.619741765410688,-0.69744922795529,-0.156331637790604
0.781405626623024,0.746962260488985,0.257860843920065,-0.59276047227827,0.387946723447323,1.07709813932619,-1.89310176821581,0.991116543968745,1.27545849708743,-0.730599455878187,-0.125245622955787
0.749204364905287,0.880873428837496,-0.908945069405496,0.837110828992397,-0.354482566882413,-0.462984590857166,0.0203724422864138,-0.297237765192255,0.0404090723834458,0.776365647834942,0.477615473180377
-0.200041281965003,-1.66423134820678,1.06230434316547,1.60981829814434,0.140995766475019,-0.829387504566464,-0.329816911930673,-0.623757825394605,1.71656643332881,0.0707613353381558,-0.0807843141647406
0.431965043974076,1.18847349387401,0.286576390674557,0.298549815480308,0.0811672723646639,0.808895155722776,0.0317647316621893,0.569653443555209,-0.123374844760899,-0.272397821304301,-0.111752606087331
0.821212390265438,0.580762681325556,0.689245130231683,1.19188233587941,-1.9614198696573,-0.685156827668685,0.167259492940143,-0.165630235428281,-0.0385068958899306,0.489955449752821,1.19321410229537
1.02431638271007,2.63044056706231,-0.77062691231879,-0.00707492451823619,-0.116181181026304,0.224271873485641,0.0105848350183007,0.470256818785974,1.07550242697451,0.525249947888432,0.621601929663195
-0.41320828775193,0.959516808641986,0.866431818823595,1.15949102861987,-0.569428269599554,1.74275014804118,-0.556509931450203,-0.988720526952651,-0.300585707826387,-1.32573974264331,0.809741728098112
-0.961581898297699,0.965200955807104,-1.54166840128063,0.570418452291361,0.52867672665931,1.19776315766746,-0.757861783123316,-0.577140745178423,0.157926265517375,-0.598503635819964,1.15668462777193
1.37728993182295,2.77229840009485,-0.30185663754186,0.183992305750209,-0.66267219487154,-1.09030931330289,1.406174218593,0.722388305238703,-1.37869217577078,-0.256426233284341,-0.824620457667647
0.886072495349319,2.10612952215209,-0.555774551595139,-0.176943965943268,0.149170523353153,-0.00535605421382676,-0.487090568572644,0.71382907862073,0.645955828151913,-0.346049035892556,-0.475753173910823
0.306211867642229,0.468873625599563,-0.569908336364396,0.771893421873142,-0.923655938163555,1.75830574466677,0.396711425926793,0.322415362689645,0.917663713443405,1.16965460221624,-0.856080144536918
0.314798496218039,0.700607119444514,-1.32107197733299,0.0749649816117727,-0.544715287624982,0.998138162151401,-0.502591689995302,1.43720916765041,-0.669377986855321,1.10251499138703,0.104241453935163
-0.563196469668373,0.129201800018988,-0.0870570146941072,0.988129639036908,0.156835443192758,-1.62949651772763,0.98486810020121,-0.186015790109784,0.587297926403189,-0.400934561169699,1.01554478997759
-1.22660183055855,-2.09210732336887,-1.20888366782238,1.09478490909617,0.55438975240489,1.13284423476673,0.937397660377916,0.806085645784514,-0.234375752039379,1.2309511450988,-1.5555488131964
1.54649807099057,2.6366993465997,-0.338418680296233,-0.219622430703267,-0.022319254369178,1.94696280020496,-0.271548848843366,1.20593290738017,0.823354143390504,1.11828402083777,-0.740016660994241
0.872664034176554,2.09138749045839,-0.278389246470057,-0.335419766192278,-0.46823380663858,0.52474821192131,-0.0140535135510113,1.16453400655617,0.477653852592408,0.0645241893274293,0.291407956247014
1.09023350447755,1.29212975258788,1.40857342473587,0.722338728248564,-0.0754704239742396,0.309826728541523,-0.981704470492876,0.052603466535876,1.3966373951969,-0.0796736746477259,0.142782315778849
0.571590601820463,0.254216747427545,0.0155613571277024,0.404965524448462,0.064948494131946,-0.182341705201204,0.513953597721375,1.19213681150019,-0.605063795592656,0.0273729287885049,-2.00006611202346
0.360202634158639,0.152053243564956,-0.0850355377209442,0.310907671330462,0.158972019980947,1.34161788416217,-0.855224606290715,1.00552528668727,-0.388716885993755,-0.144881436318447,-1.77679976236026
1.19424054911593,2.11960627812908,0.103034057545449,0.349455994439421,1.37655007763684,0.793957985168148,-0.0946359544557645,0.595503831969968,0.93405243049174,0.993130307752365,-0.144442808131321
0.304598830888483,0.824855092587093,0.84564632511668,0.739890311610328,0.852639702463089,0.398173150953588,0.38968647244657,0.383279775259489,0.63949873542461,0.143301117004031,-0.00569190561381407
-0.524984677029131,-0.973167470986308,-0.169730913100337,0.823068269867236,-0.253010673369559,-0.060733587889597,-1.57027893666175,-0.253746740105494,0.301778457504625,-1.55258927567885,-1.45290708420978
-0.647481364716683,0.825586370470726,-1.0459115907425,0.747334655465133,0.371625075463679,-0.422384947630227,1.66715289986641,0.0372544873596242,-0.0536980328715227,0.212785472764385,0.786800951612338
0.168295490671588,1.46918593305451,-1.41794895134481,-0.712189909183626,0.326526572377661,-0.360765785159762,-1.84716372855252,0.872251224189795,1.21443377448318,-1.32747367212395,-0.212134129390423
0.315648285880447,-0.583403561946398,0.0197671344348517,0.952151682569301,-1.8831089632002,0.175789605220397,-0.219175156189236,-0.0548490160084424,0.856590681959604,-0.457405034727015,-2.32278007338363
-0.194742833550373,0.906977167676541,-0.692796625038177,0.477819718388256,-1.03515107176658,0.30005154829828,1.62199395782924,0.213093738952627,1.10064460703764,0.388610565221098,0.457293748671552
-0.116645931391273,-0.0929744097227769,0.750290980207508,1.11003253952961,-0.980169740725938,1.58417444201125,0.884038818752874,-0.197916299767371,0.828649537559546,-7.07247806414582e-05,-1.3581895517802
-0.0495022225466744,1.0689344992846,-0.132536190059655,0.848126010860218,-0.861736303613333,1.9951522345997,0.215278244865625,-0.49075195495702,-0.177025419074425,-0.550806383020505,-0.914397049264448
-0.380228705512142,0.311386720060046,0.831752049338222,-0.0794946917914547,0.727541816017971,1.06263186892495,0.732721137492962,1.03051042413661,0.711538132663085,-1.45336249285263,-1.94612119192758
0.758279666617858,1.77597113144829,-0.198677660279658,0.580997616870247,0.600608927419273,-0.196298484257945,1.23515315864709,0.244285574940673,-1.31739491803049,-0.485047811004445,-1.69830023057226
0.649823874934025,2.03660593643837,-0.943126798553292,0.325997983780191,0.169877640133381,0.263154030286286,-0.282400194335982,0.176524787974057,0.760967917348652,0.525887366273278,0.653275991849905
0.975950301097925,-0.493277388325013,-0.333898639350333,1.65542858440787,-0.703899043549051,-0.680751371975848,-1.6120046555493,-0.79219282567228,0.540674712439097,0.849056951050572,-0.884501210292531
0.57619248370926,1.51021477687112,-0.19549602393145,0.445530369802249,1.58516997915178,-0.486115281353115,-0.616407779893593,-0.0801862997649782,1.45282872950046,-0.182539076215623,-0.268328270632242
0.108325213204852,1.49931507364702,-0.357874626295697,-0.0296909820738481,-1.79383980767231,-0.071138302759145,0.55370664059072,0.477160204716721,0.718087016747213,-0.927214469721071,0.270415840377067
-0.297160804112343,-2.00272590083761,-0.25290260872587,0.565618537876744,-0.241871506908968,0.643790174102674,-1.72840749324071,1.38849023497191,-0.291059937060724,0.186833949878865,-1.48819113316214
1.25905827034723,1.39159982966109,-0.498286482752033,-0.0374462567597621,-1.00007898888372,0.0839535328903455,-0.786612976637455,1.38604797950213,1.69231250113805,1.64261485774891,0.890863844242195
-0.148756610395465,-0.320346134497156,-0.0372531608768588,0.599492720333522,0.267763230915597,-0.989183699934171,-0.0784350228128195,0.496128202501837,1.92085966141718,0.229406369925012,0.297906195078154
1.13182268748755,1.70236458888863,-0.119861071553055,0.566490013452577,0.315375286365299,-2.11482565338083,0.14528956145846,0.126155819571322,0.00844210786155558,-0.217373882120963,0.0145500237676839
0.157623761414227,0.431029334793014,-0.881046085310444,0.836727179822679,1.0684545184203,-0.17754451998907,0.118688297104385,-0.232886089787379,0.893220439251109,0.0470380951153938,-1.73997279165371
0.407007292678317,1.59787724403423,-0.07844907242735,-0.740525534603454,-0.43584416416031,-0.0876454371506333,1.1275698271255,2.22498472668273,0.479647999890366,0.0809175466994072,0.41309225826916
-0.798548285419618,-1.42933829276737,0.0800229154111147,1.36559649408429,-0.284592777548767,-0.599783435757671,0.538278917583637,0.353298151361907,-1.17553322587448,0.086204496016239,0.167441527645046
-0.439186909805958,0.062419002221155,-1.43947616587452,0.429654424227538,-0.808537556158219,-0.272405331140398,0.147247964751446,0.0651013163747864,1.91550754850212,0.418883935678619,0.770706167699352
-1.38954096779975,-1.81434357403275,-0.826925630062838,1.17179336694071,-0.155466336853162,-0.419134125135352,-0.511222694068622,-0.22055796406444,-0.10291377176141,-0.76629601608789,-0.254250651801513
1.04199811001925,2.57220062546853,-0.120646751831009,-0.211247878545174,-1.45670992693105,0.0109159660666941,-0.157856041971648,0.440881333538374,1.2773295966378,-0.681704590076038,0.120810883763024
-0.337295127873587,-1.14717275904911,1.04590581643543,1.1277194148169,-0.10124681126661,-0.12478317669782,0.190971192049598,0.277130496400527,1.19018149768851,-0.0619970425570054,-0.499482958556497
-0.400005916364877,0.957629918054,1.18312592470822,0.667514177974152,-0.773028195133559,1.4428476848066,0.872623878769218,-0.0564070919343663,0.761236251727256,-0.868247054130132,0.754343750870249
0.0916871374917841,0.795759812888958,1.24560585400189,1.48560895686665,0.482617754952384,-1.28746480596877,0.662145752351189,-0.782587004729102,-0.123432745763419,-0.720526535696767,0.926881067522495
-0.42099914726431,-0.242420558250522,-0.0839229506442566,0.313543677108739,-0.32619408470388,0.125566230963569,0.778045645234076,1.1615092907293,0.189375429054893,0.0321726852222074,-0.0596682484487929
-0.435551189135665,1.23705359792443,-1.5573243141597,-0.428457051341777,1.78800797447654,0.0769511623137674,-1.03570121547307,1.05869126940999,0.257942754410862,-0.375596649198881,0.884399639759277
0.552834126824552,1.28519683567552,0.2771729790221,0.157253898975586,-0.665807813651257,1.37588244701994,0.484496981830255,0.637315898434493,1.91279565164526,0.307696549288153,-0.549289358849432
0.283584813599996,1.54441671362127,0.122642008918298,-0.0279779294424128,0.548352286855324,0.287061418527874,0.657344536383332,1.27537324326299,-0.198941034981653,0.0980373046029819,0.719978438402195
1.09745045855639,1.82305100487988,0.368076650411395,0.508499724013926,0.76547720433034,0.15279791761136,0.27901189728921,0.532913623870935,0.351718848386345,0.749722344449795,0.243423721668552
-1.04845306000643,-1.12683964102693,0.664203643214915,0.852781129385693,-0.279742813371966,0.513751142723598,0.00303617813941854,0.629525275302928,0.694580973635265,0.0868176814148636,1.45868316580975
-0.995849213444302,-1.3128132452831,-1.74919526651238,0.510735709965324,0.855878053154615,0.120769348908528,-1.07083178581146,0.452095122692929,1.2069015810108,0.17179439906486,-0.671770842311228
1.22570115812299,0.0909917595891439,0.479734901785951,1.4536698614595,-1.61603326758284,-0.544411134513279,-0.761199755772364,0.141148066668095,-0.666143967690125,1.05683733561879,-0.1721188440365
0.0146462640829686,0.78739211832691,1.32760068160973,1.08367366113922,-0.17829717190444,-0.0797897138249385,1.32825653098614,-0.0410763098491473,-0.264592782954685,-0.406639405805994,0.462639111469091
-1.18002872382114,-0.706245723739709,-0.706840946429244,1.92325802099904,-0.0261332109982678,-0.627329147551902,0.636115287095539,-1.56758628992938,0.816419213828656,-0.0322566455191393,0.963093692128431
-0.563273078086226,-2.35920630469685,-1.23534573985916,1.42923204060814,-1.41975526441556,-1.06423022904179,-0.347247918052474,0.191819644784568,0.0578115701357374,0.903959945456606,-0.68160356974306
-1.14647107849424,-2.69376965030806,0.681168279697193,1.76412949527972,0.46428065864358,-1.10257957531714,-0.481984690960696,0.348311871439162,-1.53619678282487,-0.0439193937176073,0.546074522198671
1.0259478516464,1.73789406183312,1.11792919102246,0.803539765996728,-0.332177773817914,0.352902013709465,-0.0603321482874311,-0.00966616653998813,0.388629569108459,0.183645462481438,0.879941693133883
0.294107561201798,-0.804687213987831,2.10255704793467,1.27761517251384,-0.261329247693973,-0.32773013772742,-0.489889893652831,0.151399954566968,0.635920353280428,-0.530390907558109,-0.53260040557021
1.26481710208825,1.56401295432676,-1.54923076761455,-0.104453586959767,-1.25793359657904,1.18110731232576,-0.494313512519941,1.34182874142231,0.103843692471152,1.33405602099891,-1.23564505158765
-0.385254747300707,-0.527659682774294,-0.613620755780517,1.26876664210602,-1.11998520697693,-0.46220688674064,1.02580389862835,-0.541372792782591,0.329619989706041,-0.387623076717976,-1.52023160432982
0.283002334400074,1.07813914275072,0.194044967665679,0.477663501079123,-0.0385983531578957,-0.160893542101718,-0.237888163571017,-0.138463005372321,1.05808320913458,-1.04974725887613,-0.691695032698131
1.04855147986886,0.457309549632473,0.00207801968920826,0.866105484217958,-0.27387035158616,-0.831124513637932,-1.7340992760701,0.491054931524247,-1.3656917937718,0.234970378337304,0.102880209251716
0.629095886709393,0.940076658367494,1.21986874971338,0.304846077945376,0.895119279578931,-0.469261759908599,0.401865342461899,1.09396629277586,-0.137645578267975,-0.523006698028638,-0.70626706733274
0.74330398437294,1.2731897922566,-0.455202287600265,0.765202080089723,-0.438229619731223,-0.723266024620116,-0.226870750727537,-0.164664268761403,0.0796220239055944,0.216859371650047,0.538450399865239
-0.472582453381906,-0.506424107319533,-1.19010764145661,0.541549597155909,-0.807077539464154,1.18019681038139,-0.565478776605244,0.800868924427696,0.484937221349849,1.05313646415903,0.553038674754452
-0.059236106794005,1.26255497252893,-0.028580132026886,0.576927667280532,0.181082474047979,0.0185814744309485,0.634818030513958,-0.00378310546152898,0.606077999651147,-0.321962647665373,0.560807418770189
-0.100292467062953,0.180430040541637,0.415236159929759,0.998744066770181,-1.20532624392587,1.07322183563716,-0.760746687943661,-0.23091417979909,-0.0381127539034893,-0.506056605639067,0.266844934364774
-0.831986256625094,-1.4808718590839,-1.51404590131373,1.71641217308799,-0.990901496173231,0.293821219630352,0.270968551272948,-0.424311207797396,-2.19229650066048,0.554384653910913,-0.495792776494901
1.03912462999626,0.458145014681275,0.441678943262004,0.549270487792067,-0.55058296672727,-0.300032956897084,-0.847153512056241,1.18677917986037,-0.249338050069445,0.879621235214854,0.309439643778748
-0.469458049124358,0.260017708767876,-1.0926469943014,0.752140660750449,0.376092565979439,-0.928943312691208,1.22097344154852,0.160203282300342,-1.50090642744664,-0.469484919996819,-0.370988020807648
-0.318727735702677,0.100942807653646,0.328919343933694,1.15199215527248,-0.905794465294761,-0.255133551119294,0.0975212311829256,-0.592311140290975,-0.289870305387131,-1.18222166961701,-0.161038602740381
0.264538214254525,0.338752217448671,-0.963345796826156,0.379563253795253,0.0764405680626166,0.800738458720854,-1.49325952216473,0.525079256623736,0.273383968472362,0.232908757758495,-0.537011028654176
-0.365246414538019,-0.503603128552154,0.190410263474351,1.75820572273737,-0.814240483532237,-0.192613710126276,-0.0311178386810669,-0.998271392229688,-0.493766729389642,-0.443055913245749,-0.121375864569232
0.44990585750022,0.176089144453591,1.07718030938032,0.81274065089522,-0.586953122771746,0.418567150833916,-0.497722610275947,0.711219901171828,0.623506846978671,0.739401602019288,1.1679913430697
0.7079732337804,1.42942841549348,-0.685707822899567,0.188732380175052,-0.289345061645686,1.10051777669853,-0.742961720938849,0.527003907820018,0.546148195133277,0.365005192150981,-0.309713549497065
-0.476741044461572,-0.272635824079401,-0.0906515473842642,1.05849252443318,-1.48084494150136,0.0678285152685777,-0.126892052636731,-0.0426139468423463,-0.545117732049925,-0.331573862632114,0.799981330985458
0.684309438995163,1.12871838092035,0.108701109690875,0.499074775313037,-0.226301708864995,0.242859277387101,0.198492025533881,0.597462011721336,0.117186206527552,0.586394595318034,0.47212512581717
0.506521349172912,0.650735407118059,0.0813722794077359,0.86971343774547,-0.112939405522625,0.0934509706081304,1.13864352003245,0.465278325873228,1.42294448819682,1.60808900035384,0.509045269544426
0.5150668522567,1.26434068293719,-0.858991592950259,-0.382721489230742,-0.465937650134187,-0.377888123165631,0.987620150493708,1.6300645494986,0.125834286508973,0.220074771076263,-0.528583813743123
-0.721090638102544,-1.24554596685909,-0.0662013479681667,0.220295679677821,-2.0265836980237,0.930220814365345,0.427165878049703,1.46955785278539,0.452687088662953,-0.104986347038485,-0.645098694450262
-0.627832430467915,0.936598017388201,-1.57884852025045,-0.370286619379181,1.38852278764437,-0.405285268253641,0.486633420309209,1.13439706619685,0.614964242468569,-0.16205192151288,0.77061376763244
0.522774230423603,0.185761800582921,0.2254275481925,1.09004758259289,1.34449446722143,-0.566253830872199,-0.791741743422277,0.382924169982492,-0.332976017084884,0.912204255210146,0.626337517879754
-1.28166847944462,-1.00017703428228,1.33815500934129,1.1594607909216,-0.542989380378463,0.19276188973649,1.45170292121664,-0.394626039638936,0.952064347329537,-1.12492566770373,-0.187964006793515
0.188859907100216,0.566519070356902,-0.303941569883823,0.0251138276254735,-2.01830685852085,-0.849920291024171,-0.742339396071257,1.00846326408066,-0.384080183776029,-0.624930915263832,0.844516967171385
-1.26513645501228,0.167430274575086,0.650272049379737,1.34462738614053,-1.28072152342195,1.42866288212812,1.20801997789175,-0.987246177555379,-1.77323307250319,-1.43165044718705,0.308921954740666
-0.753161670246711,-1.00421913229384,-0.13004023803644,0.975818966236396,0.657623683026035,0.597764457706794,-0.485115588249893,0.325572730972367,-0.302241507575204,0.536518644746967,0.0787156349440501
-1.33256438728267,-1.36283796458636,-0.0211039023262218,1.17826669005017,-0.2723024251127,-1.15246478446491,1.00471735877317,0.244390357340966,-0.905168271494162,0.539738559964711,1.4913633916312
-0.538623071001428,0.489820829811986,-0.232650172224534,0.0515702983945676,0.218709719532763,-0.13215940421298,-0.0211365626760715,0.257017701691609,0.0889684180002301,-0.237588413371479,-0.191784128362459
0.540797876322095,1.30136062103509,1.17352759652901,-0.531015036762366,0.446924182850174,-0.21280085274045,-0.639524665308593,1.34511089691101,0.0682659727612734,-0.243913026716439,-0.125356428744348
-0.976474713163156,0.3568241078163,-0.549895838306088,0.237753120013302,-0.509543728721337,0.41271877384653,0.187583115883606,-0.26201046703611,0.00703330236611674,-0.538186922650999,-0.129908612560009
-0.860865621022228,0.0295295690489905,-1.30059316047071,-0.42322269887582,-0.0724163871092767,0.587425897573056,-0.458260607839977,1.2262352972878,-0.462354541712129,0.525873236730632,0.21234191015023
0.357338075073404,0.650086071761357,0.52855518692862,0.875084612781422,0.561090400001053,0.311514805462447,-0.0730353178179678,0.212336455822943,-0.0535450370573979,0.508686707309496,0.0097352989410052
0.0824891131678143,0.568986284195481,1.61486612719372,-0.249956115470282,-0.234425772235936,-0.390442903084518,-0.60123954493225,1.03858063403383,1.3602886040313,-1.19176761263837,0.304279723533351
-0.227832126493424,0.820214560079248,-0.177361252996793,0.592540256223843,-0.986582425823888,0.821903453245411,0.229735224042867,-0.267514839742977,-0.0929878327037721,-0.986551014527396,-0.715190231533724
-1.99205921334313,0.565770171109992,-0.178357317104074,0.77012829835207,-0.0021258130181005,1.37810490224352,2.26892463584633,-0.385304670453302,-1.41549605061555,-1.31513408155468,1.2460086056524
-0.451475348238262,-0.181172507844733,-0.0101844654366156,-0.106083672655672,-1.74069547329847,-0.16303235829317,1.99420702322502,1.37158600334628,0.338734909720921,0.255158219496388,-1.01944586964963
-1.31117396533438,0.230111037608808,0.373921108435454,-0.0153062494037935,1.09521421634329,-0.20228445136765,1.08556922050773,0.455188920469144,0.514408877287029,-1.11922892638087,0.267730932504765
-2.57796657920612,-0.996586834475165,-2.25167063373435,0.0645662028294621,2.44210851862215,0.364514598809762,-0.986991062755023,0.284376689787263,-0.599507569092337,-0.799647458881697,1.14908550110956
-2.82702754288619,-2.16991295884187,-1.03448265296375,1.11982145916009,-0.362072527129611,-0.530254299208488,1.25824053184208,-0.317653994327124,-1.23522865474247,-1.06695859711088,0.908242149906126
-1.112103438917,-0.566668841330152,0.192818564564062,0.612069305207945,-0.190892765873937,2.39328416228846,0.0466713599174615,0.190135780127825,0.41887325332344,0.472139683813115,0.0277107205631904
-1.17359983277624,0.379627703274522,-0.891388219922963,0.683825354159755,0.605883651148455,1.07410777708163,-0.17162265560512,-1.02048335658636,1.77170993601321,1.08165615987795,1.35814171876278
-0.652105267438736,-0.329867833176879,-0.0936843556016752,0.586939189305422,0.726141036327272,-0.741805094993433,0.941110197059725,0.688687943067769,-0.182476347180707,0.60758569579481,0.352119370463155
-0.706567085178595,-1.73868873574438,-0.293297545969447,1.3774183058472,-0.645195563180303,-0.895473872510146,-0.737126148238547,-0.163144825683945,-0.679658791242184,0.029189761398581,-0.300692213535479
-0.00891304454664738,1.63642963439191,-0.121535026683881,-0.684030006945591,-0.0126439480518861,0.568524492795756,0.705203160606317,0.875041033250406,2.12710657897266,-0.221923552827546,-0.561383419793522
-1.01885632979193,0.0252093438012,-1.00024324967643,-0.908725508026403,-0.533919948547154,1.01981704266061,-1.40892321601248,1.2698372944951,2.55489626320953,-0.558488391560002,0.750488660304402
-0.805433895248726,0.543953608464734,0.669978402038445,0.938061681712872,0.0695730104645338,0.536376951686197,-0.330935413157283,-0.498930277097593,-0.927653689866475,-0.271153117030044,2.09812129454072
-0.907600551784505,-1.85126679871598,-0.596793202677054,0.823792548157543,-0.439693215412547,0.269910124786021,-0.751715726362369,-0.0213200816587407,1.01337236273831,0.944162014287245,-1.09677707319168
-0.561928073508146,2.00070983002769,0.294563903303811,-1.53760665302059,0.622604596482381,0.135423307800317,-0.160314016089746,1.34184758752859,0.936317191095278,-1.69180026501215,0.282989353281222
-0.025289587653637,1.25658540016979,-0.70678634875501,-0.427954140532344,-0.253519204749409,0.560784893638216,-0.380789438933174,0.671131403026519,1.0116357554749,-0.399257625721966,-0.574272176429704
-0.108946296264167,-0.10764413775156,0.177624749544888,-0.116747435736801,-0.17319473780504,1.8158187154259,-0.097375516340092,1.19228009781483,1.41566706695822,1.1072063601179,-1.17069036535511
-0.324136443522579,0.900301344579442,1.0651193656824,0.0599136038243122,0.0989579976993543,0.16348891627076,0.304433445293531,1.05355379840461,0.425149745277182,0.120720747904907,2.26414357273918
-0.495508723803264,-1.05779067760564,0.980143263135777,1.20814473207086,-1.22601476738211,1.70042539370316,1.74440018691496,0.938887509765013,-0.414082616942437,1.57645719812476,0.0631702847336717
-0.224590176668239,-1.25054292304452,0.719836893899765,1.45667559084825,0.86945089027924,0.235266081576292,-0.716298807853515,0.528655612675756,-2.82154429889726,-0.0385809774270175,-0.874329621335685
-1.42452478798802,-0.875257763643884,-0.595621848139205,0.779417160549254,-0.925023370296692,1.32590236524415,0.308512667686265,0.325317994120267,0.674590186165513,0.635164653769878,1.68538923787872
-1.08743443868397,0.544229211855403,-1.07603027900186,0.327952032754421,0.140539635602643,0.410578320147512,0.723589242749377,-0.0275237593800648,0.112103686532669,-0.574353530514794,0.280514226944387
-0.345803882607327,0.495103414143865,-0.405866501328765,0.372102703666249,1.85064934818602,0.248272188442948,-1.45881936390029,0.0150462462997795,0.355372257358518,-0.349755753581253,0.0626729838504013
0.502111376060983,0.896693911030199,-0.0911352747025718,0.628758098705882,0.188829166663212,0.396607968628277,-1.42985465913867,0.184047975821658,-0.246953836972939,0.128115796095932,0.260068926775831
0.478066796904025,1.56984591080179,1.23439795307854,1.29135989491829,0.23013684761559,0.748540491211731,0.0929329545425451,-1.10230650479444,0.0517577038201002,0.982924095643173,0.903840978528549
0.457556312086902,0.250369467971307,-0.199065084462224,0.184156677776368,0.481100312469138,-1.4875958665561,-1.16639841990405,1.17896500324433,0.181706461012479,0.415425219400993,0.582955838839034
-0.338778837780227,0.205457422118364,0.654180563393028,0.658969032723546,0.344156396041562,0.0440306055618787,-0.29489741123738,0.110845778283493,1.02551355564157,-0.211149832936475,0.893401575409004
-1.52898882186183,-1.63881636166997,-2.22368232945608,0.850882682542043,-0.676864865554033,0.502113630592347,0.312649152457784,-0.43967276815167,0.728390361465325,0.254132395917404,-1.83755082527232
-2.04789181258778,-0.595458024228885,0.37979143167921,0.353982898684382,1.40949490165078,-1.88036189554471,-0.450660762644615,-0.887608875314731,-0.112490640667627,-3.11935238781383,0.207980395939827
-0.0580011783959038,0.844140454049384,-0.51121652178717,-0.0779387771037188,-0.794272698603368,0.0700181456112145,-0.684365178612668,0.222872881412676,0.454397973633152,-0.349872574868973,-0.439560797937118
-0.454786669312184,1.77278410355737,0.0137018529243578,0.709963896971477,1.30286591622155,0.365402741613988,0.175237984663918,-0.783151755316268,-2.2636224601673,-0.622458458566685,0.562444075752751
-0.753596390341129,0.595847847009431,0.507449519190622,0.655909911908305,-0.549288422330987,0.906157762376511,1.27498847201444,-0.438775607526605,0.497411328282483,-0.442987341789916,-0.0907291580020448
-0.901988436434991,1.28915484733021,-0.567713609676339,0.0316133166714331,-0.280365845912839,-0.230825398412713,2.1618931067236,0.29321712860456,-0.07623953874923,-1.2497403131399,0.0303019037588409
0.768049634524928,0.562184738708911,-0.769821945582368,0.301668491570121,-0.321095897299621,0.0662033013207098,0.218226044593862,1.76239618178069,-1.75427410883473,1.53911126807661,-0.487978733332403
-0.245579430578998,0.284340571013188,-0.584853651672878,0.212782771785293,-1.35605025052693,0.168334851998547,1.00144030845768,0.287584402571571,2.09475732531066,-0.109840769812724,-1.09663288338106
-0.952927562435301,-0.867031310136782,-0.922998393724038,0.589481372896674,0.839980897936801,0.176856696657017,-0.300725035202717,0.517034341509892,-0.239342383004422,-0.294047453294101,-0.674904170920606
0.944838814779184,2.86832685020843,-1.17666296603873,-0.812978097953177,1.47618622983406,0.792087050177549,-1.56636363434199,0.806068842067208,-0.247884664929101,0.36467384278529,-0.701446720188927
-0.652384618109627,-1.22245965330596,-1.21711774149632,0.013233277539075,-2.07429496090004,1.28035409319196,-0.94920648720899,1.07348512355678,1.53540270797014,1.03882695657576,-0.413188586443671
-0.985297397281952,0.34191597301321,0.274738774981011,-0.279330991431559,-0.864937868764425,-1.20813519288139,0.722688880873781,0.438272269673226,0.442523203206546,-1.74472034463688,0.118683244904488
-0.780562061718904,0.412464962895211,-0.366236108795114,-0.749978110493462,-0.0851154554767553,0.374917445056165,-1.04802797573832,1.18647614796135,1.27643895333886,-0.938755026609075,0.654110863002955
-0.870228025733409,-2.05878794837002,0.695711445490822,1.57770177962812,-0.420569630402836,-0.149126386718696,0.877671995930755,-0.0333327084260905,-0.0505872820401136,-0.16093750518772,-1.41320927297145
-0.0640835703020645,0.450805469444521,0.496464469596987,0.534675525226238,2.08450884206998,-0.477218552580514,0.0734061267616691,-0.139509532861361,-0.154797127758203,-0.312917027119126,-1.79100229010359
-0.619603248718325,-0.172322096400758,0.459814331950629,-0.51461246806179,-1.11959122700247,-0.43711483903975,0.789693964954815,2.07190794898187,0.761417039237045,-0.721562633134459,0.636667098142319
0.24971729947851,2.10502304562299,-0.0359368673159083,0.248911284228363,0.631615795648648,2.09668771245903,-0.126840870509367,-0.381928437265447,1.2172274515664,0.692979989176909,-0.0508381350586803
-1.25901852556337,0.505774351026741,-0.994917814296725,0.00911676846457038,1.08041293227932,-0.149498727474662,0.621341675876979,-0.054277737591477,0.40298960881959,-1.33510105768913,-0.619632491217477
-0.357271921159569,-0.399186506631553,0.00255224172397913,0.720907116036168,-2.11069679815618,-0.719552714492353,0.161627405708605,0.128552109726516,-0.051849384736438,-0.862057894369685,-0.228037070031544
0.0103411129510702,-0.291008486918824,-0.124528238018062,0.583284200238851,0.471785974260095,1.53849050684045,-1.25813269773083,0.270245808797396,1.85128636805454,1.34295008944677,-0.488406484134646
-0.0244147206462256,1.67191981638776,0.378413780772435,-0.172235667194465,-0.490886098672658,0.0586451535457315,-0.45378546785652,0.23638453033437,0.20897658223064,-0.718408621167619,0.954145529031387
-1.70967614063723,0.0229939432970414,0.00985603222035189,1.27921165326073,-1.22505321882712,0.193428832042586,1.39529816875951,-1.05301830794707,-0.916415430166299,-1.32370627512974,1.752669802826
-1.30326446373094,0.0169424989582325,-0.611947010735259,0.202301300175328,1.28946151350942,-0.585846003951372,0.688130380764658,0.398762588887063,-1.26385237547256,-0.329543482262413,0.282764548916397
-0.758317198376314,-0.997741667710073,0.0246421011543775,1.42495491578426,-1.09674665694925,0.0175769916804921,-0.50345975057412,-0.503350541611683,-0.712825840545866,0.70328657640631,1.14314610118767
-0.376770346085879,0.377105278524073,-1.2111980411023,0.0739908309142852,-1.40108065222791,-0.492829251231377,-0.589614883815894,0.292449327143644,0.0200393707140474,-0.106646125597969,0.32867909307893
0.792790266904682,1.64901624600946,1.21634064359207,0.320382963169712,-2.21087105324814,0.673163364031252,1.1972182249542,0.304812673019103,-0.447638480676539,-0.0094789793032999,-0.890010509416727
-0.640711837906709,-0.689677740167606,1.08176906664859,1.0591914290836,-0.309241821633404,0.556227727283463,-0.000245710591778199,0.0839839145261102,-0.338555048491265,-0.813063320117235,-0.0927055748155551
0.464186325702784,0.765243791601168,0.355011009871218,0.0273255749533008,0.239970495876197,-0.193226009795239,-1.87682629050283,0.407938677178453,0.358573861485766,-0.816497404940152,-0.67013950622518
-0.502934799552802,0.524363529454743,1.23787517571595,0.457006084523476,-0.0104312345178807,1.17264243433066,-0.0185867375683568,0.161876377244344,0.894860250858612,-0.199154347921692,1.12921768177937
-1.22519513926675,-2.41516123284905,-0.390443191565618,1.22621413726111,-1.13531707653217,-1.61688354631889,0.462750287724509,0.268019253261201,-1.22590414297493,1.2392065091942,0.246622525622016
-0.584111284873345,-0.374871350225204,-0.909254469493163,0.439474356087,-0.789940356141532,-0.0751497008459117,-0.798241525107761,0.484280191225919,0.531171080935414,0.694772717509021,1.21923209582403
-2.80536807646164,-3.01042080729068,0.352908967027004,0.893505223882751,0.61355360583181,1.43003266236618,0.142343787507397,-0.112397088586853,0.00582848288860893,-0.833869988545554,-0.757756341866799
-0.595297586015647,-0.437144185340808,1.07354931262736,0.543139572928813,0.119229855581013,-0.458727065609172,0.682396279631207,1.25164227587277,-0.218415394174072,0.729754278281694,1.97800291959946
-0.127614828601378,1.86048821415594,0.154326638775831,-0.387856793361941,-1.84509104458359,0.640822400727184,0.427236535806907,0.202812061308545,1.48459189089402,0.156771504540504,1.29709578644699
0.553055176742527,1.61784589533536,1.26554971880928,0.285804379145363,-0.305150525926338,1.0733675502796,0.215335906500349,-0.502963046487882,1.86260597936914,0.491941206077233,-0.873718726054759
-2.69251191353134,-1.22333078520087,0.182236177263127,0.763168055641094,0.0582201894293816,0.218058504357499,0.919786359348272,-1.6042142055921,0.431465248526724,-0.514398840788398,0.353429233915581
-2.6358220989627,-1.50925385748142,-1.30016640199279,0.0156483061643258,-0.525611251531773,-0.758521000464644,-1.20145212679283,-0.596468701921459,-0.742070687029634,-0.5847001057381,1.23027196899178
-0.0939102713723164,1.115234281063,0.167555086015588,-0.477729447967717,0.57488481358298,1.02916549316785,-1.95561738059152,0.545926918686499,-0.555757120518442,-0.462807915289616,-0.209196863897961
-2.5209427779976,-0.150327027094381,-0.516204433360973,-1.19372887415935,-0.268111076986762,1.34073402347423,0.252741117040903,0.0436285234969021,-0.705027599049644,0.12113640844298,-0.385662236397564
-2.45472702892975,0.878112998819103,-0.303934930828059,-1.29385576097316,0.267777783663478,0.358812750512229,1.22478788181439,0.1198861293127,-1.6979780145184,-0.852095859833681,0.190888398329346
-1.9973775141011,-0.418982968465081,-0.736082784249787,0.30717216724533,0.873507555444833,-0.346431617617596,-0.479379192422261,-0.650440206502548,0.30424223422776,-0.626996436607981,1.36327475863113
-1.73770216494409,-0.125437271560749,2.07134452779682,-0.615291591904454,0.498850149993446,0.825186429408529,0.859749431601196,0.405075925127333,-0.646995961930035,1.04375303983056,0.807912497094749
-0.765053899253735,0.00852136109735094,-0.559029173489505,-0.0273968950123278,0.990021497884473,-1.81208695817691,-0.120451206285116,0.180664687099072,1.01509657164259,0.177759290817933,0.272117316780034
-2.10911815316559,-1.1312460664841,0.0130385009603444,0.717723480238491,1.03909461294404,0.66719917683418,0.195130668372812,-0.598910553936235,-0.879075635428633,-0.757434786640195,-0.228516143159096
-2.47189501070671,-0.783398440335728,-0.388759210244051,-1.02594950401275,1.1603183898017,-0.97657421723346,0.36666042541874,0.701079395070731,-0.881156098990378,-0.160446981340875,0.237120959964776
-2.64992655422259,-1.36741192050213,-0.603321875889254,-0.549487316309793,-0.745506312551846,0.542426375041078,0.62629079813065,0.380971692232117,-0.172938127050488,-0.549058619821083,-0.271304929360323
-3.16095274938714,-1.21023767060771,0.323140722181109,0.347420116918132,1.73055542832837,-0.708341112337918,1.29315990823314,-0.800496481107841,-1.14224843846601,-0.179325310582162,1.49686430524432
-1.32510934878241,-0.753184508189051,0.519275967459536,-0.745426937745076,-1.81372542962487,-0.371690849082612,-0.176281733081724,0.61895524507468,-0.528232052850184,0.986291960838829,0.140932906271741
-2.13813586311539,-1.24716614872436,-0.160509574399868,0.12709031296374,-0.504790023171647,-0.380253521358731,-0.0115940523790898,-0.716247850920632,-0.71638162020869,0.46494988879353,0.0591697522673139
-2.56917234691516,-0.864757088314995,-0.218330029280864,0.53347649469646,-0.369882789501526,0.141421293733328,0.425832699929585,-1.06835220946648,-1.65159977573834,-1.62042333379456,0.312802344891811
-1.07833412484704,0.238308903264822,-1.92500576209383,-0.145900579980061,0.995877850041841,-0.952633029737376,0.311593006236433,-0.0225004632923381,-0.285015775190011,0.175064518844501,-1.06217194263825
-1.21192225309828,-1.47488537297096,0.427711892396346,0.110246303140159,-0.704741036045138,-0.191535833211809,-1.05721188905299,0.201073722573904,0.663244597488579,0.496899097944393,0.0335289703470922
-1.6071722317954,-0.0941729978324399,-1.08818641003147,-1.16385428788219,-0.803833441655134,-0.91320182505777,-0.0113192426599202,0.820898681784622,1.36006430403302,-0.798345463104627,0.0782628595779693
-2.50743501691161,0.112854329616955,0.52984109896875,-0.825178221540416,-0.952842149596033,-0.67901758596371,0.455656714903525,0.15070994043948,-1.20083383510215,-0.544081561404922,2.92557757910248
-1.83597517666299,0.386742674128982,0.833331548401636,-0.927087335669483,1.10145232712239,0.843062378716796,-0.538748162376195,-0.478714639427848,1.27837106569898,-0.868169038967829,-0.451853507087954
-1.85271841638306,-0.804447723250378,0.440762833007998,0.793637225278334,-0.20290523598258,0.0772464469830269,0.426391618402134,-0.887673661282048,-1.07535998622587,-0.00458267736515198,0.786409681023569
0.545250984325925,0.323031276477694,1.23094750998019,-0.101735356120129,-1.56843668050105,-0.588158262698768,-1.62942857762717,0.589313035849232,0.480448506933515,0.315959639402566,0.125654344718998
-1.32323542862313,1.38255263392571,-0.350113351021804,-0.789517040544832,0.281383563361722,1.74797932111748,-1.31823702702466,-1.16409823852469,0.66604649639758,0.825344121566705,0.274498729375922
-1.61537892386626,-3.32894767924551,1.11449105857175,0.180298705662209,-1.09523185445861,0.0403357690650481,-0.902430185490204,0.827218746971088,-0.482813084341294,-0.413213532575693,-2.43985712227838
-0.872556450278399,1.25647860977203,0.772271040224489,-1.59517082629752,-0.494841430196998,0.0624838039738484,-0.680053825607522,0.482484301857359,0.0231695561262677,0.770358310186169,0.443969905868764
0.0721738790327131,1.54495762682037,0.806425657757936,0.0280331680945934,0.702401308071429,-0.288735218429283,0.498308807820067,-0.36649066953508,1.08014226714711,-0.0771709464402204,-0.722754707085737
-2.74262095930844,-0.82146518554966,0.273052936700534,-0.0950814648827772,0.0241841036245781,0.925519817465403,-0.288684252252578,-1.13777243620475,0.188761489090197,-1.00281112197725,0.334337141158655
-2.15700339853624,-0.609315050494549,0.662202589791586,-1.50742024544684,-0.544177497158495,0.580609554736896,0.0860656924712975,1.97491731707028,1.29654739213405,-1.17630371568332,1.38998598596641
-1.01992737069508,0.578183658305035,0.0742525538621019,-1.03376584991172,0.220037821424473,-0.942970435542746,0.793895705662588,1.12741832429682,1.33868409984997,-0.581265407590321,0.125338005617351
-0.966693060093421,0.241240762896613,-1.12302159373878,-0.048995249081066,-1.41888869674943,1.13282834884657,-0.591984792722495,0.00329289528783423,-0.199871060083312,0.645406617008475,0.487736551689387
-1.46322044072285,1.05443378204023,-1.15808280420996,-0.678271636303053,-1.46027081319661,-0.0747278027758004,0.0823594929129494,-0.116851745286459,-0.994593654992737,-0.359335980806972,1.1353627720594
-0.441266189821349,0.606582756097247,-0.639342066265402,-0.232818342564396,0.525076206955261,0.214870671659658,0.0331977919491774,0.895422752943202,-0.769949528280821,0.455356200589456,-0.280195942058453
-0.196444982512397,1.66677781934798,0.721102264464847,-1.34673794025982,-1.68019482981473,0.215457642876162,0.372140024450639,0.593262472132939,0.346543629432279,-0.322569513974036,-1.21508391261265
-2.28239221658265,-1.58474601821341,-0.910165731279711,0.497454952992765,-1.6160954635709,1.14186933052506,-1.41969283657079,-1.58605851629533,0.745581930345062,0.184019940293691,0.0695176447396188
-2.32348222620583,0.6382586384738,-0.84137790116668,-0.803480035840817,-0.491062045452403,1.3863332511786,1.33122027365203,0.147819172991286,2.09411055520305,-0.79644016940355,1.30201130775164
-2.58079742997916,-1.00519890356985,-0.917333280110326,0.0956196295645405,0.944902150163149,0.519531845874573,-0.319656553637734,-0.120351482535862,-0.937349078228657,-0.622148067051471,1.05317828730356
-1.24846982914607,2.462987472384,-1.21361809578351,-1.80407770659994,-0.711905911385862,0.0531898576343019,-0.432840636767218,-0.128012126427018,1.30097996508681,-0.238651904132907,1.3475570180175
-2.39227749747053,0.0894554932511373,-0.288310702270578,-1.25488950630304,0.585462856700423,-0.0758809166117154,0.902393348137043,0.458708925670778,-0.842878754210971,0.47956108528352,0.542440017325058
-1.16773638424223,-0.466705551511034,0.931826929504956,1.4109554791774,-0.484952252702573,-1.42906517847677,-0.0859358919763253,-2.01266272574844,-0.109574934124731,-1.45419679748167,0.154741449559652
-2.43458513823711,-0.275307099155428,0.151175594063729,0.330570288380308,-0.371789765141822,-0.880506632774469,-0.39706264218275,-2.40705066389373,0.0926502632109898,-1.55136489761432,0.392500795562134
-1.918697263231,-0.257753839118155,-0.854924739871881,-0.75840958698575,-0.0493772280552837,-0.563984194357595,0.44309352163981,0.692676858685417,1.0083492228455,-0.972652051439833,0.496722543361076
-1.74860644718026,-0.726095047966138,-0.110700994324681,-0.838847931020289,0.3110590660394,-0.0916252843151601,-0.0847964501004869,0.470987656900274,0.294134560591473,0.578049715419205,-0.608281449010716
-1.25534906280438,-1.85164290863186,0.261849939413997,0.58067276639043,0.101046271289757,-0.936736429149144,-1.6886203362314,0.682301650055893,-1.60426582673386,0.91489709816346,1.86858572696724
-3.27956740923249,-1.1497140635395,0.900417816814738,0.79347229697901,0.816313259977923,0.387400513565795,1.35603763237946,-2.25853579304371,-0.391974051436293,0.247514283367637,0.987080449911426
-0.814411265679471,-0.884176016201919,1.45818898589162,-1.08804210760174,-1.24143641492277,0.638712493068436,-0.552076719706055,1.87290740095454,-1.58364279307078,0.12898788780733,-1.44036566019681
-1.51469834779023,0.445977654679154,0.081485498915655,-0.882108999667602,0.757540004415562,-1.48210860265102,-0.264410763421241,-0.354957804406018,0.690564102440825,-0.599752542467588,-0.0153008208094978
-2.47405276629035,-1.95155224575087,0.755221716151833,0.197944498628236,-0.157126355683034,-1.39580677349221,-0.10527002271441,-1.10127398066614,-0.383624404591801,0.707214729588018,0.287335920952454
-0.379607337826571,-0.783314447231831,0.804728553918423,-0.428997217500183,0.67498902384023,-0.844531409131699,-1.36613086952179,0.829671446184523,1.62194794978296,1.08226435342233,-0.476293710868944
-2.37173927032541,0.144939031663082,-0.401288126221098,-0.531592622134549,-0.0380583001406506,0.554717257991163,1.30285335275622,-0.932905105388026,0.645909948012368,-1.56719114795313,-1.51918229045611
-1.21852541573284,0.951111199661431,-0.82768579827386,-1.19530606187963,-0.311043485215536,0.692922305899338,0.0164459783602613,0.654803387718753,-0.386264021629518,0.663724796792515,0.112094880519952
-1.75345296927093,-0.434253146181123,-0.665770553250127,-1.60263992858041,-0.20333388322975,1.15045006591008,-0.351268314485433,1.50640222847036,1.03540778697068,0.282786404361127,-0.637587671624153
-0.764509659345017,2.6354898495814,0.294953324256449,-1.65220740381573,-0.374867210708202,0.701306514810726,-0.218999676267029,-0.730357954707017,1.21912306953864,-0.785024475952778,-1.06839677161383
-0.963126555198786,1.1662019631785,1.1286013901669,-0.25788406995067,-0.273943987027064,1.8834460147132,0.708351559074159,-0.662576488318664,1.14865977295982,0.201376343978775,-0.368691123909609
-1.3227930261913,1.40646123866581,-1.70519940824362,-1.85379386665843,0.416243361040231,-1.88421581579434,-0.329550015173098,0.893896269134398,-0.490186459848419,0.0359085868081087,0.854676425434876
-0.0973494843844555,1.72949539802225,0.0421580144685651,-0.899692645892613,-0.312061781147053,-0.770531561486685,-0.529947665055767,0.249862099450964,-0.573532549113306,-1.17183159254263,-1.04254611619295
-1.09861651621246,0.0632477630357013,1.12263787771229,-0.0128505429419105,-0.998503624372156,0.579736884414754,0.544842613730851,-0.0588107536666611,-0.34577033723658,-0.902700811499844,-0.523453443141156
-1.42951719575706,0.778657076431333,0.108245019166158,-0.746723342355574,-0.44581466431101,0.331202273444193,0.885582124880879,-0.00921718734564199,0.309717952153159,1.47767818394507,1.09187456908918
0.0388911267828217,2.6220677950155,0.396188295077007,-1.57274306008347,0.0306656444257002,-0.704711278219362,0.618657084597152,1.38055535689391,0.318896601366369,-1.5604000797989,-0.331351154679097
-0.533032079074437,-0.918727400440792,1.17451688244506,1.12940218037629,-1.4426179546824,0.602540904595479,-0.360052795706386,-0.331317374158645,-1.98194852957113,0.90375745309736,-0.0299245322453052
-0.936303181600023,0.0192618290980551,0.33888219495148,-1.58687125638016,0.256034851442891,-1.59587759343983,1.47769258620809,2.44338251289402,0.676539446418462,-0.8242783554084,-1.13862965757933
-1.11233073060716,0.8966333048774,0.00679917141027879,-1.17201371371112,1.09308035023593,-0.615317049559518,-1.67695883771221,-0.334057619713063,0.971260757930935,0.520232234889096,0.501910990986976
-3.28432708937275,-2.46320205478405,1.52927391787147,0.257419405403988,0.430034363244121,1.53926260542214,1.27005721256576,-0.961928413576708,-0.133059698236618,0.0354165293055286,-1.43746154944192
-1.36055965701623,0.261233458422868,0.412101839575649,-0.819118816088446,0.715023005641663,0.897127831454718,-1.41470355205445,-0.385388628875932,0.69993481020959,0.286336027229594,-0.377795101266217
-2.47088724722252,0.657018580096237,-0.964870723998451,-0.747871780201415,-1.21277413266638,-0.55153681333911,0.488017195320612,-1.43433332939432,0.976703904180103,-1.25950987833725,0.637621865712487
-1.83525988535844,-2.05121837504349,0.530517792308736,1.06219227151856,0.185435428746234,-1.60937431622363,1.39442120169729,-0.0623394356028849,-1.40129767598597,0.213121316329998,0.106127438861894
-2.06882080579119,-0.0564457388858604,-2.1305221978606,-1.34525191209232,-0.0807282217239195,-1.05380337762933,-0.580633042402393,0.589108001517166,1.03055913233465,-0.317362244476718,0.755182713752664
-1.85632665299036,-0.774297826429595,-0.229119130525816,-0.493455024059006,-1.32575349823986,0.487571428799692,0.595617656122932,0.367650279482926,0.639118040273437,-0.315530301014766,-0.395283863216432
-4.23607987528807,-1.47280158857626,0.0978337696230899,-1.63150169138732,2.4722665271948,-1.5277335952611,-0.161538893524507,-0.84872721828096,-0.401428486522178,0.418382468692149,0.733022658281621
-2.69915454990915,-0.997519410682218,-0.473946891742573,-1.23274451262212,1.33220652258842,-0.242741141890984,-0.159788799241774,-0.623990618060821,-0.976173962745239,1.03843763812498,-2.04246554959633
-1.80790311782665,0.0745578896231349,0.744015966090673,-1.50875363024989,-0.720879795415563,-0.841397189865565,0.776690227313958,0.356343747173494,-0.629409143303435,-0.742392764259148,-1.40092048339036
-3.22650780140817,0.0525640104346192,-0.658054786276066,-0.99193499004035,0.828603557034916,0.378453299780524,1.33859787404767,-1.11513592890939,-2.40986372285895,-0.575362054280743,-1.41040034938863
-3.07858094526963,0.895764396542763,0.167054908359068,-2.77471138662662,1.07980510869424,0.342249325234947,0.208895066963421,0.232748761095595,0.860283837507188,0.593504956258142,0.926963839758973
-3.60254529977576,-1.69809148092636,-0.716160014832782,-0.605402738625407,0.0577550806065195,-0.38282924609476,-0.622263917138352,-1.79608041815265,-0.747692836847632,-0.167057500283796,-0.788974033555329
-2.07991370230169,-1.14251865865198,2.62509514921816,-0.605596290987883,-1.2004569263913,0.748443750547316,-0.92141352413709,-0.725786103546578,0.129045004538589,0.228107179681956,0.0579470221875433
-3.46988277048831,-0.320658181259871,0.760366391095124,-0.919454953410968,0.122065158636509,-1.41405373079847,1.85000564328868,-1.8346949198777,-0.0554972998611383,-0.579358261498376,-0.199362873300598
-4.2061372524471,-2.05690694437567,0.526945043777259,-2.53471005060606,1.96250884879868,-0.0731996248627094,0.350740733823348,1.05909482730926,-0.610101430328792,0.731282380214278,-0.593480672091722
-2.2929249896495,-0.183781425137341,2.17501835123175,-1.90602600980646,-0.222978096879451,0.472775078806447,-0.431213350098275,-0.213424892178308,-0.146794423372958,-0.093211481225268,-1.16220522301914
-2.39450371815169,1.47555098813372,0.516508574499743,-2.07841753969133,-0.329261479821839,-0.53629381140232,0.153368473857384,-1.35784067970724,-0.807960133753537,-0.540374409401499,-0.893249839825592
-4.39891494606787,-2.25411076058437,-0.564726513472423,-1.122712431396,0.502320575563339,0.487886364611965,-0.0375200132716207,-0.0359816540177973,-1.20807401728342,-0.154615758638971,1.03928109500549
-4.67135496777955,-0.153007542996808,-0.281831106561096,-2.42889024844115,-1.41411559785538,1.86756935794292,-0.491968469626997,-2.22351156612249,-0.464404228767681,0.200092751289486,-0.0522552160384972
-3.61167757663735,-0.813266183610222,0.58569394984809,-0.632551734290686,1.43790312149235,0.00257530963863403,1.7680130189673,-0.64385114501272,-0.91057699255325,0.300309940789158,1.06609451709437
-2.07056029327934,0.880370211698226,-1.03408540636766,-1.83379825712953,-0.148307563132025,1.14658413870492,-0.198981877293111,-0.134311630914538,-0.206311325450749,0.968546848565192,-0.653625385466733
-3.93702803858609,-2.02360892454051,1.61385761567089,-2.51610826924987,0.612250136977262,0.0197286402604246,0.823893512377997,0.511299126551917,0.480073619117001,0.264714597625915,-1.76084863507347
-2.4934882126542,-1.19402822984313,1.5538605007737,-0.291538298721417,-0.70376972925798,0.0116672509250406,0.753292114433252,-1.31005783492829,-1.07222545155994,1.27431277958209,-0.696741310749642
-3.00247588528792,-0.678521310154884,0.92324404352283,-0.934193728708201,1.11818499256954,1.11447338008611,-1.28934776061184,-1.07098373586134,1.04593522444197,0.479940901294011,1.24223249541253
-1.65490255861423,-0.227991868594901,0.769369821246042,-1.43555218516966,-0.418831254114739,-0.374523614947545,-0.311849951092589,0.166036102292904,-0.264112214837573,-0.0818405491664982,-1.50952468912111
-1.22015727675265,1.91231790506382,-1.24562931208906,-1.24887355702998,0.196312596844938,-0.325532742575101,0.783358083399986,-0.302042514690496,-0.378074153720904,0.960522609154904,-0.0333345898070411
-2.83203841021282,0.134967186987684,0.56810104664673,-1.96611290572532,1.03548880176053,-1.36433195328829,0.179746729281141,-0.429780027781277,0.320802228638259,0.51404924631147,0.498493211977243
-1.63474717241782,0.838928469523682,1.78685719102035,-1.23145339403501,-0.714804907823455,-0.439292711458955,1.5297577225964,0.0647753706373416,-0.52874051385331,0.245474388461953,0.319085318748452
-3.5027272721322,-0.794474762733224,0.227563605479824,-0.532001162230512,0.912297923520161,-0.213567355572425,1.98090883322669,-1.51763243512848,-1.1597251223109,1.00186376943325,-0.32222057585964
-1.54277210363664,0.850657520725834,-0.987422358452603,-1.92733578353157,-0.337480046241596,-0.617986769947915,-1.36443526176626,0.585919840897762,-0.876980269686012,0.272164956279297,0.47644452372722
-3.31888805201653,0.045370920745535,0.582217655365219,-0.796063692024864,-0.344076299080097,-0.749561616180119,0.312812733349941,-2.18501709914507,-2.0317923235779,-0.42555154575488,0.660486432952869
-2.72438938219664,0.461002438854988,0.0582714384303041,-1.86192521267607,-0.132954815460674,0.461567783547308,-0.157584015632032,-0.49474699351071,-0.0980158957858279,-0.171194856092078,-0.0330560435992999
-2.02296069484672,1.13758193912755,0.171863724074683,-0.206849018103076,0.311892566410387,1.00031071698846,0.806382147312085,-2.37691227934021,0.838263734224831,0.778748704677249,-0.130049890438332
-1.72427679526954,-1.4793350263618,1.13006174545756,-1.41047553903656,-2.15353514693745,-0.31452328706227,0.511627970485154,1.31605559256715,-0.119779683189538,0.680813257441061,-1.25455381194425
-1.41840444851021,0.245221513989864,-1.39422034793623,-1.95843051399514,0.27490510518829,-0.815709376699973,-1.1760809427302,0.502521757494721,0.88752391590768,0.555218029877329,-1.49766917693645
-3.23200009318015,-1.78833795329488,0.687948090291397,-0.747892887497345,1.15443898980829,-1.64574982431192,-1.2002986562528,-1.86910826556329,-2.96979779144724,1.94076316463513,-0.474501683188287
-2.67838414310594,0.140322837175076,0.150687974243274,-1.78290562310823,-0.828799394186457,-0.817734643011916,-0.146466820335567,-0.233008340259192,0.306014444565745,-0.301288730357234,1.06343798564486
-2.25761835795893,0.644935766579848,-0.108424138691727,-1.287835573375,-0.258334404210972,-0.268668356415198,-0.626214984589612,-1.40236314890754,2.48216743543952,-0.80738411113692,0.12758340648846
-1.12047394091457,0.82498065591283,0.443784772435046,-0.784586611514811,1.07594497460185,-1.74686482301001,-2.75468513571112,-1.40635379673308,0.0344053424588461,0.769130768069213,1.38984095861696
-1.63381275186985,-2.3658710180758,1.73673285969887,-1.05611788734567,-0.55230982235616,0.0466792587093044,-0.3375717054775,0.891461455479233,0.068838450942754,1.46302358813277,-2.70169685676825
-1.79207791048864,-0.459015315924562,0.317827309142714,-0.556609496477373,-1.06456796367933,-0.210911237253627,0.369360189579205,-0.00913682230319575,-1.5338845559523,1.39375753465329,0.535100325992237
-4.35338806823584,-1.82018040993761,0.935248813481545,-1.93850043787154,-0.801321670517258,0.101741645996222,-0.843488456051142,-1.13989673583175,-1.07540396721356,0.658615974057685,0.441176001717563
-2.22734018323513,0.307978452095976,0.54599595874904,-0.950234825846108,1.07402121235261,-0.00846534213173101,-1.32487251603761,-0.77396298040395,-1.50191408538509,0.487537006241241,1.31522102739281
-3.78649606550241,-0.423289096433398,-1.27816572157072,-0.705583281762928,2.53470099194935,0.386188293980303,0.715948236761025,-1.6390260056887,0.630556195013894,-0.350877701996927,-0.180847494688871
-2.48169179481618,-0.849336935070187,-1.78726747701005,-0.954630257186552,-0.013050516356273,-1.40061995476599,0.235991691428231,-0.614012324775932,0.392492448484782,0.614648482428937,-1.08489337532647
-2.92369217914554,-0.512978991052939,1.03086255924851,-1.14920066625921,1.36261984101426,-1.68913791227796,0.578611456191723,-0.30622832078501,-0.533156166629669,-0.808207632358229,0.606030336278034
-2.63987062334174,-0.622610645702582,0.713902677066377,-0.627065667264314,-0.471609705060302,0.914570213519127,0.0919643264684188,-0.411386469764518,-1.0206552026185,0.445674530553296,0.992904009362756
-1.97388111593543,1.50917937089109,1.06460759126264,-1.20625716061498,-0.763413767400546,0.607733691590423,0.0327616525676006,-1.10678832035118,0.140475663748897,-0.462125881809301,1.14793760415179
-2.69182885959069,-1.21755942008859,0.27132724513421,-0.85572060850343,-0.710773115803481,0.226815302566301,-0.191147281901412,-0.873944586311434,-0.110242566822303,2.65717703196396,0.579103371771874
-4.13081624644826,-0.890262326835618,-0.313382395811679,-0.801662784300972,1.79087143196442,-0.345307282357714,1.10610209297827,-1.4499777484543,0.611261100526503,-0.6487613414151,0.667815412602001
-3.38787209035075,1.86211761536183,-0.428162658316895,-1.73867164360518,-0.288271647890357,0.0401988051732879,0.756188623969097,-2.72540613188841,-1.19472755332429,-0.62513872682004,-0.0159334302395548
